Iteration	Time[s]	Initialization[s]	Left solid domain: opposite functions[s]	Left solid domain: check norms[s]	Left solid domain: check values[s]	Left solid domain: Assembles[s]	Left solid domain: solves[s]	Left solid domain: update and assemble F[s]	Electrolyte domain: opposite functions[s]	Electrolyte domain: check norms[s]	Electrolyte domain: check values[s]	Electrolyte domain: Assembles[s]	Electrolyte domain: solves[s]	Electrolyte domain: update and assemble F[s]	Right solid domain: opposite functions[s]	Right solid domain: check norms[s]	Right solid domain: check values[s]	Right solid domain: Assembles[s]	Right solid domain: solves[s]	Right solid domain: update and assemble F[s]	Self-consistency check[s]	Lithium-plating[s]
1.0	1.1099271887764162	0.0033559799194335938	0.04903388023376465	0.5345330238342285	0.3996756076812744	0.8791325092315674	8.929497718811035	0.6941015720367432	0.1145479679107666	1.1370010375976562	0.8463928699493408	1.8938071727752686	28.546926736831665	1.789198637008667	0.04844403266906738	1.0830812454223633	0.8024039268493652	1.0766270160675049	10.546343803405762	0.8086888790130615	1.6296141147613525	0.0610508918762207
2.0	2.4973361747469363	0.0031249523162841797	0.02129817008972168	0.2556748390197754	0.17065930366516113	0.3693993091583252	4.690119028091431	0.28430986404418945	0.04889321327209473	0.486008882522583	0.36670708656311035	0.8127751350402832	12.709859132766724	0.7435364723205566	0.020864009857177734	0.3868846893310547	0.2902538776397705	0.4312770366668701	7.455626964569092	0.3179304599761963	0.32852721214294434	0.06026291847229004
3.0	4.231597407210087	0.0031938552856445312	0.020818233489990234	0.23279857635498047	0.17329096794128418	0.36867451667785645	4.6928770542144775	0.2824971675872803	0.049340248107910156	0.4869241714477539	0.36573195457458496	0.8088817596435547	12.615411043167114	0.7397348880767822	0.020961999893188477	0.23389649391174316	0.17582988739013672	0.36823415756225586	6.509667634963989	0.25910305976867676	0.32880401611328125	0.06012606620788574
4.0	6.399423947789025	0.003077983856201172	0.02072286605834961	0.23344039916992188	0.1758885383605957	0.36846327781677246	4.700625419616699	0.2824409008026123	0.048895835876464844	0.4943416118621826	0.37004756927490234	0.8099265098571777	12.886964559555054	0.7372739315032959	0.0209810733795166	0.23848676681518555	0.1760096549987793	0.368546724319458	5.465892553329468	0.2666797637939453	0.33043503761291504	0.06235694885253906
5.0	9.109207123512697	0.003206968307495117	0.020856142044067383	0.23463177680969238	0.17519259452819824	0.3724203109741211	4.793670892715454	0.28221964836120605	0.04967999458312988	0.496579647064209	0.3695673942565918	0.812631368637085	13.021331548690796	0.7357196807861328	0.02148580551147461	0.4711930751800537	0.35483765602111816	0.4632449150085449	6.67669677734375	0.3269658088684082	0.33290696144104004	0.06096506118774414
6.0	12.496436093167286	0.003184080123901367	0.020880699157714844	0.23324346542358398	0.17685294151306152	0.37168407440185547	4.847537994384766	0.28313446044921875	0.04915308952331543	0.4975724220275879	0.37096357345581055	0.8126890659332275	13.14193081855774	0.7441692352294922	0.02198505401611328	0.4733545780181885	0.35364246368408203	0.4636077880859375	7.323282241821289	0.32587146759033203	0.3334214687347412	0.06153392791748047
7.0	16.730472305235523	0.0032231807708740234	0.020994901657104492	0.23776936531066895	0.1768040657043457	0.3710823059082031	4.832855939865112	0.28465890884399414	0.04900193214416504	0.49833154678344727	0.3726065158843994	0.8150250911712646	13.751928329467773	0.7506868839263916	0.020601987838745117	0.4762723445892334	0.3530914783477783	0.46506738662719727	6.890586853027344	0.32792019844055176	0.3332998752593994	0.061964988708496094
8.0	22.02301757032082	0.003165006637573242	0.021101951599121094	0.3067467212677002	0.19082212448120117	0.4320402145385742	4.708171367645264	0.3216671943664551	0.04912734031677246	0.5062010288238525	0.381026029586792	0.8134055137634277	13.588846206665039	0.7436275482177734	0.021224021911621094	0.536900520324707	0.45705676078796387	0.46422839164733887	7.546915769577026	0.34645724296569824	0.3360929489135742	0.062072038650512695
9.0	28.638699151677443	0.0032079219818115234	0.027976036071777344	0.3186943531036377	0.23497676849365234	0.494138240814209	5.786123752593994	0.37560343742370605	0.06516170501708984	0.6697309017181396	0.49787282943725586	1.083355188369751	17.848719596862793	1.0377869606018066	0.02810811996459961	0.6375391483306885	0.4748806953430176	0.6177918910980225	9.389135599136353	0.43630313873291016	0.665687084197998	0.06186103820800781
10.0	36.908301128373225	0.003173828125	0.027863025665283203	0.3193793296813965	0.23516178131103516	0.5380752086639404	6.212255477905273	0.3772132396697998	0.06527423858642578	0.6680834293365479	0.5000717639923096	1.0886726379394531	17.972975492477417	0.986037015914917	0.02820420265197754	0.75234055519104	0.5430464744567871	0.6191520690917969	8.897889375686646	0.4623379707336426	0.672443151473999	0.06265115737915039
11.0	47.245303599242945	0.003319978713989258	0.02822422981262207	0.3199434280395508	0.24021601676940918	0.4960970878601074	6.447187662124634	0.3785388469696045	0.0648658275604248	0.6695375442504883	0.5027618408203125	1.082878828048706	17.7903573513031	0.9831352233886719	0.028233051300048828	0.6412122249603271	0.5021228790283203	0.620159387588501	7.896883010864258	0.43734002113342285	0.6718671321868896	0.06203198432922363
12.0	58.344575487007106	0.003278017044067383	0.035581111907958984	0.39614129066467285	0.2986311912536621	0.6221225261688232	7.705595016479492	0.4748227596282959	0.0816648006439209	0.8385145664215088	0.6244714260101318	1.3577213287353516	22.960296154022217	1.2300035953521729	0.03518342971801758	0.8051490783691406	0.6004512310028076	0.7742171287536621	9.764157772064209	0.5473775863647461	1.0134778022766113	0.06313395500183105
13.0	69.44384737477127	0.0031728744506835938	0.027788877487182617	0.3190758228302002	0.2394111156463623	0.4957411289215088	6.456236362457275	0.37545347213745117	0.06557130813598633	0.6678900718688965	0.5016529560089111	1.0927212238311768	18.187349319458008	0.9845371246337891	0.028191089630126953	0.3197753429412842	0.24010753631591797	0.5020754337310791	6.514212608337402	0.3514876365661621	0.6755659580230713	0.06302714347839355
14.0	80.54311926253543	0.0032761096954345703	0.02778482437133789	0.31671953201293945	0.23812627792358398	0.5087392330169678	6.111850261688232	0.3764328956604004	0.06618809700012207	0.6796414852142334	0.5124821662902832	1.0858705043792725	17.909616947174072	0.9903252124786377	0.028020143508911133	0.3237948417663574	0.23905372619628906	0.4951345920562744	6.215141534805298	0.34914278984069824	0.6833651065826416	0.06195211410522461
15.0	91.64239115029959	0.003123044967651367	0.02123570442199707	0.23827385902404785	0.17928743362426758	0.37291860580444336	4.75225830078125	0.28229856491088867	0.049216270446777344	0.5039849281311035	0.3768806457519531	0.8143980503082275	13.614815950393677	0.7341635227203369	0.02075505256652832	0.24418139457702637	0.1814565658569336	0.37139391899108887	5.187163829803467	0.27042365074157715	0.3378415107727051	0.06302022933959961
16.0	102.74166303806375	0.003256082534790039	0.021148681640625	0.2395179271697998	0.18099403381347656	0.3716559410095215	4.998012065887451	0.2848794460296631	0.050147056579589844	0.5055136680603027	0.3770914077758789	0.8149394989013672	13.4433012008667	0.7402238845825195	0.021132946014404297	0.24492883682250977	0.18053054809570312	0.3722951412200928	5.316452264785767	0.264141321182251	0.3395071029663086	0.06298995018005371
17.0	113.84093492582791	0.003175973892211914	0.021044015884399414	0.24033403396606445	0.17955636978149414	0.3724682331085205	5.335690498352051	0.2848238945007324	0.050015926361083984	0.5041544437408447	0.3787391185760498	0.8126430511474609	13.625225305557251	0.7391760349273682	0.021152734756469727	0.24178695678710938	0.18032169342041016	0.3717522621154785	6.928654432296753	0.26172304153442383	0.3420441150665283	0.06330585479736328
18.0	124.94020681359207	0.0032570362091064453	0.02107095718383789	0.25043821334838867	0.1830449104309082	0.3720669746398926	6.790119647979736	0.28451037406921387	0.0493931770324707	0.5053839683532715	0.4006648063659668	0.8157472610473633	13.846468925476074	0.7371826171875	0.022053956985473633	0.2419579029083252	0.18260407447814941	0.3713502883911133	6.655248641967773	0.2614130973815918	0.33933591842651367	0.06274008750915527
19.0	136.03947870135624	0.003153085708618164	0.021151304244995117	0.2423694133758545	0.18172264099121094	0.37316298484802246	5.974916458129883	0.28317975997924805	0.049299001693725586	0.5060079097747803	0.38005757331848145	0.8156430721282959	13.596075773239136	0.7369949817657471	0.02138519287109375	0.24350261688232422	0.18205904960632324	0.37224674224853516	6.623468399047852	0.261580228805542	0.3399021625518799	0.06275701522827148
20.0	147.1387505891204	0.00327301025390625	0.021091699600219727	0.32129883766174316	0.24564504623413086	0.4162425994873047	5.77338981628418	0.334073543548584	0.048915863037109375	0.5275366306304932	0.38042712211608887	0.8336396217346191	13.593772172927856	0.7379186153411865	0.02085089683532715	0.24807310104370117	0.18165206909179688	0.37246251106262207	7.183266878128052	0.2620551586151123	0.33951306343078613	0.06258511543273926
21.0	158.23802247688457	0.0035560131072998047	0.021115541458129883	0.2428441047668457	0.1811678409576416	0.37709760665893555	4.851498126983643	0.28833651542663574	0.04922628402709961	0.5082459449768066	0.3787381649017334	0.8189041614532471	13.665719032287598	0.7393312454223633	0.02077317237854004	0.2456674575805664	0.18059182167053223	0.37182068824768066	6.6300482749938965	0.26271510124206543	0.3397831916809082	0.06333804130554199
22.0	169.33729436464873	0.0032761096954345703	0.02102804183959961	0.24511027336120605	0.18025588989257812	0.3736255168914795	4.9857423305511475	0.2839350700378418	0.04984474182128906	0.5076751708984375	0.3800945281982422	0.8125970363616943	13.695814371109009	0.7336471080780029	0.021813154220581055	0.24420452117919922	0.18148064613342285	0.3713397979736328	5.97749137878418	0.26163744926452637	0.34395408630371094	0.06371402740478516
23.0	180.4365662524129	0.003136873245239258	0.020959854125976562	0.24402189254760742	0.18134093284606934	0.3735349178314209	4.906738996505737	0.2829275131225586	0.0488889217376709	0.5089554786682129	0.3805205821990967	0.8144497871398926	13.641321897506714	0.7406120300292969	0.021303176879882812	0.24381375312805176	0.18195199966430664	0.3721451759338379	6.651710033416748	0.26328611373901367	0.34127020835876465	0.06250977516174316
24.0	191.53583814017705	0.003281116485595703	0.020837068557739258	0.24456000328063965	0.1817641258239746	0.3971877098083496	4.450845003128052	0.2827293872833252	0.04922175407409668	0.5099818706512451	0.3820149898529053	0.8070766925811768	13.382112979888916	0.7439100742340088	0.021140098571777344	0.24792003631591797	0.18272972106933594	0.36992788314819336	5.4013285636901855	0.2632310390472412	0.3434300422668457	0.06358599662780762
25.0	202.6351100279412	0.0031490325927734375	0.0209352970123291	0.24255704879760742	0.1815650463104248	0.3686504364013672	4.555804967880249	0.28150153160095215	0.04905104637145996	0.5094001293182373	0.38145923614501953	0.8098413944244385	13.29732060432434	0.7423794269561768	0.020957231521606445	0.24738574028015137	0.18405699729919434	0.3666825294494629	6.00700044631958	0.26535511016845703	0.3437061309814453	0.06351494789123535
26.0	213.73438191570537	0.0033159255981445312	0.021512985229492188	0.24547266960144043	0.18143033981323242	0.3682413101196289	4.808101654052734	0.2821156978607178	0.04870295524597168	0.5711588859558105	0.40612101554870605	0.8079273700714111	13.412806987762451	0.8108549118041992	0.021214962005615234	0.2455129623413086	0.18095111846923828	0.36753177642822266	5.592698097229004	0.2617168426513672	0.34276318550109863	0.06270384788513184
27.0	224.83365380346953	0.0031499862670898438	0.02109503746032715	0.24317598342895508	0.18444395065307617	0.3680129051208496	5.951359033584595	0.28301143646240234	0.049954891204833984	0.5101068019866943	0.3828914165496826	0.8066556453704834	13.355787992477417	0.7399230003356934	0.02171015739440918	0.24584317207336426	0.1829543113708496	0.36748719215393066	6.830197334289551	0.2644326686859131	0.3425869941711426	0.06315183639526367
28.0	235.9329256912337	0.0032699108123779297	0.020973920822143555	0.24524354934692383	0.18165373802185059	0.38902831077575684	4.4227683544158936	0.2829322814941406	0.05046701431274414	0.5120575428009033	0.38146257400512695	0.8089947700500488	13.454622983932495	0.7466115951538086	0.020845890045166016	0.2463064193725586	0.18752789497375488	0.3677866458892822	6.260518312454224	0.262087345123291	0.34428977966308594	0.06319212913513184
29.0	247.03219757899785	0.003142118453979492	0.021098852157592773	0.24393010139465332	0.1817460060119629	0.3681528568267822	5.3018574714660645	0.2828793525695801	0.04975581169128418	0.5113005638122559	0.38147568702697754	0.8091354370117188	13.178348302841187	0.7401602268218994	0.021425485610961914	0.24600601196289062	0.18323588371276855	0.37626075744628906	5.692394971847534	0.2610290050506592	0.34617018699645996	0.06390118598937988
30.0	258.13146946676204	0.0032830238342285156	0.021320819854736328	0.2452831268310547	0.18422627449035645	0.36783933639526367	5.379995346069336	0.2816429138183594	0.04973292350769043	0.5099010467529297	0.3826448917388916	0.8116121292114258	13.455488681793213	0.7391171455383301	0.021091222763061523	0.24830412864685059	0.18388724327087402	0.3678114414215088	4.971649646759033	0.2642369270324707	0.343306303024292	0.06322193145751953
31.0	269.23074135452623	0.003133058547973633	0.02117919921875	0.24360108375549316	0.18253850936889648	0.367948055267334	4.523677825927734	0.3511190414428711	0.0501551628112793	0.5191731452941895	0.3825838565826416	0.8093841075897217	13.228132724761963	0.741185188293457	0.021770954132080078	0.2463855743408203	0.18207287788391113	0.3727695941925049	4.9941606521606445	0.2618293762207031	0.3439209461212158	0.06371092796325684
32.0	280.3300132422904	0.003309011459350586	0.02102518081665039	0.24772381782531738	0.1833503246307373	0.3916056156158447	4.565581321716309	0.28201913833618164	0.05018281936645508	0.5197834968566895	0.383603572845459	0.8094544410705566	13.315137386322021	0.7401371002197266	0.02117919921875	0.2480635643005371	0.18271780014038086	0.3688070774078369	4.996830940246582	0.2643263339996338	0.3465311527252197	0.06346392631530762
33.0	291.4292851300546	0.0031502246856689453	0.0214231014251709	0.24739575386047363	0.18390488624572754	0.3676028251647949	5.549705982208252	0.2828223705291748	0.05025982856750488	0.5109539031982422	0.3835737705230713	0.8087077140808105	14.435132265090942	0.7987785339355469	0.021618127822875977	0.24788284301757812	0.18327832221984863	0.367983341217041	6.5048956871032715	0.2693288326263428	0.34352993965148926	0.06407308578491211
34.0	302.5285570178188	0.0032880306243896484	0.021352052688598633	0.2454519271850586	0.18201112747192383	0.3863191604614258	5.761615514755249	0.2819795608520508	0.04930424690246582	0.5118513107299805	0.3854403495788574	0.8080508708953857	13.64937424659729	0.7363908290863037	0.021307706832885742	0.24948620796203613	0.18319153785705566	0.3675343990325928	5.607473373413086	0.26230931282043457	0.3446221351623535	0.06379318237304688
35.0	313.627828905583	0.003201007843017578	0.021082162857055664	0.25125932693481445	0.18553757667541504	0.36836957931518555	4.647525072097778	0.2858130931854248	0.04958605766296387	0.5119884014129639	0.3834376335144043	0.8104376792907715	13.601085901260376	0.7391800880432129	0.021615028381347656	0.24793791770935059	0.18604302406311035	0.3681480884552002	5.080812454223633	0.2663297653198242	0.34796714782714844	0.0633399486541748
36.0	324.7271007933472	0.0033059120178222656	0.022123098373413086	0.24560141563415527	0.18177390098571777	0.3683323860168457	4.740092039108276	0.2823173999786377	0.0501561164855957	0.5139822959899902	0.383481502532959	0.8089182376861572	13.658141136169434	0.7365961074829102	0.021479368209838867	0.24836325645446777	0.18336105346679688	0.3678112030029297	4.860022068023682	0.26260828971862793	0.3465132713317871	0.06396484375
37.0	335.82637268111137	0.0031359195709228516	0.021491527557373047	0.24601459503173828	0.18348217010498047	0.40622377395629883	4.237887144088745	0.2854959964752197	0.05027484893798828	0.5163280963897705	0.3852982521057129	0.8079371452331543	13.24788761138916	0.7466011047363281	0.021498918533325195	0.24813270568847656	0.18390536308288574	0.36797618865966797	4.984995365142822	0.26375865936279297	0.34721875190734863	0.06429910659790039
38.0	346.92564456887555	0.003278970718383789	0.02198195457458496	0.24468517303466797	0.18150854110717773	0.3777732849121094	4.417914867401123	0.28127050399780273	0.05134296417236328	0.5124330520629883	0.3841981887817383	0.809899091720581	13.539456605911255	0.7368261814117432	0.021450042724609375	0.2491450309753418	0.1844160556793213	0.39189672470092773	4.207081317901611	0.2615692615509033	0.3489670753479004	0.06469392776489258
39.0	358.02491645663974	0.003155946731567383	0.021613359451293945	0.24693942070007324	0.18273377418518066	0.3692140579223633	4.399417400360107	0.28216981887817383	0.04955887794494629	0.522794246673584	0.38638854026794434	0.8106503486633301	13.24967622756958	0.7363998889923096	0.02141880989074707	0.24835944175720215	0.18509888648986816	0.36829137802124023	4.458908319473267	0.28545117378234863	0.3479738235473633	0.06375813484191895
40.0	369.12418834440393	0.0031499862670898438	0.02136397361755371	0.24855804443359375	0.18317675590515137	0.3681168556213379	4.364742994308472	0.2826700210571289	0.05059218406677246	0.5154242515563965	0.38509082794189453	0.808269739151001	13.57236623764038	0.7389383316040039	0.02155900001525879	0.24579715728759766	0.18403887748718262	0.36869239807128906	4.63350510597229	0.26398253440856934	0.3473649024963379	0.06320500373840332
41.0	380.2234602321681	0.0039010047912597656	0.021567106246948242	0.24664807319641113	0.1847693920135498	0.36891913414001465	5.283283233642578	0.2824993133544922	0.0506749153137207	0.5162198543548584	0.3851890563964844	0.8088414669036865	13.251061916351318	0.7426717281341553	0.021394014358520508	0.2481992244720459	0.1836709976196289	0.368283748626709	4.309967994689941	0.26270174980163574	0.35025596618652344	0.06482481956481934
42.0	391.3227321199323	0.003283977508544922	0.0221710205078125	0.24957895278930664	0.18553423881530762	0.37911295890808105	5.369425296783447	0.3025081157684326	0.049442291259765625	0.5161528587341309	0.3870551586151123	0.8102095127105713	13.224634647369385	0.7475454807281494	0.02165985107421875	0.24863553047180176	0.18460440635681152	0.3680143356323242	4.408556222915649	0.2626030445098877	0.3464789390563965	0.06381392478942871
43.0	402.4220040076965	0.0031452178955078125	0.021754026412963867	0.24630093574523926	0.183197021484375	0.3684368133544922	4.473968267440796	0.2830507755279541	0.04984021186828613	0.5136144161224365	0.38502001762390137	0.8102071285247803	13.211275339126587	0.7503998279571533	0.021500110626220703	0.25080275535583496	0.18535447120666504	0.3684120178222656	4.309101104736328	0.2627708911895752	0.3456728458404541	0.06412506103515625
44.0	413.5212758954607	0.0032758712768554688	0.021999835968017578	0.26251888275146484	0.18976044654846191	0.3724541664123535	4.579423427581787	0.2871365547180176	0.05035972595214844	0.5150377750396729	0.3867778778076172	0.8090963363647461	13.053242444992065	0.7492218017578125	0.022294044494628906	0.24905753135681152	0.18404078483581543	0.38442349433898926	4.344415187835693	0.29317307472229004	0.34542202949523926	0.06494307518005371
45.0	424.6205477832249	0.0031681060791015625	0.02132725715637207	0.2481071949005127	0.18314218521118164	0.36812710762023926	4.500448942184448	0.2818479537963867	0.04960775375366211	0.5619339942932129	0.3943791389465332	0.8099949359893799	13.316145658493042	0.7386479377746582	0.02120685577392578	0.2515413761138916	0.18539786338806152	0.36830925941467285	4.32973837852478	0.2629702091217041	0.34526586532592773	0.06404995918273926
46.0	435.71981967098907	0.0032958984375	0.02127814292907715	0.2466738224029541	0.1854236125946045	0.36847496032714844	5.715160608291626	0.28354477882385254	0.04989194869995117	0.5174307823181152	0.3876917362213135	0.8260650634765625	12.902906656265259	0.7396583557128906	0.021132946014404297	0.25075721740722656	0.18446755409240723	0.3684988021850586	4.511033058166504	0.26285624504089355	0.34716081619262695	0.06605005264282227
47.0	446.81909155875326	0.003156900405883789	0.035292863845825195	0.248551607131958	0.18504786491394043	0.36879897117614746	4.428138971328735	0.28381991386413574	0.049320220947265625	0.5153491497039795	0.42801976203918457	0.809999942779541	13.114027500152588	0.7385270595550537	0.02124190330505371	0.24865508079528809	0.1868903636932373	0.3680551052093506	4.341629505157471	0.2627084255218506	0.34690022468566895	0.06414294242858887
48.0	457.91836344651745	0.003287076950073242	0.021432876586914062	0.2485501766204834	0.1839618682861328	0.3683743476867676	4.370258331298828	0.28243517875671387	0.062354087829589844	0.5143914222717285	0.3896021842956543	0.8203649520874023	13.652559995651245	0.8167757987976074	0.02117300033569336	0.28792262077331543	0.21149230003356934	0.39345836639404297	4.72275972366333	0.26808643341064453	0.3487567901611328	0.0638730525970459
49.0	469.01763533428164	0.003158092498779297	0.021820068359375	0.248640775680542	0.18579530715942383	0.3685789108276367	4.952587127685547	0.28357505798339844	0.05071425437927246	0.5166435241699219	0.38884687423706055	0.8089437484741211	13.242323637008667	0.7391219139099121	0.02134990692138672	0.24996232986450195	0.1859147548675537	0.36887192726135254	4.579306364059448	0.26493048667907715	0.34700894355773926	0.14945507049560547
50.0	480.1169072220458	0.003287076950073242	0.021736860275268555	0.2494523525238037	0.1838359832763672	0.3688366413116455	4.369187831878662	0.28405094146728516	0.05045890808105469	0.5165431499481201	0.38698911666870117	0.8122782707214355	13.280399322509766	0.7396798133850098	0.02145218849182129	0.2521224021911621	0.18769264221191406	0.36861205101013184	4.788523197174072	0.26366400718688965	0.3525698184967041	0.06418395042419434
51.0	491.21617910981	0.003159046173095703	0.020982027053833008	0.24692082405090332	0.18290305137634277	0.36951279640197754	4.603935241699219	0.2828662395477295	0.04982304573059082	0.5135796070098877	0.38692641258239746	0.8092436790466309	13.594005107879639	0.7853598594665527	0.021374940872192383	0.24910879135131836	0.18637561798095703	0.36823105812072754	4.367096662521362	0.26439976692199707	0.34667491912841797	0.06473398208618164
52.0	502.3154509975742	0.0032830238342285156	0.021204710006713867	0.2501547336578369	0.18445038795471191	0.36894679069519043	4.396905422210693	0.28257298469543457	0.04976010322570801	0.5195848941802979	0.3888680934906006	0.8106033802032471	13.364638090133667	0.7416326999664307	0.02147984504699707	0.25161218643188477	0.18621182441711426	0.3680710792541504	4.643760919570923	0.26378417015075684	0.34900808334350586	0.0646049976348877
53.0	513.4147228853384	0.003155946731567383	0.02111530303955078	0.24819493293762207	0.1838669776916504	0.3680713176727295	4.578577995300293	0.2821235656738281	0.04940199851989746	0.5416619777679443	0.38819074630737305	0.809833288192749	13.685755729675293	0.7378699779510498	0.021434783935546875	0.25097203254699707	0.18807005882263184	0.3683280944824219	4.476061105728149	0.2648200988769531	0.34914398193359375	0.06499409675598145
54.0	524.5139947731026	0.0032930374145507812	0.021651029586791992	0.24996042251586914	0.18536925315856934	0.3687272071838379	4.267676591873169	0.2833871841430664	0.04995989799499512	0.5166208744049072	0.38855791091918945	0.8100075721740723	13.64513897895813	0.7387242317199707	0.021477937698364258	0.2503368854522705	0.18488526344299316	0.3680849075317383	4.396790504455566	0.26248598098754883	0.3496873378753662	0.0651099681854248
55.0	535.6132666608668	0.0031599998474121094	0.02819681167602539	0.33582329750061035	0.246964693069458	0.49314451217651367	5.8375513553619385	0.37661314010620117	0.0662686824798584	0.6940300464630127	0.6395409107208252	1.0843133926391602	17.63933539390564	0.9826107025146484	0.02823805809020996	0.3341667652130127	0.24923157691955566	0.4914052486419678	5.862165451049805	0.3499412536621094	0.7002480030059814	0.06449389457702637
56.0	546.712538548631	0.0032868385314941406	0.028197765350341797	0.3296670913696289	0.24747920036315918	0.4942350387573242	5.685520887374878	0.37564897537231445	0.06603217124938965	0.6931023597717285	0.5168511867523193	1.0851800441741943	17.658713817596436	0.9825911521911621	0.028372764587402344	0.33711791038513184	0.24967002868652344	0.4916675090789795	6.015422821044922	0.3505392074584961	0.7001299858093262	0.06458401679992676
57.0	557.8118104363951	0.0031549930572509766	0.028116464614868164	0.3329043388366699	0.2476646900177002	0.5044074058532715	6.504522085189819	0.37593722343444824	0.06580185890197754	0.700359582901001	0.5184550285339355	1.0826749801635742	18.45476460456848	0.9891705513000488	0.028259992599487305	0.33499574661254883	0.2512812614440918	0.4926159381866455	5.957003116607666	0.35132765769958496	0.6997439861297607	0.06395888328552246
58.0	568.9110823241593	0.0033109188079833984	0.028476476669311523	0.33149170875549316	0.24733543395996094	0.49216485023498535	6.034963607788086	0.3826785087585449	0.06618833541870117	0.6999223232269287	0.5242719650268555	1.0818018913269043	17.898427963256836	0.9860708713531494	0.028472185134887695	0.33457493782043457	0.24952483177185059	0.4919614791870117	5.930336236953735	0.34887099266052246	0.6987960338592529	0.0646510124206543
59.0	580.0103542119235	0.0031919479370117188	0.028264284133911133	0.33399486541748047	0.24873781204223633	0.4927511215209961	5.882517099380493	0.3773212432861328	0.06627273559570312	0.6924374103546143	0.5195183753967285	1.0831165313720703	18.037503242492676	0.9858789443969727	0.02901625633239746	0.33553481101989746	0.25023627281188965	0.49203968048095703	5.876784086227417	0.3504185676574707	0.700671911239624	0.06493592262268066
60.0	591.1096260996877	0.0032949447631835938	0.02857518196105957	0.33454012870788574	0.24588441848754883	0.49221277236938477	5.779988050460815	0.3763091564178467	0.065673828125	0.6936225891113281	0.518064022064209	1.0842618942260742	17.667799949645996	0.9881236553192139	0.028789043426513672	0.33493828773498535	0.24777436256408691	0.49298095703125	5.995192289352417	0.35214829444885254	0.7015902996063232	0.06469202041625977
61.0	602.2088979874519	0.003712892532348633	0.028197288513183594	0.333420991897583	0.24766230583190918	0.4917480945587158	6.838176727294922	0.3774862289428711	0.06669306755065918	0.6946685314178467	0.520880937576294	1.0802674293518066	17.775630474090576	0.9900355339050293	0.02890324592590332	0.34318995475769043	0.2510862350463867	0.5144467353820801	6.6235668659210205	0.4020993709564209	0.7036280632019043	0.06469297409057617
62.0	613.3081698752161	0.0031709671020507812	0.028680086135864258	0.33319997787475586	0.24873733520507812	0.49276089668273926	5.7138352394104	0.3769245147705078	0.06666064262390137	0.6960935592651367	0.5205082893371582	1.0943725109100342	17.861656188964844	0.9869039058685303	0.028438806533813477	0.33734703063964844	0.2500467300415039	0.4944179058074951	5.970969915390015	0.35036468505859375	0.7028219699859619	0.06419110298156738
63.0	624.4074417629803	0.0032911300659179688	0.028931617736816406	0.3438584804534912	0.2590062618255615	0.49807190895080566	5.843910217285156	0.38150715827941895	0.06677126884460449	0.6975257396697998	0.5240752696990967	1.0818095207214355	17.938981294631958	0.9882957935333252	0.029165983200073242	0.3376033306121826	0.2501101493835449	0.49330782890319824	6.042604446411133	0.35010361671447754	0.7033820152282715	0.06558990478515625
64.0	635.5067136507445	0.0031528472900390625	0.029045820236206055	0.3435399532318115	0.2543983459472656	0.4925551414489746	5.715655565261841	0.3819007873535156	0.07806992530822754	0.696082592010498	0.5206043720245361	1.0802311897277832	18.235389471054077	0.981696367263794	0.02922201156616211	0.4170835018157959	0.3149750232696533	0.4927060604095459	6.0359392166137695	0.3498678207397461	0.7023251056671143	0.06458902359008789
65.0	646.6059855385087	0.003292083740234375	0.029066801071166992	0.335890531539917	0.24767661094665527	0.5180468559265137	6.004425287246704	0.3777344226837158	0.06621098518371582	0.82126784324646	0.5220248699188232	1.0820794105529785	17.792546033859253	1.0201747417449951	0.028789281845092773	0.3358139991760254	0.25095081329345703	0.4936192035675049	6.077113151550293	0.3491551876068115	0.7015089988708496	0.0658118724822998
66.0	657.7052574262729	0.0031630992889404297	0.0287628173828125	0.3341042995452881	0.24793338775634766	0.49388575553894043	5.840226173400879	0.40157198905944824	0.06532073020935059	0.6979825496673584	0.5216948986053467	1.082512378692627	17.857208490371704	0.9927651882171631	0.028574228286743164	0.33797669410705566	0.25158166885375977	0.5158579349517822	6.112335205078125	0.3558187484741211	0.7017762660980225	0.0651698112487793
67.0	668.804529314037	0.003289937973022461	0.02857685089111328	0.3363380432128906	0.24818897247314453	0.4936211109161377	5.743249893188477	0.3776895999908447	0.06644606590270996	0.7306454181671143	0.5233855247497559	1.081421136856079	17.449105501174927	0.9898817539215088	0.028434038162231445	0.33939123153686523	0.2507796287536621	0.4925980567932129	5.822516918182373	0.3506135940551758	0.7042369842529297	0.06631898880004883
68.0	679.9038012018012	0.0031549930572509766	0.028380870819091797	0.3409233093261719	0.2752723693847656	0.5082623958587646	5.59333062171936	0.3785722255706787	0.06574797630310059	0.6968994140625	0.5213005542755127	1.0840952396392822	17.96972966194153	0.9849622249603271	0.02823472023010254	0.3380749225616455	0.25133705139160156	0.4931752681732178	6.654745101928711	0.3520987033843994	0.7059519290924072	0.0648798942565918
69.0	691.0030730895654	0.003281116485595703	0.028873205184936523	0.3322908878326416	0.2505359649658203	0.4934654235839844	5.493834972381592	0.3748207092285156	0.06612586975097656	0.806088924407959	0.5239791870117188	1.0805635452270508	17.999129056930542	1.0488898754119873	0.027957916259765625	0.337205171585083	0.25119662284851074	0.49323248863220215	6.07101035118103	0.3508608341217041	0.7033329010009766	0.06479501724243164
70.0	702.1023449773296	0.0031859874725341797	0.028484106063842773	0.33429527282714844	0.2474346160888672	0.4925539493560791	5.678076267242432	0.37644410133361816	0.06537103652954102	0.700484037399292	0.5229141712188721	1.1324379444122314	17.965871334075928	0.9831068515777588	0.028246402740478516	0.3952603340148926	0.25144338607788086	0.5222654342651367	7.030002593994141	0.3826162815093994	0.7044990062713623	0.06602597236633301
71.0	713.2016168650938	0.0033080577850341797	0.021686792373657227	0.2511873245239258	0.18876385688781738	0.370739221572876	4.26922607421875	0.2845499515533447	0.050118207931518555	0.5240147113800049	0.3933541774749756	0.8118233680725098	13.909674406051636	0.7366783618927002	0.0210263729095459	0.2547318935394287	0.18785429000854492	0.37082648277282715	4.761089086532593	0.26363611221313477	0.35373377799987793	0.0651710033416748
72.0	724.300888752858	0.003147125244140625	0.021147966384887695	0.24910879135131836	0.18631434440612793	0.37006425857543945	4.732986211776733	0.2823789119720459	0.050049543380737305	0.6052913665771484	0.3952174186706543	0.8175292015075684	14.303312063217163	0.7648367881774902	0.02109694480895996	0.2524912357330322	0.18896770477294922	0.37055301666259766	5.444141387939453	0.261030912399292	0.3541080951690674	0.06390690803527832
73.0	735.4001606406222	0.0032958984375	0.02123403549194336	0.24894070625305176	0.1868729591369629	0.37004637718200684	4.392430305480957	0.2838320732116699	0.050067901611328125	0.5250966548919678	0.3927340507507324	0.8107011318206787	13.388596773147583	0.744060754776001	0.021214962005615234	0.2529153823852539	0.19130396842956543	0.37032103538513184	5.342144012451172	0.26214098930358887	0.3516719341278076	0.06496095657348633
74.0	746.4994325283864	0.0031960010528564453	0.021806716918945312	0.2742140293121338	0.1861581802368164	0.37029147148132324	5.221081495285034	0.31023669242858887	0.04992318153381348	0.521770715713501	0.3910698890686035	0.8125100135803223	13.477434396743774	0.7373275756835938	0.02134108543395996	0.2538621425628662	0.18925881385803223	0.37056708335876465	6.025629043579102	0.2627432346343994	0.35327625274658203	0.0664529800415039
75.0	757.5987044161506	0.003320932388305664	0.021421194076538086	0.2509348392486572	0.1870424747467041	0.37073731422424316	4.907368898391724	0.28532981872558594	0.05007481575012207	0.5256016254425049	0.3920786380767822	0.8310656547546387	13.413484573364258	0.7368578910827637	0.021049022674560547	0.2542905807495117	0.18777084350585938	0.3710012435913086	6.975252389907837	0.2629871368408203	0.35414910316467285	0.0656120777130127
76.0	768.6979763039147	0.0031931400299072266	0.021441221237182617	0.2524733543395996	0.1854090690612793	0.37035346031188965	4.328332424163818	0.28296732902526855	0.04979085922241211	0.5249536037445068	0.3925158977508545	0.8119242191314697	13.462453365325928	0.7391080856323242	0.02145099639892578	0.275038480758667	0.18926286697387695	0.3705921173095703	5.126611232757568	0.26375699043273926	0.3518967628479004	0.0652151107788086
77.0	779.7972481916789	0.0033080577850341797	0.021614789962768555	0.25354480743408203	0.1870133876800537	0.3703320026397705	4.5452880859375	0.28284645080566406	0.04943227767944336	0.5260903835296631	0.393268346786499	0.8122477531433105	13.388202428817749	0.7371370792388916	0.021178007125854492	0.2519102096557617	0.19013309478759766	0.37070345878601074	5.4105613231658936	0.26469874382019043	0.3542599678039551	0.06626701354980469
78.0	790.8965200794431	0.003175020217895508	0.02143406867980957	0.25325989723205566	0.18717622756958008	0.37076640129089355	6.354697227478027	0.2839052677154541	0.05039715766906738	0.5316510200500488	0.39633703231811523	0.8139557838439941	13.584551811218262	0.7402548789978027	0.021554946899414062	0.25391626358032227	0.1878972053527832	0.3705711364746094	6.681402206420898	0.2655062675476074	0.3561389446258545	0.06541609764099121
79.0	801.9957919672073	0.003287076950073242	0.021565675735473633	0.25266599655151367	0.1863236427307129	0.3718442916870117	4.1881654262542725	0.28511595726013184	0.050218820571899414	0.5319015979766846	0.39692044258117676	0.8127989768981934	13.298532485961914	0.7392497062683105	0.0216219425201416	0.25602126121520996	0.18972301483154297	0.370725154876709	4.9818150997161865	0.2638685703277588	0.35253405570983887	0.06547999382019043
80.0	813.0950638549715	0.0031609535217285156	0.028072834014892578	0.3363356590270996	0.2496631145477295	0.49431347846984863	6.71125054359436	0.38997650146484375	0.06679296493530273	0.7013211250305176	0.5244464874267578	1.081575632095337	17.354097843170166	0.9874968528747559	0.02858591079711914	0.33969783782958984	0.25389981269836426	0.49459338188171387	6.723384141921997	0.3510580062866211	0.707078218460083	0.0656120777130127
81.0	824.1943357427357	0.003751993179321289	0.029074907302856445	0.33855247497558594	0.2507474422454834	0.4945671558380127	5.791337490081787	0.37830400466918945	0.06656837463378906	0.7034814357757568	0.5326154232025146	1.083055019378662	17.6073317527771	1.0028414726257324	0.028875112533569336	0.34017443656921387	0.2546064853668213	0.49561095237731934	6.7525646686553955	0.3487224578857422	0.7076189517974854	0.06559491157531738
82.0	835.2936076304999	0.003119945526123047	0.028609037399291992	0.33716630935668945	0.24959516525268555	0.4947233200073242	5.586636066436768	0.3776438236236572	0.06711530685424805	0.6996676921844482	0.5234098434448242	1.1044743061065674	17.343135118484497	0.9926502704620361	0.02886223793029785	0.3430962562561035	0.2515230178833008	0.49410009384155273	6.994714021682739	0.3500332832336426	0.7332439422607422	0.06578397750854492
83.0	846.3928795182641	0.003292083740234375	0.028172016143798828	0.3361635208129883	0.24953031539916992	0.4939844608306885	5.804129123687744	0.38039064407348633	0.0662069320678711	0.7064657211303711	0.5281450748443604	1.0998470783233643	17.78387427330017	0.981605052947998	0.028390169143676758	0.3391280174255371	0.2521195411682129	0.4942038059234619	6.7034752368927	0.35407543182373047	0.7062280178070068	0.0662679672241211
84.0	857.4921514060283	0.0031709671020507812	0.02891683578491211	0.33653855323791504	0.2504003047943115	0.4941442012786865	6.70147442817688	0.3789052963256836	0.06585693359375	0.7128350734710693	0.5256366729736328	1.087110996246338	17.92929744720459	0.99350905418396	0.028945207595825195	0.3397791385650635	0.2537851333618164	0.49528026580810547	6.753269672393799	0.3531501293182373	0.7051188945770264	0.06651902198791504
85.0	868.5914232937924	0.003275156021118164	0.028639793395996094	0.33602070808410645	0.25284767150878906	0.4952518939971924	5.761870384216309	0.3761727809906006	0.0664060115814209	0.7019753456115723	0.5252480506896973	1.0837066173553467	18.84739923477173	1.0178449153900146	0.028393983840942383	0.36928439140319824	0.25369858741760254	0.4952273368835449	6.695388317108154	0.37555527687072754	0.7079768180847168	0.06610417366027832
86.0	879.6906951815566	0.00347900390625	0.028371095657348633	0.33873748779296875	0.25031280517578125	0.4944117069244385	6.394145250320435	0.37598705291748047	0.06637811660766602	0.7073473930358887	0.5306854248046875	1.083636999130249	18.236395597457886	0.9841866493225098	0.028625011444091797	0.33965206146240234	0.251575231552124	0.49532461166381836	6.534447908401489	0.3499941825866699	0.7077009677886963	0.06647586822509766
87.0	890.7899670693208	0.0032949447631835938	0.029252052307128906	0.3385770320892334	0.2495899200439453	0.49886322021484375	5.761683702468872	0.38028812408447266	0.06586098670959473	0.7054593563079834	0.5437891483306885	1.0862858295440674	17.87886619567871	0.9862420558929443	0.028919219970703125	0.3378722667694092	0.25296807289123535	0.4955108165740967	6.571369171142578	0.35294389724731445	0.7326130867004395	0.06552815437316895
88.0	901.889238957085	0.0032150745391845703	0.0286562442779541	0.3364863395690918	0.25031352043151855	0.4948251247406006	6.478835582733154	0.37889909744262695	0.06867122650146484	0.7057960033416748	0.5275347232818604	1.0844027996063232	18.104029178619385	0.9827320575714111	0.02856278419494629	0.3487894535064697	0.25667667388916016	0.4952092170715332	6.666801452636719	0.3507065773010254	0.7096633911132812	0.06634092330932617
89.0	912.9885108448492	0.003283977508544922	0.028491735458374023	0.33541107177734375	0.2544116973876953	0.4949004650115967	5.72568154335022	0.37682008743286133	0.0665578842163086	0.705613374710083	0.5267565250396729	1.119654655456543	18.241546869277954	0.991070032119751	0.02887725830078125	0.3421335220336914	0.2542142868041992	0.4954965114593506	6.338659763336182	0.3506796360015869	0.7062947750091553	0.06518387794494629
90.0	924.0877827326134	0.003186941146850586	0.028255939483642578	0.33847975730895996	0.24977517127990723	0.49704599380493164	5.670593023300171	0.37651872634887695	0.06735086441040039	0.7059962749481201	0.526665449142456	1.0839393138885498	17.840551614761353	0.9878172874450684	0.029211997985839844	0.3384244441986084	0.25105905532836914	0.4952726364135742	5.889835834503174	0.3511643409729004	0.7095797061920166	0.0657050609588623
91.0	935.1870546203776	0.0033080577850341797	0.028833389282226562	0.3381073474884033	0.249708890914917	0.4956521987915039	6.876347780227661	0.3775513172149658	0.0664362907409668	0.704268217086792	0.5265171527862549	1.086069107055664	18.027148723602295	0.9871056079864502	0.02914285659790039	0.34063220024108887	0.25371503829956055	0.49566173553466797	6.099741220474243	0.35297703742980957	0.7080631256103516	0.0657038688659668
92.0	946.2863265081418	0.003175973892211914	0.028607845306396484	0.3371701240539551	0.25290727615356445	0.5230793952941895	6.831115007400513	0.3768000602722168	0.06693601608276367	0.7060091495513916	0.5290110111236572	1.0852506160736084	17.36883282661438	0.9901652336120605	0.028558969497680664	0.34131932258605957	0.2533071041107178	0.4960007667541504	5.676311492919922	0.349637508392334	0.70924973487854	0.06644606590270996
93.0	957.385598395906	0.0033071041107177734	0.028702259063720703	0.3391685485839844	0.25041770935058594	0.4950747489929199	6.078618049621582	0.37688684463500977	0.06663894653320312	0.7139010429382324	0.5271587371826172	1.084610939025879	17.709229469299316	0.9898335933685303	0.028705120086669922	0.339998722076416	0.2513747215270996	0.4947397708892822	5.683581113815308	0.35198187828063965	0.7088499069213867	0.06555318832397461
94.0	968.4848702836701	0.003164052963256836	0.021020889282226562	0.25189733505249023	0.18709683418273926	0.38831114768981934	5.107305288314819	0.28145575523376465	0.049524784088134766	0.5311756134033203	0.3992798328399658	0.8136453628540039	13.154537439346313	0.7537562847137451	0.021368980407714844	0.2550771236419678	0.1893448829650879	0.3714635372161865	4.4104695320129395	0.2628903388977051	0.35501909255981445	0.06679010391235352
95.0	979.5841421714343	0.0033371448516845703	0.02094888687133789	0.253612756729126	0.18943548202514648	0.37850522994995117	4.345087289810181	0.2823903560638428	0.05003499984741211	0.5282130241394043	0.39435863494873047	0.8132398128509521	13.493146896362305	0.7494518756866455	0.021322250366210938	0.2559473514556885	0.19064569473266602	0.3757333755493164	4.334753513336182	0.2629585266113281	0.3554866313934326	0.06508708000183105
96.0	990.6834140591985	0.0031890869140625	0.021207809448242188	0.2527742385864258	0.18684077262878418	0.3719756603240967	5.378713607788086	0.28272414207458496	0.05037212371826172	0.5299210548400879	0.4010183811187744	0.8142149448394775	13.068504571914673	0.7410697937011719	0.02163219451904297	0.2536342144012451	0.19078326225280762	0.3715791702270508	4.709904193878174	0.2628159523010254	0.3549027442932129	0.06514310836791992
97.0	1001.7826859469627	0.0033190250396728516	0.021480083465576172	0.25198912620544434	0.18741488456726074	0.37242865562438965	4.531294822692871	0.28353095054626465	0.04985308647155762	0.5287704467773438	0.3959386348724365	0.8339323997497559	14.734375476837158	0.805933952331543	0.021405935287475586	0.2559545040130615	0.1898670196533203	0.3713817596435547	4.443644046783447	0.26322150230407715	0.35712718963623047	0.06585502624511719
98.0	1012.8819578347269	0.003214120864868164	0.021274089813232422	0.2514834403991699	0.19019246101379395	0.37178540229797363	5.733615875244141	0.2846231460571289	0.050421953201293945	0.5475788116455078	0.4024343490600586	0.814058780670166	13.284571886062622	0.7513341903686523	0.021988868713378906	0.2569699287414551	0.18934226036071777	0.37345337867736816	4.499699115753174	0.2653987407684326	0.35617613792419434	0.06637406349182129
99.0	1023.9812297224911	0.0032978057861328125	0.02147197723388672	0.25333237648010254	0.18683910369873047	0.3712947368621826	5.918568849563599	0.28219127655029297	0.04909539222717285	0.5312051773071289	0.3957066535949707	0.8137121200561523	13.06189227104187	0.7443797588348389	0.02147388458251953	0.25589776039123535	0.18918371200561523	0.3722965717315674	4.526704788208008	0.263120174407959	0.3542938232421875	0.06614398956298828
100.0	1035.0805016102552	0.003165006637573242	0.02117133140563965	0.25299978256225586	0.1868913173675537	0.3721942901611328	5.94130802154541	0.2827906608581543	0.04999279975891113	0.5294382572174072	0.39529991149902344	0.8278448581695557	13.472375631332397	0.7515578269958496	0.021483182907104492	0.257831335067749	0.1889040470123291	0.3716425895690918	4.4195263385772705	0.26252102851867676	0.3547201156616211	0.06518697738647461
101.0	1046.1797734980194	0.0034220218658447266	0.021220922470092773	0.2535390853881836	0.18729424476623535	0.3718254566192627	6.253790855407715	0.28218698501586914	0.050669193267822266	0.5335845947265625	0.3993489742279053	0.8212563991546631	13.445834875106812	0.7391347885131836	0.021325111389160156	0.25458621978759766	0.18889164924621582	0.37260961532592773	4.394460916519165	0.26540303230285645	0.3531501293182373	0.06532502174377441
102.0	1057.2790453857835	0.003142118453979492	0.02087998390197754	0.2550499439239502	0.18935489654541016	0.38838958740234375	5.4780566692352295	0.28264808654785156	0.04933905601501465	0.5337860584259033	0.39871668815612793	0.8120236396789551	13.42283010482788	0.7415494918823242	0.02145838737487793	0.25684595108032227	0.19020342826843262	0.3720722198486328	4.366174697875977	0.2623281478881836	0.3690369129180908	0.06640195846557617
103.0	1068.3783172735477	0.0033180713653564453	0.022122859954833984	0.25461673736572266	0.1883242130279541	0.371535062789917	4.535425901412964	0.283066987991333	0.05132484436035156	0.5452561378479004	0.41196274757385254	0.8127660751342773	13.286998510360718	0.7419595718383789	0.021358013153076172	0.2549302577972412	0.1915283203125	0.37247586250305176	4.546443223953247	0.26897311210632324	0.3540041446685791	0.06562495231628418
104.0	1079.477589161312	0.0031709671020507812	0.02123403549194336	0.2553527355194092	0.18782734870910645	0.37237095832824707	6.141820669174194	0.2826077938079834	0.05057692527770996	0.531395435333252	0.3977324962615967	0.8169751167297363	13.136716842651367	0.7373197078704834	0.022093772888183594	0.2561166286468506	0.18916678428649902	0.37285757064819336	4.328952074050903	0.263369083404541	0.3574800491333008	0.06550312042236328
105.0	1090.5768610490761	0.003304004669189453	0.02095627784729004	0.25339818000793457	0.18837428092956543	0.39317822456359863	5.934601306915283	0.28377676010131836	0.05034232139587402	0.5362913608551025	0.4018557071685791	0.8138799667358398	13.018788576126099	0.7377829551696777	0.021724939346313477	0.2557241916656494	0.19199848175048828	0.37601208686828613	4.783211708068848	0.2621798515319824	0.3556368350982666	0.06764602661132812
106.0	1101.6761329368403	0.0031409263610839844	0.02089405059814453	0.25538182258605957	0.18999028205871582	0.3724243640899658	4.979826211929321	0.2833538055419922	0.050029754638671875	0.5320305824279785	0.3975071907043457	0.8139469623565674	13.478099822998047	0.7276122570037842	0.021481037139892578	0.2572031021118164	0.1914372444152832	0.37296605110168457	4.514414072036743	0.26347994804382324	0.35814499855041504	0.06743907928466797
107.0	1112.7754048246045	0.003331899642944336	0.02124762535095215	0.2550501823425293	0.18845224380493164	0.3743009567260742	5.259469985961914	0.28373146057128906	0.049514055252075195	0.5316376686096191	0.39603137969970703	0.8144772052764893	13.218209981918335	0.7351698875427246	0.021283388137817383	0.2551133632659912	0.1905519962310791	0.3717930316925049	4.8288490772247314	0.26471757888793945	0.35962414741516113	0.06581687927246094
108.0	1123.8746767123687	0.0031528472900390625	0.021113872528076172	0.25463199615478516	0.1892240047454834	0.37280988693237305	5.704172372817993	0.2835235595703125	0.04956197738647461	0.5304532051086426	0.3990657329559326	0.8155472278594971	13.299151420593262	0.8253746032714844	0.021636962890625	0.256119966506958	0.18898677825927734	0.37250757217407227	4.477473020553589	0.2639172077178955	0.3565828800201416	0.06571197509765625
109.0	1134.9739486001329	0.0033249855041503906	0.02127218246459961	0.25539398193359375	0.18853473663330078	0.3721890449523926	6.005258083343506	0.28203630447387695	0.050230979919433594	0.5315675735473633	0.3982107639312744	0.8140265941619873	13.19932508468628	0.7360250949859619	0.021201610565185547	0.2550010681152344	0.19028472900390625	0.3723764419555664	4.390580177307129	0.26176905632019043	0.35871315002441406	0.06679105758666992
110.0	1146.073220487897	0.0031769275665283203	0.0216372013092041	0.25431132316589355	0.18870162963867188	0.37264490127563477	5.473599433898926	0.2819938659667969	0.04956197738647461	0.5335352420806885	0.39876818656921387	0.8171372413635254	13.062197923660278	0.727747917175293	0.02106785774230957	0.25623512268066406	0.190995454788208	0.37293076515197754	4.419895887374878	0.26366710662841797	0.35511326789855957	0.06631803512573242
111.0	1157.1724923756612	0.003304004669189453	0.02088618278503418	0.29763126373291016	0.21322917938232422	0.37228894233703613	4.8253138065338135	0.29463982582092285	0.05293107032775879	0.5293917655944824	0.4932246208190918	0.815791130065918	13.835592985153198	0.7732090950012207	0.02124309539794922	0.25864171981811523	0.19039201736450195	0.3844168186187744	4.859246253967285	0.2970578670501709	0.36348438262939453	0.06634116172790527
112.0	1168.2717642634254	0.003148794174194336	0.02182316780090332	0.2530946731567383	0.18828105926513672	0.3727083206176758	5.48179030418396	0.28764915466308594	0.049694061279296875	0.5313897132873535	0.39879918098449707	0.8264520168304443	13.078200340270996	0.7319951057434082	0.020783185958862305	0.2602424621582031	0.1906905174255371	0.37734055519104004	4.439633369445801	0.2626473903656006	0.3536040782928467	0.06630706787109375
113.0	1179.3710361511896	0.0033071041107177734	0.02113795280456543	0.25386619567871094	0.18836212158203125	0.3724682331085205	5.4468231201171875	0.2835671901702881	0.050218820571899414	0.7173807621002197	0.41080665588378906	0.8171861171722412	13.073921203613281	0.7309918403625488	0.021333694458007812	0.2547166347503662	0.18915963172912598	0.3722209930419922	4.482965707778931	0.2642490863800049	0.3569529056549072	0.06608200073242188
114.0	1190.4703080389538	0.0031669139862060547	0.02164316177368164	0.25620603561401367	0.18808317184448242	0.3942420482635498	4.572034597396851	0.28240370750427246	0.049591064453125	0.5304691791534424	0.3966636657714844	0.810676097869873	13.462558031082153	0.7318966388702393	0.021363019943237305	0.25668764114379883	0.1900768280029297	0.37264490127563477	4.419142484664917	0.261962890625	0.3578660488128662	0.06569504737854004
115.0	1201.569579926718	0.003306865692138672	0.021359920501708984	0.25536131858825684	0.18809843063354492	0.3841712474822998	4.241170644760132	0.2821831703186035	0.049739837646484375	0.5336215496063232	0.3973846435546875	0.8113048076629639	13.171265602111816	0.731220006942749	0.02151322364807129	0.26365113258361816	0.19289088249206543	0.37061572074890137	4.418210983276367	0.26488828659057617	0.35758185386657715	0.06605386734008789
116.0	1212.6688518144822	0.003175020217895508	0.027953147888183594	0.34015750885009766	0.2525651454925537	0.49149394035339355	6.336655616760254	0.3764190673828125	0.06634140014648438	0.7121474742889404	0.5306477546691895	1.0904865264892578	17.619329929351807	0.9747979640960693	0.02812337875366211	0.3448653221130371	0.25571274757385254	0.4914698600769043	5.88657546043396	0.3505418300628662	0.7132470607757568	0.06555795669555664
117.0	1223.7681237022464	0.0032889842987060547	0.028668880462646484	0.34459733963012695	0.2508578300476074	0.5149033069610596	6.439439058303833	0.3795950412750244	0.06674790382385254	0.7119204998016357	0.5316324234008789	1.07957124710083	17.75576949119568	0.975987434387207	0.028193950653076172	0.339648962020874	0.25231480598449707	0.49001216888427734	5.849856615066528	0.3500664234161377	0.7179501056671143	0.06722617149353027
118.0	1234.8673955900106	0.0031681060791015625	0.029196739196777344	0.34015703201293945	0.2494215965270996	0.4905884265899658	6.5649027824401855	0.37865304946899414	0.06705617904663086	0.7088479995727539	0.5319147109985352	1.0810496807098389	17.748269081115723	0.9755949974060059	0.028418779373168945	0.3417844772338867	0.25330185890197754	0.5423429012298584	5.915097236633301	0.3504481315612793	0.7144970893859863	0.06562304496765137
119.0	1245.9666674777748	0.0033190250396728516	0.028621196746826172	0.34026265144348145	0.25079798698425293	0.49162793159484863	6.5650670528411865	0.38718461990356445	0.06692695617675781	0.7081186771392822	0.5320391654968262	1.0798025131225586	18.25796914100647	0.9733126163482666	0.028877973556518555	0.34181880950927734	0.25415468215942383	0.4903526306152344	5.793706178665161	0.3511950969696045	0.7139110565185547	0.06597709655761719
120.0	1257.065939365539	0.003162860870361328	0.028491973876953125	0.3390977382659912	0.2541327476501465	0.49196934700012207	6.594603538513184	0.37744641304016113	0.06623291969299316	0.7105660438537598	0.5309698581695557	1.0793662071228027	17.632240772247314	0.973438024520874	0.0283815860748291	0.3417048454284668	0.25354790687561035	0.49004340171813965	5.831809997558594	0.34980058670043945	0.7097809314727783	0.06633305549621582
121.0	1268.1652112533031	0.003762960433959961	0.029051542282104492	0.33849000930786133	0.2517096996307373	0.508946418762207	5.890346050262451	0.37797045707702637	0.06697273254394531	0.7264316082000732	0.5388729572296143	1.0801072120666504	17.727410554885864	0.9739511013031006	0.029145002365112305	0.3450474739074707	0.2549288272857666	0.49071455001831055	5.763050317764282	0.3495039939880371	0.7263836860656738	0.06687211990356445
122.0	1279.2644831410673	0.0031821727752685547	0.02856612205505371	0.3379240036010742	0.25314903259277344	0.49150514602661133	6.567891359329224	0.38588786125183105	0.0668036937713623	0.7112884521484375	0.5345127582550049	1.0832934379577637	17.82300114631653	0.9699039459228516	0.029047250747680664	0.34475016593933105	0.25238561630249023	0.49034786224365234	5.819182872772217	0.3495604991912842	0.7150468826293945	0.06630396842956543
123.0	1290.3637550288315	0.0032858848571777344	0.028921127319335938	0.33922600746154785	0.25244688987731934	0.49982380867004395	6.811361312866211	0.3784503936767578	0.06663393974304199	0.7252500057220459	0.5315220355987549	1.0831828117370605	18.9801025390625	1.1012392044067383	0.028695344924926758	0.34471988677978516	0.2566859722137451	0.4902660846710205	5.738495826721191	0.35069966316223145	0.7166619300842285	0.06615591049194336
124.0	1299.243172539043	0.003153085708618164	0.028292179107666016	0.33939099311828613	0.2531120777130127	0.49126648902893066	6.574842691421509	0.3795323371887207	0.06687736511230469	0.7114684581756592	0.5314218997955322	1.0817506313323975	17.500767469406128	0.98404860496521	0.028673887252807617	0.3405647277832031	0.2536494731903076	0.4903395175933838	6.1132166385650635	0.37810587882995605	0.7647631168365479	0.06698489189147949
125.0	1306.346706547212	0.003322124481201172	0.021241188049316406	0.2551603317260742	0.1923677921295166	0.36799144744873047	5.121853351593018	0.28716278076171875	0.049551963806152344	0.5335495471954346	0.40344953536987305	0.8118429183959961	13.028460264205933	0.7348880767822266	0.021194934844970703	0.257824182510376	0.1900615692138672	0.36810874938964844	4.213277578353882	0.2639503479003906	0.35719990730285645	0.06567597389221191
126.0	1312.0295337537473	0.0031690597534179688	0.021520137786865234	0.2536509037017822	0.18818926811218262	0.3683788776397705	4.808927536010742	0.28391265869140625	0.0502932071685791	0.5350189208984375	0.3992788791656494	0.8111584186553955	12.87822151184082	0.7285478115081787	0.021563053131103516	0.2581331729888916	0.1923537254333496	0.4007728099822998	4.103497266769409	0.27494382858276367	0.35728979110717773	0.06630206108093262
127.0	1316.5757955189754	0.0033359527587890625	0.021186113357543945	0.2540090084075928	0.1900486946105957	0.3695793151855469	5.131009578704834	0.283153772354126	0.04930305480957031	0.5360684394836426	0.4011709690093994	0.8093242645263672	12.989271640777588	0.7361960411071777	0.02197718620300293	0.2565932273864746	0.19217371940612793	0.3684120178222656	4.156027317047119	0.2644317150115967	0.35733914375305176	0.06637692451477051
128.0	1320.212804931158	0.003197908401489258	0.021177053451538086	0.2569386959075928	0.1898634433746338	0.36832356452941895	5.187638998031616	0.2824833393096924	0.0497889518737793	0.5339114665985107	0.4020695686340332	0.8725018501281738	12.701630353927612	0.7271387577056885	0.021439075469970703	0.2587285041809082	0.19261860847473145	0.3688969612121582	4.075542688369751	0.26355481147766113	0.35879993438720703	0.06635618209838867
129.0	1323.1224124609041	0.003326892852783203	0.021518945693969727	0.2570064067840576	0.19020485877990723	0.36865901947021484	5.328317880630493	0.28597235679626465	0.04931211471557617	0.5362207889556885	0.3999652862548828	0.8089890480041504	12.55388331413269	0.7378065586090088	0.021882057189941406	0.2601749897003174	0.19192934036254883	0.3709688186645508	4.011386394500732	0.2634408473968506	0.35794615745544434	0.06686711311340332
130.0	1325.8972304328452	0.0032019615173339844	0.021235942840576172	0.2567141056060791	0.1910538673400879	0.3936300277709961	5.305509090423584	0.282886266708374	0.04973483085632324	0.5348625183105469	0.3991878032684326	0.818596363067627	12.505086660385132	0.7285597324371338	0.021593093872070312	0.2576019763946533	0.19019842147827148	0.3693420886993408	4.134141683578491	0.26159167289733887	0.35852694511413574	0.0655820369720459
131.0	1328.6720484047862	0.003303050994873047	0.02119302749633789	0.26410484313964844	0.19564533233642578	0.369063138961792	5.557214736938477	0.2847442626953125	0.050283193588256836	0.5336947441101074	0.40220165252685547	0.8106191158294678	12.624242544174194	0.7340729236602783	0.021446704864501953	0.2585592269897461	0.1921854019165039	0.3695974349975586	4.1104185581207275	0.2658355236053467	0.3589339256286621	0.06678605079650879
132.0	1331.4468663767273	0.003167867660522461	0.02106785774230957	0.25472402572631836	0.18822193145751953	0.3749105930328369	5.25963830947876	0.28351831436157227	0.049826622009277344	0.5357372760772705	0.39995288848876953	0.8105742931365967	13.032953262329102	0.7391567230224609	0.021456003189086914	0.2579309940338135	0.19169878959655762	0.3697934150695801	4.119277000427246	0.26479411125183105	0.3586447238922119	0.06659483909606934
133.0	1334.2216843486683	0.003303050994873047	0.021299123764038086	0.26477527618408203	0.19094085693359375	0.37004613876342773	5.76891303062439	0.28887414932250977	0.050986289978027344	0.5374438762664795	0.40053319931030273	0.8120090961456299	12.873908042907715	0.7394263744354248	0.021643877029418945	0.2591707706451416	0.19173121452331543	0.3958604335784912	4.108099937438965	0.27858853340148926	0.35526609420776367	0.06549310684204102
134.0	1336.9965023206094	0.0032029151916503906	0.022095203399658203	0.28176093101501465	0.18872570991516113	0.3697340488433838	4.2447192668914795	0.28298401832580566	0.05051994323730469	0.5586566925048828	0.41664719581604004	0.8102121353149414	13.033267974853516	0.7369687557220459	0.020941972732543945	0.2589132785797119	0.1911613941192627	0.36847519874572754	4.097888469696045	0.26196813583374023	0.35688209533691406	0.06709980964660645
135.0	1339.7713202925504	0.003304004669189453	0.0214388370513916	0.25516247749328613	0.19097161293029785	0.36969757080078125	5.314524412155151	0.2817530632019043	0.04940605163574219	0.534698486328125	0.40111398696899414	0.8122692108154297	12.890118598937988	0.7388017177581787	0.021959304809570312	0.2573518753051758	0.19210600852966309	0.3731698989868164	4.119828224182129	0.2636699676513672	0.3581099510192871	0.0670011043548584
136.0	1342.5461382644914	0.003186941146850586	0.021352052688598633	0.25707101821899414	0.1890406608581543	0.3691723346710205	4.790158033370972	0.28600382804870605	0.049916982650756836	0.5357551574707031	0.4011387825012207	0.8151798248291016	12.831452369689941	0.7464523315429688	0.021677017211914062	0.2627120018005371	0.19413113594055176	0.3681371212005615	4.2273335456848145	0.26319384574890137	0.360943078994751	0.06668996810913086
137.0	1345.3209562364325	0.003292083740234375	0.021364212036132812	0.2574779987335205	0.19003748893737793	0.36932897567749023	5.538938999176025	0.28415727615356445	0.0510406494140625	0.5352818965911865	0.40050363540649414	0.8524453639984131	12.840453147888184	0.7301950454711914	0.020968914031982422	0.25664305686950684	0.19206976890563965	0.37439703941345215	4.407615661621094	0.2642996311187744	0.35926008224487305	0.06696796417236328
138.0	1348.0957742083735	0.0031681060791015625	0.02152085304260254	0.39905762672424316	0.1975853443145752	0.404857873916626	5.449048280715942	0.3465240001678467	0.0499117374420166	0.5413687229156494	0.4028306007385254	0.8104808330535889	13.12589406967163	0.729456901550293	0.022324800491333008	0.2591371536254883	0.19102811813354492	0.3905909061431885	5.757070064544678	0.2907869815826416	0.35955095291137695	0.06704497337341309
139.0	1350.8705921803146	0.0032961368560791016	0.021931171417236328	0.25509214401245117	0.18893885612487793	0.36849331855773926	4.93692684173584	0.2832310199737549	0.05039167404174805	0.5342938899993896	0.4028139114379883	0.8112163543701172	12.752811193466187	0.7334535121917725	0.0214998722076416	0.25717997550964355	0.19173932075500488	0.3685946464538574	6.519660711288452	0.2682204246520996	0.35779905319213867	0.06711506843566895
140.0	1353.6454101522556	0.003184080123901367	0.021383047103881836	0.2564859390258789	0.18886160850524902	0.36870431900024414	4.891193389892578	0.28243422508239746	0.05015277862548828	0.5352613925933838	0.4019913673400879	0.8112881183624268	13.0453040599823	0.7338395118713379	0.02143263816833496	0.25873732566833496	0.19277381896972656	0.3690953254699707	5.451630592346191	0.2623627185821533	0.36026668548583984	0.06588387489318848
141.0	1356.4202281241967	0.003793954849243164	0.02164912223815918	0.25647950172424316	0.190476655960083	0.36928701400756836	4.893910646438599	0.28360509872436523	0.05042576789855957	0.5368669033050537	0.40013790130615234	0.8096578121185303	12.587342023849487	0.7377119064331055	0.02127385139465332	0.2608957290649414	0.19171929359436035	0.3692803382873535	6.628275156021118	0.2627875804901123	0.3565540313720703	0.06648588180541992
142.0	1359.1950460961377	0.0031599998474121094	0.020970582962036133	0.25475645065307617	0.18914055824279785	0.3690922260284424	4.0582029819488525	0.28243279457092285	0.049990177154541016	0.5355238914489746	0.4026520252227783	0.8103911876678467	12.942713260650635	0.7338128089904785	0.021722793579101562	0.25646400451660156	0.19274497032165527	0.37425971031188965	6.184337854385376	0.2618434429168701	0.35673999786376953	0.06617307662963867
143.0	1361.9698640680788	0.003309011459350586	0.0214998722076416	0.256333589553833	0.1887497901916504	0.3698897361755371	5.402984142303467	0.28337788581848145	0.05097627639770508	0.5351340770721436	0.4015166759490967	0.810452938079834	12.729725360870361	0.7367112636566162	0.02142810821533203	0.2593996524810791	0.19124126434326172	0.3686952590942383	6.440037250518799	0.26341986656188965	0.3556070327758789	0.06639885902404785
144.0	1364.7446820400198	0.0031850337982177734	0.021689891815185547	0.25621724128723145	0.1921548843383789	0.368898868560791	4.9442667961120605	0.28426289558410645	0.05071592330932617	0.5356638431549072	0.399306058883667	0.8107688426971436	12.891932010650635	0.7308800220489502	0.0216219425201416	0.257753849029541	0.19115066528320312	0.36870408058166504	5.5047643184661865	0.2664308547973633	0.35857725143432617	0.06681513786315918
145.0	1367.5195000119609	0.0033059120178222656	0.0211031436920166	0.2668111324310303	0.22209954261779785	0.36934781074523926	4.872886419296265	0.2834889888763428	0.050390005111694336	0.5358290672302246	0.4008369445800781	0.8124539852142334	13.040914535522461	0.7359519004821777	0.021601200103759766	0.2574889659881592	0.19179987907409668	0.41199636459350586	4.309895753860474	0.264965295791626	0.35837793350219727	0.0685420036315918
146.0	1370.294317983902	0.003178119659423828	0.021573781967163086	0.2583484649658203	0.2153472900390625	0.3697090148925781	4.764718294143677	0.28215813636779785	0.05112004280090332	0.5344533920288086	0.40037989616394043	0.8111279010772705	12.968809604644775	0.731574296951294	0.021611690521240234	0.2585408687591553	0.19267511367797852	0.3907299041748047	4.117721080780029	0.26558828353881836	0.3574399948120117	0.06611394882202148
147.0	1373.069135955843	0.0032949447631835938	0.02164435386657715	0.2572047710418701	0.19015860557556152	0.36934900283813477	5.517117023468018	0.2829105854034424	0.05046391487121582	0.5345613956451416	0.4016594886779785	0.8108279705047607	12.851080179214478	0.7347626686096191	0.021404027938842773	0.2574577331542969	0.19287371635437012	0.37050747871398926	4.430131196975708	0.35419535636901855	0.3588440418243408	0.0660848617553711
148.0	1375.843953927784	0.0032842159271240234	0.021724939346313477	0.25680088996887207	0.19019389152526855	0.36870408058166504	5.481746196746826	0.2840719223022461	0.050769805908203125	0.5366919040679932	0.4015161991119385	0.8115026950836182	13.055421113967896	0.7263555526733398	0.021603107452392578	0.2593963146209717	0.19079184532165527	0.3693993091583252	4.097555160522461	0.26535582542419434	0.35837388038635254	0.06644511222839355
149.0	1378.618771899725	0.0033278465270996094	0.021349191665649414	0.2628633975982666	0.19399309158325195	0.3694121837615967	5.84771203994751	0.2860288619995117	0.05132579803466797	0.5370702743530273	0.40201330184936523	0.8137996196746826	12.686834812164307	0.7322769165039062	0.02274489402770996	0.2578854560852051	0.1901702880859375	0.3700082302093506	4.107022285461426	0.2650272846221924	0.35924196243286133	0.06690406799316406
150.0	1381.393589871666	0.0031890869140625	0.02160930633544922	0.25824451446533203	0.18937921524047852	0.3692286014556885	5.3728249073028564	0.28247976303100586	0.05042719841003418	0.5369839668273926	0.4002256393432617	0.8141157627105713	13.168020725250244	0.7317030429840088	0.02139425277709961	0.258131742477417	0.1912848949432373	0.37068629264831543	4.092525243759155	0.2637302875518799	0.36044979095458984	0.06698894500732422
151.0	1384.1684078436072	0.0033028125762939453	0.02158808708190918	0.25905585289001465	0.1898055076599121	0.36967015266418457	5.678594589233398	0.28573012351989746	0.04977297782897949	0.536928653717041	0.40062689781188965	0.8091022968292236	12.854000806808472	0.7276363372802734	0.021539926528930664	0.25942516326904297	0.1922130584716797	0.3696784973144531	4.078627347946167	0.2655792236328125	0.35674333572387695	0.0671079158782959
152.0	1386.9432258155482	0.0031690597534179688	0.021361112594604492	0.2564253807067871	0.19232511520385742	0.37015342712402344	5.524070739746094	0.2830946445465088	0.05023026466369629	0.6809680461883545	0.4830303192138672	0.8121397495269775	13.44312334060669	0.7298941612243652	0.022023916244506836	0.26059508323669434	0.19295930862426758	0.39511990547180176	4.354212999343872	0.2861039638519287	0.35768675804138184	0.06687307357788086
153.0	1389.7180437874893	0.0033071041107177734	0.02203226089477539	0.2571890354156494	0.1889171600341797	0.3702256679534912	5.254579544067383	0.2827615737915039	0.05027174949645996	0.5385034084320068	0.40271425247192383	0.8099164962768555	13.09844422340393	0.7314753532409668	0.021078109741210938	0.2580273151397705	0.19007492065429688	0.3701164722442627	4.089042901992798	0.2640106678009033	0.35929298400878906	0.06718301773071289
154.0	1392.4928617594303	0.0032050609588623047	0.021583080291748047	0.2775454521179199	0.200364351272583	0.3696138858795166	4.020758867263794	0.2832355499267578	0.05016493797302246	0.5488083362579346	0.4041712284088135	0.8389246463775635	12.99851942062378	0.78763747215271	0.021496057510375977	0.2623584270477295	0.1938338279724121	0.3712501525878906	4.123721122741699	0.2634282112121582	0.3573591709136963	0.06720900535583496
155.0	1395.2676797313713	0.0033419132232666016	0.021618127822875977	0.25583529472351074	0.19039630889892578	0.370058536529541	4.24230432510376	0.2848188877105713	0.050826072692871094	0.5385253429412842	0.40409159660339355	0.8106670379638672	12.942209243774414	0.7314474582672119	0.02125096321105957	0.25998377799987793	0.19124293327331543	0.3715221881866455	4.162151575088501	0.262615442276001	0.3602101802825928	0.0664370059967041
156.0	1398.0424977033124	0.003209829330444336	0.02147078514099121	0.25682830810546875	0.1910853385925293	0.3723630905151367	5.465553045272827	0.28920865058898926	0.05027198791503906	0.5424020290374756	0.4024176597595215	0.8130190372467041	12.93561339378357	0.7362046241760254	0.021502971649169922	0.26047205924987793	0.1922762393951416	0.389127254486084	4.190434694290161	0.26418232917785645	0.36066412925720215	0.06761002540588379
157.0	1400.8173156752534	0.003322124481201172	0.021339893341064453	0.2564256191253662	0.18984246253967285	0.3702890872955322	5.441481113433838	0.2826085090637207	0.050591230392456055	0.5437142848968506	0.4014270305633545	0.8115389347076416	13.152812957763672	0.7292835712432861	0.02159285545349121	0.25757622718811035	0.19177770614624023	0.3702218532562256	4.157007217407227	0.2620081901550293	0.3599827289581299	0.06696701049804688
158.0	1403.5921336471945	0.003175973892211914	0.021377086639404297	0.2569708824157715	0.19026756286621094	0.37058258056640625	5.572959899902344	0.29431748390197754	0.050347089767456055	0.5372409820556641	0.41420912742614746	0.8180620670318604	13.104485034942627	0.72989821434021	0.02230072021484375	0.25803685188293457	0.19070696830749512	0.37148308753967285	4.144994258880615	0.26361751556396484	0.46083998680114746	0.06647610664367676
159.0	1406.3669516191355	0.0033020973205566406	0.021870136260986328	0.25714898109436035	0.1893775463104248	0.36992335319519043	5.46558403968811	0.2832918167114258	0.05085182189941406	0.5617766380310059	0.4015471935272217	0.8107388019561768	13.411395788192749	0.740692138671875	0.021541357040405273	0.2589089870452881	0.1926419734954834	0.37113213539123535	4.138843774795532	0.26463842391967773	0.3603651523590088	0.06720805168151855
160.0	1409.1417695910766	0.003192901611328125	0.021711111068725586	0.2556579113006592	0.190443754196167	0.3697166442871094	4.53368616104126	0.283123254776001	0.0501251220703125	0.5347990989685059	0.40072011947631836	0.8121159076690674	13.222387313842773	0.735058069229126	0.021105051040649414	0.2610490322113037	0.1922740936279297	0.3697035312652588	4.145850896835327	0.26345133781433105	0.3595311641693115	0.06676387786865234
161.0	1411.9165875630176	0.003782987594604492	0.021144866943359375	0.25646519660949707	0.18815827369689941	0.3700087070465088	4.660070180892944	0.28354811668395996	0.05050516128540039	0.5415878295898438	0.40035128593444824	0.8128290176391602	13.401278257369995	0.7317893505096436	0.021142005920410156	0.26065587997436523	0.19141387939453125	0.3926229476928711	4.115695476531982	0.26332902908325195	0.35835790634155273	0.06678509712219238
162.0	1414.6914055349587	0.003170013427734375	0.021628856658935547	0.2574796676635742	0.1887507438659668	0.3704185485839844	4.413378715515137	0.28316426277160645	0.05042409896850586	0.5428826808929443	0.40546584129333496	0.8125252723693848	12.992924213409424	0.7286794185638428	0.021975994110107422	0.2599363327026367	0.19193577766418457	0.40689730644226074	4.104391813278198	0.2633981704711914	0.3594040870666504	0.06654000282287598
163.0	1417.4662235068997	0.003303050994873047	0.021809101104736328	0.2575719356536865	0.18958711624145508	0.38561272621154785	5.496086120605469	0.2837693691253662	0.04980278015136719	0.5375053882598877	0.40401196479797363	0.81235671043396	13.014447927474976	0.7264142036437988	0.022103071212768555	0.2567319869995117	0.19240760803222656	0.3705308437347412	4.104185104370117	0.26319313049316406	0.35939693450927734	0.06713080406188965
164.0	1420.2410414788408	0.003167867660522461	0.021409273147583008	0.258929967880249	0.1925947666168213	0.3707871437072754	4.335766553878784	0.28417038917541504	0.049675941467285156	0.5370571613311768	0.40067005157470703	0.8122043609619141	12.788756370544434	0.7300803661346436	0.021236181259155273	0.2624521255493164	0.19120240211486816	0.37364697456359863	4.104568958282471	0.2645261287689209	0.3590121269226074	0.06633901596069336
165.0	1423.0158594507818	0.0032939910888671875	0.022430896759033203	0.2542698383331299	0.18937301635742188	0.3708012104034424	5.432077169418335	0.28226780891418457	0.050753116607666016	0.5559720993041992	0.4893364906311035	0.8125309944152832	12.906565189361572	0.7382185459136963	0.02124810218811035	0.25929808616638184	0.191115140914917	0.3713564872741699	4.050161361694336	0.2620503902435303	0.3578987121582031	0.06714892387390137
166.0	1425.7906774227229	0.0031609535217285156	0.021405935287475586	0.2573537826538086	0.19133901596069336	0.37069058418273926	5.24573540687561	0.28466796875	0.050522804260253906	0.5353102684020996	0.401503324508667	0.8120732307434082	13.057123184204102	0.7322218418121338	0.021480083465576172	0.2572479248046875	0.19113898277282715	0.3742694854736328	4.1059815883636475	0.26812005043029785	0.3605170249938965	0.0664980411529541
167.0	1428.565495394664	0.0033419132232666016	0.021265029907226562	0.3072950839996338	0.1905522346496582	0.3775060176849365	6.653628587722778	0.3104557991027832	0.05038189888000488	0.5363411903381348	0.4016880989074707	0.8134889602661133	13.605612993240356	0.7316198348999023	0.02166008949279785	0.2594008445739746	0.19209647178649902	0.370830774307251	4.090447664260864	0.26726555824279785	0.35924720764160156	0.06780719757080078
168.0	1431.340313366605	0.003201007843017578	0.021394968032836914	0.2566063404083252	0.18930554389953613	0.37063002586364746	5.373429298400879	0.2832486629486084	0.05068778991699219	0.5391631126403809	0.42806363105773926	0.8117077350616455	13.126487731933594	0.7314269542694092	0.021517276763916016	0.34630823135375977	0.19187641143798828	0.37044310569763184	4.242096900939941	0.34391045570373535	0.3597719669342041	0.06674695014953613
169.0	1434.115131338546	0.0032989978790283203	0.02201700210571289	0.2563509941101074	0.19060778617858887	0.37123584747314453	5.348830938339233	0.2848677635192871	0.0500941276550293	0.5373692512512207	0.40299201011657715	0.8125200271606445	13.280158758163452	0.7306919097900391	0.02162909507751465	0.2572290897369385	0.19276809692382812	0.3710319995880127	4.207669258117676	0.26280832290649414	0.36017394065856934	0.06680917739868164
170.0	1436.889949310487	0.003147125244140625	0.0214540958404541	0.2569694519042969	0.1882331371307373	0.3714938163757324	4.9542741775512695	0.2860538959503174	0.04975700378417969	0.5376956462860107	0.40303874015808105	0.8173182010650635	12.881877899169922	0.7287836074829102	0.021342754364013672	0.2584831714630127	0.19442081451416016	0.37160325050354004	4.195078372955322	0.2652716636657715	0.35907411575317383	0.0672600269317627
