Iteration	Time[s]	Avg. Initialization[s]	Avg. Left solid domain: opposite functions[s]	Avg. Left solid domain: check norms[s]	Avg. Left solid domain: check values[s]	Avg. Left solid domain: Assembles[s]	Avg. Left solid domain: solves[s]	Avg. Left solid domain: update and assemble F[s]	Avg. Electrolyte domain: opposite functions[s]	Avg. Electrolyte domain: check norms[s]	Avg. Electrolyte domain: check values[s]	Avg. Electrolyte domain: Assembles[s]	Avg. Electrolyte domain: solves[s]	Avg. Electrolyte domain: update and assemble F[s]	Avg. Right solid domain: opposite functions[s]	Avg. Right solid domain: check norms[s]	Avg. Right solid domain: check values[s]	Avg. Right solid domain: Assembles[s]	Avg. Right solid domain: solves[s]	Avg. Right solid domain: update and assemble F[s]	Avg. Self-consistency check[s]	Avg. Lithium-plating[s]
11	47.245303599242945	0.003319978713989258	0.02822422981262207	0.3199434280395508	0.2402160167694092	0.4960970878601074	6.447187662124634	0.3785388469696045	0.0648658275604248	0.6695375442504883	0.5027618408203125	1.0828788280487058	17.7903573513031	0.983135223388672	0.028233051300048825	0.6412122249603271	0.5021228790283203	0.620159387588501	7.896883010864258	0.4373400211334229	0.6718671321868896	0.062031984329223626
12	58.344575487007106	0.0032989978790283203	0.03190267086029053	0.3580423593521118	0.26942360401153564	0.5591098070144653	7.076391339302063	0.4266808032989502	0.07326531410217285	0.7540260553359985	0.5636166334152222	1.2203000783920288	20.37532675266266	1.1065694093704224	0.0317082405090332	0.7231806516647339	0.551287055015564	0.6971882581710815	8.830520391464233	0.4923588037490845	0.8426724672317504	0.06258296966552734
13	69.44384737477127	0.0032569567362467446	0.03053140640258789	0.3450535138448079	0.25941944122314453	0.5379869143168131	6.869673013687134	0.4096050262451172	0.07070064544677734	0.7253140608469645	0.5429620742797852	1.1777737935384114	19.64600094159444	1.065891981124878	0.03053585688273112	0.588712215423584	0.44756054878234863	0.6321506500244141	8.058417797088623	0.44540174802144367	0.786970297495524	0.06273102760314941
14	80.54311926253543	0.003261744976043701	0.02984476089477539	0.3379700183868408	0.2540961503982544	0.5306749939918518	6.6802173256874084	0.401311993598938	0.06957250833511353	0.7138959169387817	0.5353420972824097	1.1547979712486267	19.21190494298935	1.0470002889633179	0.029906928539276123	0.5224828720092773	0.39543384313583374	0.5978966355323792	7.597598731517792	0.4213370084762573	0.7610689997673035	0.06253629922866821
15	91.64239115029959	0.0032340049743652343	0.028122949600219726	0.31803078651428224	0.23913440704345704	0.49912371635437014	6.294625520706177	0.37750930786132814	0.06550126075744629	0.6719137191772461	0.5036498069763183	1.0867179870605468	18.092487144470216	0.9844329357147217	0.028076553344726564	0.46682257652282716	0.35263838768005373	0.5525960922241211	7.115511751174926	0.3911543369293213	0.6764235019683837	0.0626330852508545
16	102.74166303806375	0.0032376845677693686	0.026960571606953938	0.30494530995686847	0.2294443448384603	0.4778790871302287	6.078523278236389	0.3620709975560506	0.06294222672780354	0.6441803773244222	0.4825567404429118	1.0414215723673503	17.317622820536297	0.943731427192688	0.02691928545633952	0.42984028657277423	0.3239537477493286	0.5225459337234497	6.8156685034434	0.36998550097147626	0.6202707688013712	0.06269256273905437
17	113.84093492582791	0.0032288687569754465	0.026115349360874722	0.29571512767246794	0.2223174912588937	0.4628203936985561	5.972404309681484	0.3510356971195766	0.06109561238970075	0.6241766725267682	0.46772565160478863	1.0087389264787947	16.790137461253575	0.9145092282976423	0.02609549249921526	0.4029755251748221	0.30343488284519743	0.5010039806365967	6.831809350422451	0.3545194353376116	0.580524103982108	0.06278017589024135
18	124.94020681359207	0.0032323896884918213	0.025484800338745117	0.290055513381958	0.2174084186553955	0.45147621631622314	6.074618726968765	0.34272003173828125	0.059632807970047	0.6093275845050812	0.4593430459499359	0.9846149682998657	16.422178894281387	0.8923434019088745	0.02559030055999756	0.38284832239151	0.2883310317993164	0.48479726910591125	6.809739261865616	0.34288114309310913	0.5503755807876587	0.06277516484260559
19	136.03947870135624	0.003223578135172526	0.025003300772772893	0.2847570578257243	0.2134433322482639	0.44277474615308976	6.063540697097778	0.33610444598727757	0.05848460727267795	0.5978476206461588	0.45053354899088544	0.9658403131696913	16.108167436387802	0.8750824663374159	0.02512306637234158	0.3673654662238227	0.27652303377787274	0.47229165501064724	6.789042499330309	0.33384770817226833	0.5269896454281278	0.0627731482187907
20	147.1387505891204	0.0032285213470458984	0.02461214065551758	0.28841123580932615	0.21666350364685058	0.44012153148651123	6.034525609016418	0.3359013557434082	0.05752773284912109	0.5908165216445923	0.44352290630340574	0.9526202440261841	15.856727910041808	0.861366081237793	0.024695849418640135	0.35543622970581057	0.2670359373092651	0.4623087406158447	6.828464937210083	0.32666845321655275	0.5082419872283935	0.06275434494018554
21	158.23802247688457	0.003258293325250799	0.024294268001209606	0.2842687693509189	0.21343662522055887	0.43439208377491345	5.926977656104348	0.33157727935097436	0.05677305568348278	0.5833101055838845	0.4376333843577992	0.9404642365195535	15.657545284791427	0.8502720052545721	0.024339242414994675	0.34545725042169745	0.2591773813421076	0.4540825540369207	6.810427058826793	0.32085451212796295	0.49292755126953125	0.06280740824612704
22	169.33729436464873	0.0032597780227661133	0.024022082487742107	0.2810055613517761	0.21067156394322714	0.42932820320129395	5.8485413789749146	0.32760709524154663	0.056195696194966636	0.5770071943600973	0.4328384796778361	0.9298086365063986	15.494067708651224	0.8405532638231913	0.024128735065460205	0.3370195229848226	0.25270265340805054	0.44718732436498004	6.741015752156575	0.31591975688934326	0.4805130958557129	0.06288295984268188
23	180.4365662524129	0.0032503238091102014	0.023786526459913988	0.27816066375145543	0.20841536155113807	0.425036412018996	5.776095041861901	0.32417020430931676	0.0556336366213285	0.5717724469991831	0.42881402602562535	0.9209348788628211	15.351548800101646	0.8328654766082764	0.023911384435800407	0.3298498483804556	0.24726029542776254	0.4414148514087384	6.7341460814842815	0.3118710151085487	0.4698021045097938	0.06285425332876352
24	191.53583814017705	0.003252523286002023	0.023575850895472934	0.2757606165749686	0.20651170185634068	0.42304721900394987	5.681434324809483	0.3212101459503174	0.055175645010811944	0.5673588344029018	0.42547123772757395	0.9128021512712751	15.210874812943596	0.8265115192958287	0.023713435445513045	0.32399771894727436	0.24265096868787492	0.436308639390128	6.6389448302132745	0.3083967311041696	0.4607755286352975	0.06290652070726667
25	202.6351100279412	0.0032456239064534505	0.023399813969930013	0.27354704538981117	0.20484859148661297	0.4194207668304443	5.606392367680868	0.31856290499369305	0.054767338434855144	0.5634949207305908	0.422537104288737	0.9059381008148193	15.083304532368977	0.8209027131398519	0.023529688517252605	0.3188902537027995	0.23874470392862956	0.431666898727417	6.596815204620361	0.3055272897084554	0.4529709021250407	0.06294708251953125
26	213.73438191570537	0.003250017762184143	0.02328188717365265	0.271792396903038	0.20338495075702667	0.41622205078601837	5.556499198079109	0.3162849545478821	0.05438831448554993	0.563973918557167	0.42151109874248505	0.8998124301433563	14.97889843583107	0.8202747255563736	0.02338501811027527	0.3143041729927063	0.2351326048374176	0.42765845358371735	6.5340578854084015	0.3027891367673874	0.4460829198360443	0.06293188035488129
27	224.83365380346953	0.0032441335565903608	0.023153248955221736	0.2701090784633861	0.2022707742803237	0.41338621868806724	5.579726247226491	0.314327688778148	0.05412752488080193	0.5608052646412569	0.4192393527311437	0.8943326192743638	14.883421350927915	0.8155481534845689	0.02328649689169491	0.3102770552915685	0.23206329345703125	0.4241189676172593	6.551477852989645	0.30053287393906536	0.4399949242086971	0.06294481894549202
28	235.9329256912337	0.0032455656263563368	0.023032175170050725	0.2687276601791382	0.2011253833770752	0.4120330015818278	5.515450808737013	0.312583499484592	0.0539241631825765	0.5580970578723483	0.4171406428019206	0.8895916276507907	14.804043663872612	0.8117183446884155	0.023150907622443304	0.30672313107384575	0.22958910465240479	0.42098939418792725	6.535313434071011	0.2983970112270779	0.43467797173394096	0.062958558400472
29	247.03219757899785	0.0032401210383365027	0.02293042132728978	0.26742252550627055	0.20010541614733243	0.40972352027893066	5.504209054143805	0.31102012333117035	0.05370477626198217	0.5556340845007646	0.41526353986639725	0.8853570913013659	14.718480750134116	0.8079521279585989	0.023060095937628495	0.3035274932259007	0.22714946144505552	0.41863525541205154	6.490949304480302	0.29643027405989797	0.43001966727407354	0.06300817037883558
30	258.13146946676204	0.0032422661781311033	0.02284994125366211	0.26631555557250974	0.19931145906448364	0.4076293110847473	5.497998368740082	0.3095512628555298	0.05350618362426758	0.5533474326133728	0.41363260746002195	0.8816698431968689	14.65533114671707	0.8045103788375855	0.022961652278900145	0.3007663249969482	0.22498635053634644	0.4160940647125244	6.414984321594238	0.2948206067085266	0.4256839990615845	0.06301885843276978
31	269.23074135452623	0.0032370658147902716	0.022770382109142485	0.26523391405741376	0.19851274717421757	0.4057397274743943	5.451602152415684	0.31153068088349845	0.05334661120460147	0.5517200855981736	0.41215409551348003	0.8782276653108143	14.587369317100162	0.8014948935735793	0.02290495236714681	0.29817676544189453	0.22294285183861143	0.41403099468776156	6.34732605162121	0.293249595732916	0.42179052035013836	0.06305181412469774
32	280.3300132422904	0.003240336071361195	0.022691054777665573	0.2644380005923184	0.19782354614951395	0.4050972678444602	5.411328478292986	0.31018924713134766	0.05320280248468572	0.5502684224735607	0.4108563444831155	0.8751016096635298	14.529540592973882	0.7987059029665861	0.02282650904221968	0.29589889266274194	0.22111444039778275	0.41197536208412866	6.285939910195091	0.2919349020177668	0.41836964000355115	0.06307054649699818
33	291.4292851300546	0.003236418185026749	0.02263592637103537	0.2636970333431078	0.19721838702326236	0.4034670746844748	5.417344891506692	0.3089993829312532	0.05307484709698221	0.5485590955485469	0.4096701456152875	0.8722149185512377	14.525435883065928	0.7987090608348018	0.022773970728335174	0.2938112383303435	0.21946939178135083	0.41006266552469006	6.295459726582402	0.29095202943553095	0.4151157399882441	0.0631141351616901
34	302.5285570178188	0.0032385687033335366	0.02258243163426717	0.2629368205865224	0.19658475120862326	0.4027525782585144	5.431689500808716	0.30787355701128644	0.05291773875554403	0.5470296045144399	0.4086605707804362	0.8695414165655772	14.488933314879736	0.796112467845281	0.022712876399358112	0.2919643620649974	0.21795781453450522	0.40829065442085266	6.266793628533681	0.2897585829099019	0.41217850645383197	0.06314242879549663
35	313.627828905583	0.0032370662689208984	0.022522420883178712	0.2624697208404541	0.19614286422729493	0.40137725830078125	5.400322923660278	0.30699113845825193	0.05278447151184082	0.5456279563903809	0.4076516532897949	0.867177267074585	14.453419418334962	0.7938351726531983	0.022668962478637696	0.29020330429077146	0.21668122291564942	0.4066849517822266	6.2193543815612795	0.2888214302062988	0.40961005210876467	0.06315032958984375
36	324.7271007933472	0.003239714182340182	0.0225070623251108	0.2618209398709811	0.19559021179492658	0.40010630167447603	5.374929428100586	0.30604214851672834	0.052683380933908314	0.5444108156057504	0.4067220321068397	0.86493653517503	14.422831792097826	0.7916336701466486	0.022623208852914665	0.2885940716816829	0.2153996779368474	0.40518980759840745	6.167072369502141	0.28781323249523455	0.4071832528481117	0.06318165705754207
37	335.82637268111137	0.0032358699374728734	0.0224694499263057	0.26123551969174985	0.19514176580641004	0.40033287472195095	5.332816750914962	0.3052811799225984	0.05259417604517053	0.5433707148940475	0.4059285587734646	0.8628254466586642	14.379315340960467	0.7899657973536739	0.022581568470707646	0.2870955025708234	0.2142332218311451	0.4038115254154912	6.123291739711055	0.2869223223792182	0.4049623454058612	0.06322304407755534
38	346.92564456887555	0.0032374092510768344	0.022452039378029958	0.26064443588256836	0.1946548649242946	0.3995271750858852	5.30014168364661	0.3044236557824271	0.05254948990685599	0.5422657983643668	0.405152474130903	0.8609352196965899	14.349320386137281	0.7880679539271763	0.022541156836918423	0.2857401285852705	0.21316832304000854	0.4033859968185425	6.054855653217861	0.28601685592106413	0.4029625143323626	0.06327557563781738
39	358.02491645663974	0.003234600198679957	0.022423119380556304	0.2601718491521375	0.19424379282984242	0.39848189518369476	5.269082225602249	0.30365628209607354	0.05244636535644531	0.5415943655474432	0.404505441928732	0.8592012586264774	14.31140162204874	0.7862862965156292	0.022502455218084926	0.2844511393843026	0.2122004114348313	0.40217583754967	5.999822986537013	0.28599734964041873	0.4010663525811557	0.06329221561037261
40	369.12418834440393	0.00323177973429362	0.02238781452178955	0.25978472232818606	0.19387489159901936	0.3974697271982829	5.238937584559123	0.3029567400614421	0.052384559313456217	0.5407220284144084	0.40385828812917074	0.8575035413106282	14.286767109235127	0.784708031018575	0.022471006711324057	0.2831626733144124	0.21126169363657635	0.4010597229003906	5.954279057184855	0.28526352246602377	0.3992763042449951	0.06328930854797363
41	380.2234602321681	0.003253367639357044	0.0223613400613108	0.2593609594529675	0.1935811658059397	0.3965487403254355	5.240368089368267	0.3022968230708953	0.05232940950701313	0.53993163570281	0.4032560548474712	0.8559337969749204	14.253357264303393	0.7833520212481099	0.02243626502252394	0.282034820125949	0.21037167118441674	0.4000024334076912	5.90123676484631	0.2845357233478177	0.3976950030173025	0.06333884116142027
42	391.3227321199323	0.003254324197769165	0.022355392575263977	0.2590552717447281	0.19332969933748245	0.3960038721561432	5.244401127099991	0.30230342596769333	0.05223918706178665	0.5391885489225388	0.40274977684020996	0.8545049130916595	14.221209682524204	0.7822330668568611	0.022412002086639404	0.2809910923242569	0.20956644415855408	0.399002805352211	5.854590497910976	0.2838503271341324	0.39609450101852417	0.06335368752479553
43	402.4220040076965	0.0032510179461854877	0.02233716935822458	0.25866877671444055	0.19302264849344888	0.3951685067379113	5.221054676807288	0.30172001231800427	0.05216649084380179	0.5384135752013235	0.4022125114094127	0.8531625559835723	14.190605611512154	0.7812684232538397	0.02238436901208126	0.2800762942343047	0.20883274800849683	0.3980758117906975	5.807757485996593	0.28321155634793366	0.3945665720737342	0.06337706247965495
44	413.5212758954607	0.0032517489264993105	0.022327247787924373	0.2587820151272942	0.19292670137741985	0.3945004379048067	5.202183169477126	0.3012910870944752	0.05211335069992963	0.5377260516671574	0.4017585515975952	0.8518664907006657	14.15715375367333	0.78032587556278	0.02238171240862678	0.27916397767908435	0.20810357262106502	0.39767427304211783	5.76471800663892	0.28350454218247356	0.3931211443508373	0.0634231216767255
45	424.6205477832249	0.003249359130859375	0.022298676627022878	0.25847702026367186	0.1926471437726702	0.3937469141823905	5.1821336201259065	0.3007355690002441	0.052041762215750555	0.5384177071707589	0.4015477112361363	0.8506701605660575	14.133124950953892	0.7791350773402623	0.022348145076206753	0.2783747604915074	0.20745483807155063	0.39683527265276225	5.723718588692801	0.2829178469521659	0.39175385066441126	0.06344103131975447
46	435.71981967098907	0.0032506518893771702	0.02227032846874661	0.2581491536564297	0.19244649012883505	0.3930449154641893	5.196939925352733	0.3002580470508999	0.05198204517364502	0.5378347370359633	0.4011628230412801	0.8499866856469048	14.098952220545875	0.778038501739502	0.02231438954671224	0.27760760651694405	0.20681630240546334	0.3960481484731038	5.690032879511516	0.2823605802324083	0.39051515526241726	0.06351350413428412
47	446.81909155875326	0.0032481180654989708	0.02262228888434333	0.25788976050711965	0.19224652728518923	0.3923896196726206	5.176161521189922	0.2998137731809874	0.051910103978337466	0.5372270184594232	0.4018886862574397	0.8489059628667058	14.072332633508218	0.776970624923706	0.02228540343207282	0.2768251058217642	0.2062777635213491	0.3952915797362456	5.653589545069514	0.2818294409159067	0.3893363733549376	0.06353051598007614
48	457.91836344651745	0.0032491432993035567	0.022590988560726766	0.25764398198378713	0.1920285099431088	0.39175763883088766	5.154953542508577	0.2993564417487697	0.05218494565863358	0.5366260817176417	0.40156535725844533	0.8481548836356715	14.061285985143561	0.778018129499335	0.022256129666378622	0.2771171456889102	0.20641498816640755	0.3952433372798719	5.629094023453562	0.281467782823663	0.38826848958667953	0.06353953010157536
49	469.01763533428164	0.0032468086633926784	0.022571221376076724	0.25741313054011417	0.19186868423070663	0.39116331247182995	5.149764660077217	0.2989517908829909	0.05214723562582945	0.5361137084471874	0.40123924230917907	0.8471494699135805	14.040286950576	0.7770207906380678	0.022232893185737807	0.27642086836007923	0.2058893411587446	0.394567147279397	5.6021763911614055	0.28104374958918643	0.3872105525090144	0.06574249267578125
50	480.1169072220458	0.0032478153705596926	0.022550362348556518	0.25721411108970643	0.19166786670684816	0.39060514569282534	5.130250239372254	0.2985792696475983	0.052105027437210086	0.5356244444847107	0.4008829891681671	0.8462776899337768	14.021289759874344	0.7760872662067413	0.02221337556838989	0.2758134067058563	0.20543442368507386	0.3939182698726654	5.581835061311722	0.280609256029129	0.3863445341587067	0.06570352911949158
51	491.21617910981	0.003245650268182522	0.022512110268197407	0.2569630553082722	0.1914540907231773	0.3900906981491461	5.117413288209496	0.2981960250110161	0.052049369346804736	0.5350867655219101	0.40054258486119715	0.8453744213755537	14.010868182996424	0.7763134270179562	0.02219292594165337	0.2751620746240383	0.20496957476546124	0.393291752512862	5.552207295487567	0.28021390263627216	0.38537698257260206	0.06567988163087427
52	502.3154509975742	0.003246540114993141	0.02248098169054304	0.25680095241183326	0.19128733589535668	0.3895872717811948	5.100258339019049	0.2978240478606451	0.051994863010588144	0.5347176733471098	0.4002646207809448	0.8445465394428798	13.995481752213978	0.7754876954214913	0.022175947825113933	0.2746013630004156	0.20452296166192918	0.3926912602924165	5.5305776198705034	0.27982271852947416	0.3845110564004807	0.06565428915477935
53	513.4147228853384	0.0032444332921227744	0.02244922172191531	0.2566008124240609	0.19111476942550304	0.3890869007554165	5.088126238002333	0.2974589203679284	0.05193456383638604	0.5348791687987572	0.3999838330024897	0.843739254530086	13.988278821457264	0.7746128647826439	0.022158711455589116	0.2740518436875454	0.20414033601450365	0.3921246750410213	5.506053980006728	0.2794738203980202	0.38368856629659964	0.0656389358431794
54	524.5139947731026	0.0032455379312688656	0.022431080991571598	0.256449894471602	0.19098418951034546	0.38862418044697156	5.069479655135762	0.29713910818099976	0.05188968506726352	0.5344642075625333	0.3997241529551419	0.8429726253856312	13.980480188673193	0.7737972140312195	0.0221432393247431	0.2735128673640164	0.2037027207287875	0.3915783166885376	5.480843446471474	0.2790877331386913	0.38291581110520795	0.0656269138509577
55	535.6132666608668	0.0032436370849609373	0.022559208340115017	0.25821374787224666	0.19222820070054797	0.39094685448540584	5.0865479151407875	0.29890519777933755	0.05220921834309896	0.538010115093655	0.4050534142388238	0.8483357535468208	14.061788082122803	0.7784375137752957	0.022278679741753474	0.2748607317606608	0.20471447308858234	0.39379669295416936	5.489317268795437	0.28066225581698945	0.3899676375918918	0.06560173564487033
56	546.712538548631	0.003244576246842094	0.022681785666424294	0.25976708142653754	0.1934293093888656	0.3931922497956649	5.099569066711094	0.30057354077048926	0.05250971731932267	0.5413816856301349	0.4074838005978128	0.8534845424735028	14.13998211985049	0.7828756363495536	0.022411159847093666	0.2762141486872797	0.2056917677754941	0.3959243193916652	5.500754346018252	0.2821813199831092	0.3967102973357491	0.06557961132215417
57	557.8118104363951	0.0032426702215316446	0.022797417133412462	0.2613231932863276	0.1945832536575642	0.3955585297117842	5.129461684125535	0.30217702338036073	0.052792528842357876	0.5447641940827065	0.40984489055390055	0.8583609347647809	14.231786002504064	0.7872648898591387	0.022535603097144592	0.27746482098356207	0.20666175700248557	0.3979815878766648	5.510461766669091	0.28365251865792784	0.4031578226292387	0.06554512774690668
58	568.9110823241593	0.003244092067082723	0.022915730873743694	0.26278503735860187	0.19568225741386414	0.3975711613893509	5.1483263075351715	0.3038541376590729	0.0530716081460317	0.5479966551065445	0.4122287879387538	0.8630159546931585	14.308174376686415	0.7914066811402639	0.022659281889597576	0.27865461508433026	0.20755473772684732	0.39993950227896374	5.519209151466687	0.2850112368663152	0.409316952029864	0.06552650034427643
59	580.0103542119235	0.0032430279011629068	0.023024885021910375	0.26423829915572183	0.1967650238348513	0.39951360955530285	5.163309793083036	0.3053534663453394	0.053341018910310706	0.5509444256218112	0.41441837135626347	0.8675078031968098	14.384283129049807	0.7953755028393804	0.022789016061899613	0.2798154354095459	0.20842578946327678	0.4018190977524738	5.526506599114866	0.286346080351849	0.4152629716055734	0.06551444773771326
60	591.1096260996877	0.0032440662384033204	0.02313589096069336	0.26564433574676516	0.19774741172790528	0.40136759281158446	5.175643358230591	0.30677258014678954	0.05358767509460449	0.5537979888916016	0.4164912843704224	0.871842885017395	14.44995346546173	0.7992304658889771	0.022909016609191896	0.2809178924560547	0.20921276092529298	0.4036423349380493	5.535880312919617	0.28766212463378904	0.4209895181655884	0.06549799919128418
61	602.2088979874519	0.0032532589108336205	0.023235134049957872	0.26697328978893803	0.19872613514170928	0.40313975951250863	5.2082420517416566	0.30815912228004605	0.05384464357413497	0.5565601563921162	0.4185381403156355	0.875929640788658	14.515162818572101	0.802971741732429	0.023026550517362708	0.2821389132854985	0.21003380943747127	0.40581497024087343	5.557207500233369	0.28990599220874264	0.42653145042120244	0.06548221438538794
62	613.3081698752161	0.003251676376049335	0.023339844666994534	0.2682468799444345	0.19968788898908174	0.40486324291962844	5.217964997658362	0.30948153367409337	0.05409110509432279	0.5592434910627512	0.4204991047198956	0.8801304652140691	14.579518460310423	0.8065088987350464	0.023130632363832913	0.2832006078500014	0.2108032886798565	0.4075188728479239	5.565164469755613	0.29106865937893206	0.43184472964360165	0.06545738531992985
63	624.4074417629803	0.0032524207852921397	0.023445349819255324	0.2696735139163035	0.20080710357090212	0.4066218969956884	5.229775284821132	0.3108405077232505	0.054330353466969614	0.5618525900930729	0.42245337198365407	0.8839357304123213	14.642904551524037	0.8099388401463347	0.02324450690791292	0.2842270743172124	0.2115449275610582	0.4091375323961366	5.574172771201943	0.29218252649847065	0.43696807465463317	0.06545988568719828
64	635.5067136507445	0.0032505768316763418	0.023549062234384043	0.2710414109406648	0.20179953398527922	0.40821325337445297	5.238773067792256	0.31215643882751465	0.05476997516773365	0.5643383308693215	0.4242709830955223	0.8875708315107558	14.709432050033852	0.8131195350929543	0.02335520143862124	0.2866873785301491	0.21346029970380995	0.41068509772971823	5.582724001672533	0.29325077268812394	0.44188209374745685	0.06544375861132587
65	646.6059855385087	0.0032513315027410334	0.023649384758689187	0.2722204858606512	0.20263366265730423	0.41021022796630857	5.252694017236883	0.31334876580671833	0.0549779935316606	0.5690097765489058	0.42604832649230956	0.8911073511297053	14.765488667921586	0.8168841752139004	0.023454002900557085	0.2875805898146196	0.2141419454054399	0.4121929905631325	5.5917128953066735	0.2942672165957364	0.44660258293151855	0.06545045159079811
66	657.7052574262729	0.003249755927494594	0.023740696055548533	0.27332555396216257	0.20344258631978715	0.4117044338158199	5.263185662882669	0.3149241805076599	0.05516268525804792	0.5713128617831639	0.4277563009943281	0.8945252980504718	14.82069795046534	0.8200249075889587	0.02354543549673898	0.2884805202484131	0.21481051189558847	0.4140441502843584	5.601009722266879	0.29536635109356474	0.4511592558452061	0.06544544015611921
67	668.804529314037	0.0032504608756617494	0.023825540877225108	0.2744310362297192	0.2042276106382671	0.41314156850179035	5.271607842361718	0.3160253282178912	0.0553606393044455	0.5741081697898999	0.42943400667424786	0.8978041724154824	14.866810363635683	0.8230048522614596	0.023631200455782705	0.2893736906218947	0.21544154903344942	0.4154222889950401	5.6048958134232905	0.2963356009700842	0.45559921599271	0.06546076557092499
68	679.9038012018012	0.003248814878792598	0.023904081048636602	0.2755774547313822	0.20545252027182742	0.4147815827665658	5.2771547868334014	0.31710372299983586	0.05553973132166369	0.5762252602083929	0.4310179126673731	0.9010160873676168	14.920308972227163	0.8257972207562677	0.023710571486374427	0.290213367034649	0.2160604370051417	0.4167628576015604	5.622996663225108	0.297297033770331	0.45991564208063584	0.06545075054826408
69	691.0030730895654	0.003249362363653668	0.023988303491624736	0.2765386993602171	0.20621664645308155	0.4161152071872	5.280827332351167	0.31808197700371177	0.055719157396736795	0.5801212545168601	0.4325935274867688	0.9040592646194716	14.972492363493322	0.8295784521911104	0.023782560380838685	0.2910098382982157	0.2166559655787581	0.4180589530427577	5.630590115563344	0.29820489479323564	0.464041358333523	0.06543963642443641
70	702.1023449773296	0.003248306115468343	0.024063233534495035	0.2775013089179993	0.20690361261367798	0.417389186223348	5.287448147932689	0.31905467907587687	0.05588002204895019	0.5821273008982341	0.43409887154897053	0.907865575949351	15.022382013003032	0.8321372588475545	0.023856957753499348	0.2927473465601603	0.21723575592041017	0.41979572772979734	5.653913656870524	0.29961175123850503	0.46804898579915366	0.06544940869013469
71	713.2016168650938	0.003249285651034996	0.024024275482678024	0.2770699321246538	0.20660623956899174	0.4166244327044878	5.270755982789837	0.3184890278050157	0.05578556607981197	0.5811746354962959	0.43343092574447883	0.9062911135251405	15.004140904692353	0.8305723588974749	0.023810554723270604	0.29212414241227946	0.21675409254480582	0.41899295322230606	5.6392771885043285	0.2990219866643187	0.4661749659991655	0.06544484466802879
72	724.300888752858	0.0032476379025366997	0.023977883400455598	0.2766189459831484	0.20627895093733264	0.41587346215401927	5.262082276805755	0.3179066065819033	0.05569304958466561	0.581563615029858	0.43281457885619135	0.9048594697829215	14.992837213700817	0.82951210775683	0.023766786821426883	0.291484901981969	0.21630592500009843	0.4182116639229559	5.636129836882314	0.2984092274019795	0.46436743582448653	0.0654200392384683
73	735.4001606406222	0.0032484039427742124	0.023934330259050642	0.27617960884457543	0.20597091932145375	0.41514604810684447	5.2482782772609164	0.317365740972852	0.05560376152159676	0.5806673140752883	0.4321783799973745	0.9033648929898701	14.967373079723782	0.8281557370745947	0.02372628166562035	0.2908726873851958	0.21590906854659792	0.41745149521600633	5.631463395224677	0.29783354108295745	0.4625786183372376	0.06541275221204
74	746.4994325283864	0.0032475851476192474	0.023901086300611496	0.276148896664381	0.2056613452732563	0.4144451953470707	5.247853327542543	0.31725434958934784	0.05551500245928764	0.5797470547258854	0.4315360598266125	0.9019452854990959	14.94409278780222	0.8267365470528603	0.023689012974500656	0.2902943976223469	0.21549265831708908	0.4167189262807369	5.637622233480215	0.2972852550446987	0.46087076887488365	0.06542900577187538
75	757.5987044161506	0.003248713566706731	0.023862934112548827	0.2757609880887545	0.20537490111130935	0.4137727664067195	5.242615105555608	0.31676320296067456	0.055431307279146635	0.5789140481215257	0.4309290225689228	0.9008548296414889	14.92054496911856	0.8253537984994742	0.023648397739116964	0.2897404927473802	0.21506616885845478	0.4160155773162842	5.658201158963717	0.296757591687716	0.4592288970947266	0.0654318222632775
76	768.6979763039147	0.00324787154342189	0.023826241493225098	0.27540814515316125	0.20507238850449072	0.4131148981325554	5.228762337655732	0.3162511442646836	0.05534584594495369	0.5780964656309648	0.4303470055262248	0.8995073961489128	14.898452672091397	0.8240470452742144	0.023615103779417095	0.28951773498997546	0.21467520973899148	0.41532734307375824	5.650146766142412	0.29625758257779206	0.45760265263644134	0.06542853875593706
77	779.7972481916789	0.003248769845535506	0.023793234753964554	0.2750818266797422	0.20480285117875285	0.4124763474535586	5.218561229421131	0.31575256675036983	0.055257583732035626	0.5773202554503484	0.42979359270921397	0.8982050134174859	14.875911623684328	0.8227498816020453	0.02357872920249825	0.28895642864170357	0.21430890951583634	0.4146613149500605	5.646570864008434	0.29578655513364877	0.45606022450461314	0.06544105330509926
78	790.8965200794431	0.003247685292187859	0.02375854113522698	0.2747609159525703	0.20454363612567678	0.41186296589234295	5.235269111745498	0.31528422411750345	0.05518610687816844	0.5766486490474028	0.42930158446816835	0.8969660541590523	14.856921038206886	0.8215367197990417	0.02354896769804113	0.28844113209668326	0.2139205021016738	0.41401292997248035	5.661788971985088	0.29534125678679524	0.4545907939181608	0.06544068631003885
79	801.9957919672073	0.0032482561857804008	0.02372676047725954	0.2744406997293666	0.20427957825038745	0.4112829851067584	5.220093696013741	0.314847002858701	0.05511411722155585	0.5760001410608706	0.4288322925567627	0.8957462414451267	14.834335696870003	0.8203441543855529	0.02352103979691215	0.2879712788955025	0.21356981388036755	0.41338557091312134	5.651934278184089	0.29488513089608454	0.4531117107557214	0.06544125598409901
80	813.0950638549715	0.003247009004865374	0.02378884724208287	0.2753249134336199	0.2049279144832066	0.41246913501194543	5.241395936693464	0.3159202814102173	0.05528095790318081	0.5777904408318656	0.43019820962633404	0.898400947025844	14.870332298960005	0.8227320500782558	0.023593395096915108	0.28871022973741806	0.21414595672062464	0.4145456824983869	5.667240704808917	0.2956876005445208	0.45673980372292655	0.06544369629451206
81	824.1943357427357	0.0032541214580267246	0.02386329879223461	0.27621544246942226	0.20557325994464712	0.4136254451644253	5.24914159237499	0.3167989253997803	0.055439935603611906	0.5795607365353007	0.43164070559219575	0.9010017086082781	14.908881587041936	0.825268802508502	0.02366778548334686	0.28943507772096444	0.2147158233212753	0.41568744686287895	5.682526957820839	0.2964345703662281	0.46027331285073725	0.06544582608719947
82	835.2936076304999	0.0032522579034169516	0.02392921182844374	0.27706198228730095	0.20618467529614767	0.4147518045372433	5.253829015625848	0.31764399343066746	0.05560209353764852	0.5812288886970944	0.43291527695126003	0.9038277169068655	14.942690663867527	0.8275935451189677	0.023739930656221177	0.29018037186728585	0.215227034356859	0.41677651140424943	5.700751778152254	0.2971789969338311	0.4640645715925429	0.06545052263471815
83	846.3928795182641	0.0032528034628254094	0.023987332435503397	0.2778715924040912	0.2067784511879699	0.4158371833905782	5.261367373270531	0.3185035365901581	0.0557473652983365	0.5829444617441256	0.43421979473061756	0.9065129136385983	14.981610987284412	0.8297032918015571	0.02380363255330961	0.2908508875598646	0.21573241116249398	0.4178371592743756	5.714487715943219	0.297958400151501	0.4673818790749328	0.06546172050580587
84	857.4921514060283	0.0032516975660581847	0.024053947345630544	0.27866438917211583	0.20736793569616369	0.41689538633501205	5.280828279417914	0.31931977658658417	0.05588398108611236	0.5846997402809762	0.4354551579501178	0.9089534282684326	15.021444588094145	0.8319168831851032	0.02387311329712739	0.29151208014101593	0.2162466371381605	0.4188836877410476	5.728525309949307	0.29870423432942983	0.4705945414465827	0.0654760083636722
85	868.5914232937924	0.0032520103454589844	0.024115091959635418	0.2794291400909424	0.20797433217366537	0.4179401397705078	5.28724217414856	0.3200778166453044	0.056024274826049804	0.5862634150187175	0.43665239651997884	0.9112834707895915	15.072457316716513	0.834395923614502	0.02393339157104492	0.2925490442911784	0.21674599647521972	0.4199016030629476	5.741416816711426	0.29972891489664716	0.4737596384684245	0.06548438390096029
86	879.6906951815566	0.0032549971028378137	0.024171092008289537	0.2802095130870217	0.20853141734474584	0.41894634460148056	5.301806688308716	0.3208134644909909	0.05616050958633423	0.5878566252557855	0.43788967320793554	0.9135512803730211	15.114088083568372	0.8363668542159232	0.02399512341147975	0.293168820832905	0.21720427588412636	0.4208940110708538	5.751851436338927	0.3003902999978316	0.47683781385421753	0.06549742974733051
87	890.7899670693208	0.003255515903621525	0.02423707850567706	0.28096753281432313	0.20906464465252764	0.41998422610295283	5.307779117064043	0.3215858626675296	0.056286489808714237	0.5893839334512686	0.4392649910666726	0.9157945862064114	15.149994292816558	0.8383132854065338	0.02405907271744369	0.29374938506584664	0.21766874078032258	0.42186306049297384	5.762494523803909	0.30107281424782495	0.4801595706444282	0.0654978287684453
88	901.889238957085	0.003254997424590282	0.02429373447711651	0.28167931238810223	0.20959347639328393	0.4209437248034355	5.322792661495698	0.3223206477287488	0.05644526848426232	0.590876395885761	0.44039665430020064	0.9179562299679487	15.187866534942236	0.8401648081265963	0.024116812608180903	0.29445502696893155	0.21816884248684615	0.42280339583372456	5.774088202378689	0.30170914454337877	0.48310192731710583	0.06550863767281556
89	912.9885108448492	0.003255364261096037	0.024346873730043822	0.2823594612411306	0.21016079564637777	0.42187988607189325	5.327892520759679	0.32301051405411735	0.05657327627833886	0.592328762706322	0.44148981722095343	0.9205093745943866	15.226520716389523	0.8420750008353705	0.02417707141441635	0.2950585522229158	0.21862511393390124	0.42372356185430216	5.781234677833847	0.3023290241820903	0.4859271532372583	0.06550452679018431
90	924.0877827326134	0.0032545089721679687	0.024395737051963805	0.28306096494197847	0.21065597534179686	0.4228194624185562	5.332176277041436	0.32367936670780184	0.05670799612998963	0.5937496066093445	0.44255451261997225	0.9225522488355636	15.259196102619171	0.8438967794179917	0.02424000799655914	0.295600625872612	0.2190305382013321	0.42461792528629305	5.782592192292213	0.3029394656419754	0.48872281014919283	0.06550703346729278
91	935.1870546203776	0.003255170068623107	0.02445052288196705	0.2837405499116874	0.21113811010195885	0.4237186320034074	5.3512401227597834	0.3243444525165322	0.05682809853259428	0.5951140338991895	0.44359108842449424	0.9245709754802562	15.29336835719921	0.8456647896472319	0.02430053699163743	0.2961565712351858	0.2194587419062485	0.4254950093634335	5.786507612393226	0.3035572134418252	0.4914307152783429	0.06550946353394309
92	946.2863265081418	0.0032542042615937026	0.024501221935923505	0.2843921300841541	0.21164749017575893	0.4249303486289048	5.369287377450524	0.32498415505013817	0.05695136581979147	0.5964664133583627	0.4446327947988743	0.9265304832923703	15.31867889950915	0.8474269901833883	0.024352469095369665	0.2967073364955623	0.21987152681118105	0.42635483567307636	5.785163757277698	0.3041191682582948	0.4940870447856624	0.06552088551405
93	957.385598395906	0.0032548416091735103	0.02455183684107769	0.2850520869335496	0.21211460125015444	0.42577546188630255	5.377833530127284	0.32560948865959444	0.05706808365971209	0.5978812884135418	0.445627083261329	0.9284350670963885	15.347480713603009	0.8491427323904382	0.0244049106735781	0.29722891945436775	0.22025108337402344	0.4271787505551993	5.7839398700070666	0.3046958274151905	0.4966745491487434	0.06552127470453102
94	968.4848702836701	0.0032537607919602167	0.024509801751091367	0.28465738750639413	0.21181677068982804	0.4253294581458682	5.374612955819993	0.3250838489759536	0.05697828247433617	0.5970871732348487	0.4450753302801223	0.9270685229982648	15.321374246052333	0.8480071794419062	0.02436876864660354	0.296727112361363	0.2198831524167742	0.42651547420592534	5.767589032649994	0.3041981430280776	0.4949881746655419	0.06553637981414795
95	979.5841421714343	0.00325474178089815	0.024467908634858974	0.28429215655607337	0.21155346141142004	0.4247785848729751	5.362500889161054	0.3245815725887523	0.05689659679637236	0.5962768891278435	0.4444786632762236	0.9257293617024142	15.299865688997157	0.8468477052800796	0.024332927255069508	0.29624735046835504	0.21953918232637293	0.42591803775114173	5.750732144187478	0.30371297107023354	0.49334698003881117	0.06553109393400304
96	990.6834140591985	0.0032539783522140147	0.024430000504782032	0.28392566913782163	0.21126610456511033	0.42416459737822065	5.362689409145089	0.32409485828044804	0.05682073083034782	0.5955053096593812	0.4439733111581137	0.9244326824365661	15.273919629496197	0.8456177295640458	0.024301523386045944	0.2957518488861794	0.21920481116272683	0.42528619045434995	5.738629493602486	0.303237424340359	0.4917371633440949	0.06552658247393231
97	1001.7826859469627	0.0032547260152882545	0.02439609341237737	0.28355858243744947	0.21099195261111206	0.4235699313810502	5.353133149530696	0.32362860646741143	0.056740642964154826	0.5947382422699325	0.44342118844218636	0.9233924493022349	15.267717972569082	0.8451615941935572	0.024268240764223296	0.29529440814051133	0.21886759516836582	0.4246665992956052	5.723744603409164	0.3027774712135052	0.49018992226699304	0.06553035768969305
98	1012.8819578347269	0.0032542645931243896	0.02436061609875072	0.28319409218701447	0.2107555947520516	0.42298147082328796	5.357456816868349	0.3231853625991128	0.05666883967139504	0.5942023396492004	0.4429554289037531	0.9221500212495978	15.245182221586054	0.8440953736955469	0.024242338809100063	0.2948589026927948	0.2185320800000971	0.42408463087948883	5.709834995594892	0.302352712912993	0.48866703835400666	0.06553994525562633
99	1023.9812297224911	0.0032547538200121246	0.024328159482291577	0.2828585672914312	0.21048687013347497	0.4224007210035003	5.363761446449194	0.3227247548906991	0.056583744756291424	0.5934945063644581	0.4424245437879241	0.9209316178654017	15.22065087382713	0.8429749735285726	0.024211232581835114	0.29442113704895706	0.21820232305633888	0.423502742574456	5.696541397759084	0.3019118978736106	0.4871572269482559	0.0655467322703158
100	1035.0805016102552	0.003253756629096137	0.024293083614773222	0.2825268030166626	0.21022469732496474	0.4218428717719184	5.3701786306169295	0.3222810427347819	0.056510512034098306	0.5927827702628241	0.44190093676249187	0.9198973205354478	15.201225593354966	0.8419592274559868	0.02418092091878255	0.2940145836936103	0.2178767866558499	0.42292651865217423	5.682352341545952	0.3014742215474447	0.4856857034895155	0.06554273499382866
101	1046.1797734980194	0.003255605697631836	0.024259323602194315	0.2822082566690969	0.20997271432981388	0.42129322984716394	5.37988865506518	0.3218404486939147	0.05644632171798539	0.5921322408613268	0.4414333327785953	0.9188133543664283	15.18193558546213	0.8408292885665055	0.02414953839647901	0.2935813049693684	0.2175582686623374	0.42237358564858907	5.66819968852368	0.3010778348524492	0.48422926860851245	0.06554034254053137
102	1057.2790453857835	0.003254372140635615	0.024222591648931088	0.2819130576175192	0.209748607614766	0.4209355815597203	5.380955698697464	0.3214144447575445	0.056369068829909615	0.5914980432261592	0.4409690214240033	0.9176525965980862	15.162814873716105	0.8397501603416775	0.02412028675493987	0.2931820076444875	0.21726093344066455	0.4218268316725026	5.654047242973162	0.3006566426028376	0.48297717778579047	0.06554970793102098
103	1068.3783172735477	0.003255057078535839	0.024200013888779508	0.2816195487976074	0.2095182377804992	0.4204043931858514	5.371863980447093	0.3210021065127465	0.05631482985711867	0.5910008184371456	0.4406571260062597	0.9165247845393355	15.14264480529293	0.8386986486373409	0.02409058488825316	0.292770698506345	0.21698423867584557	0.4212961760900354	5.642137522338539	0.3003159594792192	0.48159037097807855	0.06555051701043242
104	1079.477589161312	0.0032541625043179126	0.024168460927111036	0.2813401146137968	0.20928748364144184	0.41989339919800456	5.380055009050572	0.32059365637758946	0.05625378831903985	0.5903667186168914	0.4402004810089761	0.9154657455200844	15.121305146115892	0.8376201492674807	0.024069342207401357	0.2923807615929462	0.21668830831000147	0.42078087177682433	5.628167464378032	0.2999229076060843	0.4802700484052618	0.0655500127914104
105	1090.5768610490761	0.0032546871586849814	0.024134648473639237	0.2810459889863667	0.20906734466552734	0.4196121868334318	5.38589233850178	0.32020611010099714	0.05619156235142758	0.589797504324662	0.4397968518106561	0.9143964215328819	15.099173392747577	0.8365692314348723	0.0240446642825478	0.2919949029621325	0.2164284153988487	0.420309621409366	5.619273193258988	0.2995256122789885	0.4789581198441355	0.06557207609477796
106	1101.6761329368403	0.003253502150376638	0.0241008922457695	0.2807786539196968	0.20886862526337305	0.4191206470131874	5.38166248301665	0.3198222319285075	0.05612737685441971	0.5891957655549049	0.43935633450746536	0.9133500729997953	15.082287209729353	0.8354342629512151	0.02401795983314514	0.2916324883699417	0.2161680907011032	0.419816459218661	5.60776424407959	0.29915013660987216	0.4776996498306592	0.06559152404467265
107	1112.7754048246045	0.0032543103719495006	0.024071477123142518	0.28051341194467444	0.20865814710400768	0.4186585883504337	5.380402766552168	0.3194501621207011	0.05605919828119966	0.5886023831121701	0.4389096854888287	0.912330765085122	15.063069918720993	0.8344006095964884	0.023989768372368568	0.2912560025441278	0.21590400725295864	0.41932137233694805	5.599734190813045	0.2987951617879966	0.4764823766098809	0.06559384729444366
108	1123.8746767123687	0.003253275034378986	0.02404129748441735	0.2802493158651858	0.2084598395289207	0.41819074445841264	5.3837065380446765	0.31908356413549305	0.055992900108804505	0.5880090241529503	0.43850311454461544	0.9113431779705748	15.04507075037275	0.8343085074911312	0.023965760153167103	0.2908974715641567	0.2156293416509823	0.41884368049855136	5.588282546218561	0.29843926429748535	0.47525891235896517	0.06559505268019072
109	1134.9739486001329	0.003253999382558495	0.024013326625631312	0.2799982518860788	0.20825857586330837	0.4177260808270387	5.389984836482038	0.31870934939143636	0.05593469889477046	0.5874389084902677	0.43809612110407664	0.9103601821745285	15.026426854759755	0.8333157457486547	0.023937839450258198	0.29053488163032914	0.215373335462628	0.4183743144526626	5.576184542492182	0.2980688581563006	0.474081682436394	0.06560713353783193
110	1146.073220487897	0.0032532286643981935	0.02398956537246704	0.27974138259887693	0.208063006401062	0.4172752690315247	5.390820982456208	0.31834219455718993	0.0558709716796875	0.5868998718261719	0.43770284175872803	0.9094279527664184	15.006784565448761	0.8322600674629211	0.02390913963317871	0.2901918840408325	0.2151295566558838	0.41791987895965577	5.56462165594101	0.2977248406410217	0.47289199829101564	0.06561424255371094
111	1157.1724923756612	0.0032537313971188987	0.02395883881219543	0.27991851013485747	0.20811415662859925	0.4168298598563317	5.385221901506481	0.3181075176390091	0.055841863745509986	0.5863304846357591	0.4382525623434841	0.908500855511958	14.995188609208212	0.8316754043692409	0.023882743155602182	0.2898795061772413	0.21488463052428594	0.41758816549093414	5.557637741069983	0.2977182369421024	0.47180875457159366	0.06562143977325742
112	1168.2717642634254	0.0032527026008157167	0.02393790086110433	0.27965553134095433	0.20791971449758492	0.4163972957461488	5.386168650552338	0.31780890623728436	0.05578159117231182	0.5857918496225395	0.43786576448702347	0.9076964551327276	14.97639460657157	0.830698146539576	0.023852355339947867	0.28958894692215265	0.2146474333370433	0.41719358107622934	5.546676913897197	0.297374405112921	0.4706498851963118	0.06562816161735385
113	1179.3710361511896	0.003253230770814766	0.02391071689939036	0.27940514944132094	0.20772983495471548	0.4159707999923854	5.386757528897628	0.3174764623919737	0.055727583690754416	0.5870694118796043	0.437603054694759	0.9068177139874801	14.957923991008869	0.8297301241495076	0.023827902321676607	0.2892503807845625	0.21439997895250043	0.4167569540079358	5.536349620633913	0.2970528000766791	0.4695460310260069	0.0656325678223545
114	1190.4703080389538	0.0032524008017319897	0.023888913484720085	0.2791820810391353	0.20754092473250169	0.41576186968730044	5.378923654556274	0.31713922436420733	0.055668578698084906	0.586525178872622	0.43720940672434294	0.9058932753709646	14.94354547216342	0.8287894175602839	0.023804201529576227	0.2889372775187859	0.21416610250106224	0.41633279965474057	5.525607244326518	0.2967153971011822	0.4684721850431882	0.06563316858731784
115	1201.569579926718	0.0032529195149739584	0.023864827837262834	0.2789552166348412	0.20735575812203544	0.4154610066186814	5.368087911605835	0.31680630956377304	0.05561211449759347	0.5860213347843715	0.4368301232655843	0.9049924328213647	14.926666616258167	0.8278601850782122	0.023782382692609516	0.2886964570908319	0.2139634813581194	0.4158973989032564	5.515060613268898	0.29641228176298595	0.46741608665103	0.06563717524210612
116	1212.6688518144822	0.003252184615944916	0.023903396894346993	0.27953259675007947	0.2077822617764743	0.4161782984463674	5.377225342786537	0.3173686940714998	0.055713334173526405	0.5872112040249806	0.43771519525995795	0.9067423771012504	14.952069100343957	0.8292463905406449	0.023823335485638312	0.2892263520438716	0.21435734236015463	0.4166103466501776	5.518565470317625	0.2969229378790226	0.4697352467842822	0.06563642789732735
117	1223.7681237022464	0.003252528538213712	0.02394793412395727	0.2801406784592388	0.2081848371808774	0.4171009620773458	5.38715257377268	0.3179502487182617	0.05581646099268833	0.5883767114621457	0.4385929263640787	0.9083576001853586	14.978271907735094	0.8306178021653791	0.02386418235636203	0.28969759138945106	0.21471208501084943	0.417296344988814	5.521661649240512	0.2974196059681545	0.47205501182057036	0.0656512853141143
118	1234.8673955900106	0.0032517468487774886	0.023996534170927824	0.28069638543658787	0.20856665902667576	0.41778140156357374	5.398057668297379	0.3185123116881759	0.05592053245615076	0.5894921863520587	0.4394570169625459	0.9099566009309557	15.00392002971084	0.8319601836027922	0.023906354550962097	0.29017987736949213	0.21506939773206357	0.4184541834725274	5.525304571346	0.2979106108347575	0.47429984587210194	0.06565102382942482
119	1245.9666674777748	0.00325236407988662	0.024038962267954416	0.2812428649412383	0.20895410240243334	0.41845889266477815	5.40876417641246	0.31914233286446386	0.05602150882056	0.5905805027812993	0.4403063944720347	0.9115148203088603	15.03377369128236	0.8332569949123838	0.02395196573449931	0.29065362904049935	0.21542797832314028	0.41911380225365313	5.527766971413149	0.29839945933140744	0.4764981138596841	0.06565401532234402
120	1257.065939365539	0.0032515504143454813	0.024079444191672586	0.28176881833509965	0.20936481735923074	0.41912716952237217	5.419544534249739	0.31967236995697024	0.05611433982849121	0.5916712804274126	0.4411306077783758	0.9130407420071689	15.057396119291132	0.8345313679088245	0.02399223501032049	0.2911177310076627	0.21577452312816273	0.41975861679423937	5.530530998923561	0.29886674230748955	0.4786188667470759	0.06566018841483376
121	1268.1652112533031	0.0032561577118194857	0.02412423786816296	0.282279820055575	0.20974630278510017	0.41993635194795625	5.423785989348953	0.3201975779490428	0.05621216318628809	0.5928853374343734	0.44201116948514374	0.9145458453410381	15.08145030339559	0.8357874015430072	0.024038656337841136	0.2916035845473006	0.21612726460706005	0.4203978594358977	5.5326257675617665	0.2993229337640711	0.4808509822364326	0.06567110671653403
122	1279.2644831410673	0.0032554971320288523	0.02416389754840306	0.28277664312294554	0.21013382715838297	0.42057535903794424	5.434001215866634	0.32078409833567484	0.056306730423654826	0.5939425081014633	0.44283707652773174	0.916052520275116	15.105928435921669	0.8369848706892559	0.024083375930786133	0.2920781075954437	0.21645099989005498	0.4210224130323955	5.535184313144002	0.29977148345538546	0.48294201706136974	0.06567675726754325
123	1290.3637550288315	0.0032557660499505235	0.02420599692690689	0.2832761950197473	0.21050827904085143	0.42127667275150266	5.44619024327371	0.32129441953338356	0.05639812165656976	0.5951045213547428	0.443621899174378	0.9175315494030978	15.140213162498137	0.8393234046159592	0.024124189815690034	0.2925439640484025	0.21680706159203453	0.4216351888876046	5.536983530078314	0.30022217531119827	0.48501033487573136	0.0656809975615645
124	1299.243172539043	0.003254865345201994	0.024241840630246883	0.2837684300907871	0.21088199657306336	0.4218906185083222	5.456090703345182	0.32180527846018475	0.05649004484477796	0.5961252576426456	0.44439207461842317	0.9189720676656354	15.1609197792254	0.8405929239172685	0.024164099442331416	0.29296519881800603	0.2171302406411422	0.42223785843765527	5.542038206468549	0.30090536569294174	0.48746430664731744	0.06569243523112514
125	1306.346706547212	0.003255450207254161	0.024215747999108354	0.2835196640180505	0.21072100349094558	0.42142193006432577	5.453184291590815	0.3215040393497633	0.05642971370531165	0.5955811210300611	0.444036052538001	0.9180405098458995	15.142376653007839	0.8396737513334854	0.02413828061974567	0.29265962476315704	0.21689486088960067	0.42176717053289	5.530483766224073	0.300584017712137	0.4863315727399743	0.06569229208904764
126	1312.0295337537473	0.0032547054619624697	0.024192509980037295	0.2832621747049792	0.21052676439285278	0.4209646623710106	5.447630354042711	0.3211799757233981	0.05637681278689154	0.595059033097892	0.44365021483651523	0.9171191125080503	15.122858074204675	0.8387157690936121	0.024116080382774616	0.29236198293751686	0.21668329937704678	0.42158618466607456	5.518182158470154	0.3003629815989527	0.48521914358796747	0.06569754871828802
127	1316.5757955189754	0.003255399883302868	0.024166814282409146	0.2830121476426084	0.2103517381553976	0.4205254713694255	5.4449241935697374	0.3208549654381907	0.056316353316999905	0.5945548399900779	0.4432871443593604	0.9161977890210274	15.104622292722393	0.8378395321022751	0.02409779923593896	0.2920562670781062	0.21647381578755176	0.4211317046075805	5.506539809398162	0.3000558767563257	0.484126152136387	0.06570335534902719
128	1320.212804931158	0.003254912667355295	0.024141477326215324	0.2827911861872269	0.21017810853861146	0.42008308232840846	5.442743810556703	0.32052978216591527	0.05626103635561668	0.594040913096929	0.4429378428701627	0.9158274844541388	15.08425795425803	0.8369013899463719	0.024075267678600246	0.2917738284094859	0.2162716530137143	0.4206890372906701	5.4944127151521585	0.29974654569464215	0.48306406554529224	0.06570888777910652
129	1323.1224124609041	0.0032555175428630925	0.024119439245272083	0.28257450736871287	0.21001026610366436	0.41965094734640684	5.441782248120348	0.3202393836333972	0.05620264205612054	0.5935550297007841	0.4425767289490259	0.9149296824671641	15.062994301820002	0.8360686602712679	0.024056837338359414	0.291508291949745	0.21606709576454483	0.4202712203274254	5.4819503090962645	0.29944145579298004	0.48201265455294057	0.06571862076510902
130	1325.8972304328452	0.00325507124265035	0.024095410108566286	0.2823590040206909	0.20985229611396788	0.41943410634994505	5.440646638472875	0.319928107659022	0.056148743629455565	0.5930659254391988	0.4422151545683543	0.9141269048055013	15.041678404808044	0.8351727525393168	0.024036306142807006	0.29122573932011925	0.21585152347882589	0.4198468108971914	5.470718570550283	0.29912604093551637	0.48098360697428383	0.06571748256683349
131	1328.6720484047862	0.0032554677695282234	0.02407142347540737	0.2822081431869633	0.20973488319018654	0.4190178173632661	5.441610011187467	0.3196373320808095	0.05610026800928037	0.5925752545191236	0.4418844644688378	0.9132714685329721	15.021699596042476	0.834337216763457	0.024014904479349942	0.29095576814383517	0.21565593569731908	0.4194315267988473	5.459476421687229	0.29885091269311825	0.4799749319218407	0.0657263137092275
132	1331.4468663767273	0.0032547497358478483	0.02404680408415247	0.28198286353564656	0.20955854752024666	0.41865628273760686	5.440118439861985	0.3193412745585207	0.05604884468141149	0.5921093694499282	0.4415407630263782	0.9124296884067723	15.005398396585809	0.8335570487819735	0.023993929878610078	0.2906850732740809	0.21545956564731286	0.4190246570305746	5.44849118052936	0.29857175858294377	0.4789804220199585	0.06573343276977539
133	1334.2216843486683	0.003255142429010655	0.024024465219761298	0.2818429644514875	0.2094071841821438	0.41826107831505255	5.442791566616151	0.3190935743533499	0.05600768570008317	0.5916649345459977	0.44120736819941825	0.9116132608274135	14.988069206718507	0.8327917587466356	0.02397482375788495	0.29042885943156915	0.21526665222354052	0.41883633001063897	5.4375936907481375	0.2984092933375661	0.4779746144767699	0.06573147890044422
134	1336.9965023206094	0.0032547212416125884	0.02400890665669595	0.2818423028915159	0.20924039809934555	0.4178697313031843	5.433129693231275	0.31880236825635355	0.05596342971248011	0.5913987390456661	0.44100930229310065	0.9107955098152161	14.97230468065508	0.8320189925932115	0.023950365281874133	0.29017470152147357	0.21507225498076407	0.4184301918552768	5.426789616384814	0.2981154130351159	0.47699806190306143	0.06574251382581649
135	1339.7713202925504	0.003255115509033203	0.023988346099853515	0.28162886428833006	0.20909424781799316	0.41748435401916506	5.432180850982666	0.31850597381591794	0.05591097068786621	0.5909451370239258	0.4406901397705078	0.9100072994232178	14.955647192001344	0.8312732543945313	0.023934436798095704	0.2899121189117432	0.21488852500915528	0.4180681095123291	5.4163339252471925	0.2978398494720459	0.4760469570159912	0.06575258255004883
136	1342.5461382644914	0.0032545744426666742	0.023967423136272127	0.28143396074809723	0.20893509236593094	0.41710092529417975	5.4270854317952715	0.31824802027808297	0.05586339935423836	0.590507121313186	0.44037624010964044	0.9092547004185025	14.93878850293538	0.8306000724671379	0.023916520769633944	0.2896962449664161	0.21472378382607113	0.4176718318273151	5.406897414298284	0.29756488118852886	0.4751334341745528	0.06576002211797805
137	1345.3209562364325	0.0032548697914664203	0.02394692541107418	0.28124533112593525	0.20878629233893448	0.4167247682105838	5.427966168546301	0.3179795892219844	0.0558254249452606	0.5900722770240363	0.44006228259229285	0.9088073828088956	14.922266177305087	0.8298094817033903	0.023893311267762674	0.2894359836428184	0.2145454057558315	0.4173310854303555	5.399029054040984	0.2973029500856174	0.4742210455766813	0.065769533472737
138	1348.0957742083735	0.0032541919499635696	0.023927971720695496	0.282165739685297	0.20869878493249416	0.41663205809891224	5.4281308725476265	0.31820259243249893	0.0557792242616415	0.5896917805075645	0.4397714100778103	0.9080392066389322	14.9082320202142	0.8290254771709442	0.023881057277321815	0.28919927403330803	0.2143616769462824	0.41712217777967453	5.401826249435544	0.2972520440816879	0.4733251854777336	0.06577949784696102
139	1350.8705921803146	0.0032545171042745427	0.023912492648575655	0.2819558668506238	0.20854560718979948	0.41625888957533724	5.424323089363039	0.3179314949715784	0.05573746030644853	0.5892623394958733	0.4394849178402923	0.9072886418926623	14.891523331634758	0.8282846092253693	0.023862598478332046	0.28895106241684554	0.21418630984402443	0.4167459953662961	5.410491632860761	0.29702699276828026	0.472429634064667	0.0657898511073386
140	1353.6454101522556	0.003253975281348595	0.023893035375154935	0.281759944328895	0.20839419181530291	0.4158930851862981	5.4202220916748045	0.317658439049354	0.05569450121659499	0.5888469475966234	0.4391965059133676	0.9065501763270452	14.877321644929738	0.827558108476492	0.023843906475947453	0.2887186490572416	0.2140215983757606	0.416379451751709	5.410808086395264	0.2967603445053101	0.47156684215252215	0.06579057436722975
141	1356.4202281241967	0.003258097262782905	0.023875906267238938	0.2815669638509969	0.20825741673243864	0.4155373136505826	5.416204447054681	0.31739848988656777	0.05565428187828938	0.58845015336539	0.4388983486262897	0.9058105399590413	14.859840884463477	0.8268722596059319	0.023824287734868874	0.2885062603550103	0.21385135177437586	0.41601991653442383	5.420101728148133	0.2965010104288582	0.4706888817648851	0.06579588205759762
142	1359.1950460961377	0.0032573541005452475	0.023853896242199524	0.28136385390252777	0.20811259204691107	0.4151854569261724	5.405916557167515	0.31713359825538867	0.055611371994018555	0.5880491968357202	0.4386237552671721	0.9050876660780474	14.845317190343684	0.826167263767936	0.023808367324597908	0.2882635159925981	0.21369145494518857	0.41570355133576825	5.425891395771142	0.2962384530992219	0.4698256326444221	0.0657987395922343
143	1361.9698640680788	0.0032577425017392726	0.02383619681336826	0.28117565642622183	0.2079670070705557	0.41484488759722027	5.4058945089354555	0.316879795906239	0.05557652165118913	0.5876513387923851	0.43834475467079564	0.9043761267697901	14.829410484858922	0.8254946622633397	0.023790470639565832	0.2880464944624363	0.2135226565196102	0.41535010552944096	5.4335165525737565	0.2959916968094675	0.4689668461792451	0.06580325176841334
144	1364.7446820400198	0.0032571998994741867	0.023820179611889283	0.28098939959682634	0.20784900615464397	0.4145020068581425	5.402449526003937	0.31663638620234247	0.05554024852923493	0.5872633724070307	0.43805342112014545	0.9036775649483524	14.814951690275278	0.8247885828587547	0.023774287593898488	0.28782042994428036	0.21335570136112952	0.4150020008656516	5.434048252319222	0.2957710935108697	0.4681430432333875	0.0658108031571801
145	1367.5195000119609	0.003257560729980469	0.02380005341989023	0.28088437539559824	0.20795456568400064	0.41416753133138023	5.3985268363246215	0.3163908499258536	0.05550209857799389	0.5868823775538692	0.4377777435161449	0.9030018347280997	14.801810674314146	0.8241305333596689	0.02375819064952709	0.2875957524334943	0.2131960286034478	0.41497973689326534	5.425721196775084	0.2955429024166531	0.4673299683464898	0.06583103427180538
146	1370.294317983902	0.00325697660446167	0.02378368377685547	0.28071867017184987	0.2080089239513173	0.4138406304752125	5.39386647939682	0.31613913879675026	0.055469877579632926	0.5864968703073614	0.43750275934443755	0.9023262910983142	14.78833272527246	0.8234499727978426	0.02374240756034851	0.2873821135829477	0.21304513952311346	0.4148014292997472	5.416103548863354	0.2953226478660808	0.4665219538352069	0.06583311452585108
147	1373.069135955843	0.0032572537443063556	0.023768068230065116	0.28054703587163105	0.20787862965660373	0.4135158740691025	5.394766118404639	0.31589659461139763	0.05543333770584886	0.5861177792514327	0.43724112963154366	0.9016584201450766	14.77419219573919	0.822802620212527	0.02372533909595796	0.28716368744843196	0.2128979028576482	0.414478115791822	5.408906670382423	0.2957523756653723	0.4657359836745436	0.06583495209686947
148	1375.843953927784	0.0032574491224427156	0.0237532629482988	0.28037496235059656	0.2077504793802897	0.41319115092788916	5.395396408827408	0.31566598104394	0.055399543997170266	0.5857596207356107	0.4369822533234306	0.9010051177895587	14.761737332827803	0.8221037284187649	0.023709960605787193	0.2869624746018562	0.21273771403492361	0.4141514577727387	5.399404123209525	0.2955321108085522	0.4649579974188321	0.06583937354709792
149	1378.618771899725	0.003257955578591326	0.023735967471445206	0.28024897987036396	0.20765150536736138	0.4128761943295705	5.398650478116043	0.3154527643601671	0.05537023647226018	0.5854093376681101	0.4367306781329697	0.900377740105279	14.746809976564037	0.8214574923618234	0.023703017680765055	0.28675328741828315	0.2125753584525568	0.41383388059602366	5.390106412146589	0.2953126516273553	0.4641974504045445	0.06584703321937177
150	1381.393589871666	0.0032574636595589773	0.02372077703475952	0.2800918051174709	0.20752098900931223	0.4125644258090428	5.398466009753091	0.3152172429221017	0.05533492905752999	0.585063442162105	0.43646992785590033	0.8997615831238883	14.735532910483224	0.8208163891519819	0.023686526502881732	0.2865488478115627	0.2124232837132045	0.41352568353925434	5.380837975229536	0.29508706331253054	0.46345639569418773	0.06585518973214285
151	1384.1684078436072	0.0032577852830819203	0.023705651574101008	0.27994261396692155	0.20739534729761436	0.4122602111058878	5.400452737267136	0.3150081144157031	0.05529548259491616	0.5847220606837712	0.4362157219690634	0.899118609462224	14.722188711166382	0.8201555377202676	0.0236713023895913	0.2863564812545235	0.21227994878241357	0.41321471058730536	5.371602438865824	0.29487778785380914	0.4626995654816323	0.06586407431473969
152	1386.9432258155482	0.0032571604554082305	0.02368914073621723	0.2797769996481882	0.2072892189025879	0.41196368445812814	5.401323286580368	0.31478337167014536	0.05525981204610475	0.5853998493140852	0.43654540223135074	0.8985060822795814	14.713181208556806	0.8195198942238177	0.023659701078710422	0.2861750629586233	0.21214388793622943	0.4130872823822666	5.364437724502993	0.2948160003608381	0.4619600386686728	0.06587117994335336
153	1389.7180437874893	0.0032575097117390666	0.023677554163899456	0.2796190418563523	0.20716074296644518	0.411671810216837	5.400297106562794	0.3145594430136514	0.05522493048981353	0.5850719021750497	0.4363088207645016	0.8978865746851568	14.701889341527766	0.8189041981330285	0.023641647992434203	0.2859782255612887	0.21198955949369844	0.4127867872064764	5.355518879590335	0.29460057845482457	0.46124208723748483	0.06588035363417405
154	1392.4928617594303	0.0032571454842885337	0.02366300920645396	0.27960464192761314	0.20711354580190447	0.41137974129782784	5.390716979900996	0.3143419159783257	0.05518979165289137	0.5848200718561808	0.43608564303980935	0.8974771168496873	14.69006038374371	0.8186870680914985	0.02362674805853102	0.28581419918272233	0.21186347802480063	0.4124983383549584	5.346964728501108	0.29438410368230605	0.4605206780963474	0.06588958038224114
155	1395.2676797313713	0.003257730089384934	0.023648906576222387	0.27944071539517107	0.2069982545129184	0.41109476747183965	5.382796892626533	0.314138308886824	0.05515969703937399	0.5845007978636643	0.43586499444369614	0.8968784266504748	14.678006237950818	0.8180854156099516	0.02361036333544501	0.2856360583469785	0.2117212673713421	0.4122157442158666	5.338793603305159	0.2941650094657109	0.4598288815597008	0.0658933557313064
156	1398.0424977033124	0.0032574020019949298	0.02363398793625505	0.2792858358931868	0.2068892619381212	0.4108294820132321	5.383363715589863	0.3139675578025922	0.055126219579618274	0.5842124501319781	0.43563590311024286	0.8963040472709969	14.666072040388029	0.8175245882713631	0.02359592914581299	0.28546370218877926	0.21158808224821743	0.41205760387525164	5.330928131325604	0.29395964864182145	0.4591496709274919	0.06590511374277612
157	1400.8173156752534	0.003257842290969122	0.02361838185057348	0.27913032421449413	0.20677329731636307	0.4105536970151525	5.3837590720377815	0.31375423094042304	0.05509536931303893	0.5839369524092901	0.43540318969155656	0.8957274138521986	14.655777760914393	0.8169243092439613	0.02358230279416454	0.28527399147448895	0.21145331778493867	0.4117730069322651	5.322942274768336	0.29374229178136707	0.4584750658800813	0.06591233753022693
158	1403.5921336471945	0.003257289126112654	0.023603237964011526	0.27898059825639465	0.20666177208359177	0.4102836219040123	5.385037456009839	0.31362290156854167	0.05506328634313635	0.58362143909609	0.43525998656814163	0.8952026479953045	14.645296053306476	0.8163362950892061	0.023573643452412373	0.285089956747519	0.21131313974792892	0.41150077774718	5.314983166552879	0.29353874599611435	0.4584910450754939	0.06591614678099349
159	1406.3669516191355	0.0032575898522498622	0.023591606408957667	0.2788340773358441	0.20654577056833562	0.41001274761737594	5.385578037108351	0.3134193372406415	0.05503502148109794	0.5834748296929686	0.4350337262121623	0.8946357765453774	14.637014843473498	0.8158286161870765	0.02356000394629152	0.2849142455414638	0.2111878299073085	0.41122984726156964	5.307089613588064	0.2933447841029839	0.45783248203712823	0.06592481728368157
160	1409.1417695910766	0.0032571585973103843	0.02357906977335612	0.2786795695622762	0.20643842379252117	0.4097441069285075	5.37989875793457	0.31321736335754397	0.05500228881835938	0.5831503248214722	0.43480496883392333	0.894085644086202	14.62758399327596	0.8152901458740235	0.02354363759358724	0.28475514411926267	0.21106173833211264	0.41095300515492755	5.299348022143046	0.2931454944610596	0.45717713991800946	0.06593041102091471
161	1411.9165875630176	0.0032606409085507424	0.023562949224813095	0.2785324545096088	0.20631736319586141	0.40948095858491806	5.375131681265421	0.31302087828023545	0.0549725065168166	0.58287507650868	0.43457679874849636	0.8935475207322481	14.619462763236848	0.8147371604742594	0.02352773274806951	0.2845955463434687	0.21093162006100283	0.41083161404590735	5.2915092635628405	0.2929480344254449	0.4565227079075693	0.06593607119377086
162	1414.6914055349587	0.003260044675124319	0.023550224931616532	0.27839394933299016	0.20620179333184896	0.4092239690454383	5.3688043591223265	0.312824453178205	0.054942582782946135	0.582611968642787	0.4343852792915545	0.8930144796245977	14.608761851724825	0.8141709911195856	0.023517523941240813	0.284433314674779	0.21080664741365532	0.41080573044325175	5.2836992803372835	0.2927536274257459	0.45588376961256327	0.06594004442817286
163	1417.4662235068997	0.0032603257621815003	0.023538845037323196	0.278257857740315	0.2060932006711274	0.40906964719685074	5.369636266060125	0.31263455066805573	0.05490898930169399	0.5823171543919183	0.43418676089617164	0.8924873046625673	14.598341499278748	0.8135974173452339	0.023508279152165832	0.28425226024552885	0.21068639225429958	0.41054249588960134	5.275990037357106	0.2925604215634415	0.45525313670339146	0.0659478271708769
164	1420.2410414788408	0.003259725384898	0.023525016648428782	0.27813235196200287	0.2060055485019436	0.4088210595118535	5.362922826370635	0.312449718450571	0.05487500847160042	0.5820232583330823	0.43396911992655174	0.8919659868463293	14.58659094649476	0.8130550988308796	0.023493525269743683	0.2841107009293197	0.21055987283780978	0.4103029145822897	5.268383406973505	0.29237838070113936	0.4546281950814383	0.06595036735782375
165	1423.0158594507818	0.0032599464539558656	0.023517957810432682	0.2779784002611714	0.2058982418429467	0.40857577016276697	5.363368983422556	0.3122549964535621	0.054848415620865364	0.5818551863393476	0.43432632876980687	0.8914535030241936	14.575752070642286	0.8125722823604461	0.023479038669217016	0.28395061954375234	0.21043442295443626	0.410051647309334	5.260523909907187	0.29218271624657416	0.4540041339012884	0.06595809998050813
166	1425.7906774227229	0.003259311883877485	0.023504419204516288	0.2778461911739447	0.2058049134719066	0.4083329164064847	5.362614922034434	0.3120781565323854	0.054820687342912726	0.5815568214807755	0.43411592489633805	0.8909446551249578	14.566017270088196	0.8120572154338543	0.023466224853809062	0.2837794484236302	0.2103107342353234	0.40982227447705394	5.2531229975896006	0.2920284683887775	0.4534048575621385	0.06596156114186996
167	1428.565495394664	0.0032598380070583076	0.0234901555784189	0.27803376373971345	0.20570776265138274	0.4081365667330991	5.370837939013342	0.3120678230455727	0.05479241480493242	0.5812688238301854	0.43390937823398856	0.8904513067500607	14.559900045394897	0.8115448754304534	0.02345472080692364	0.28362417069210366	0.21019471982482132	0.40957392097278766	5.24571742221808	0.29187074284644643	0.45280512730786754	0.0659733167879141
168	1431.340313366605	0.003259465664247923	0.02347689489775066	0.27789814713635025	0.2056039511402951	0.4078991835630393	5.370854340022123	0.3118854232981235	0.05476643616640115	0.581002331987212	0.4338723798341389	0.889952929714058	14.550827815562863	0.811037799980067	0.023442458502853973	0.2840209052532534	0.21007878116414516	0.4093262575849702	5.239365393602395	0.2922001081176951	0.45221630983714817	0.06597821320159526
169	1434.115131338546	0.003259714294529561	0.02346771318207747	0.2777626304506506	0.20550963563739127	0.407668596543606	5.370715828061853	0.3117155009095774	0.054737050578279316	0.5807279100957906	0.4336781636723932	0.8894659303269297	14.542836186271044	0.8105324799159788	0.023431053701436746	0.28385240326887407	0.20996990893621864	0.40908541319505226	5.23287673866224	0.2920152541226561	0.45163742701212567	0.06598343939151403
170	1436.889949310487	0.00325901061296463	0.023455128073692322	0.2776326730847359	0.2054016575217247	0.4074425041675568	5.368113067746163	0.311555115878582	0.05470592528581619	0.5804589584469795	0.4334866672754288	0.889015007019043	14.532455196976661	0.8100215494632721	0.02341800183057785	0.2836938455700874	0.2098727270960808	0.4088511496782303	5.2263904988765715	0.29184810668230055	0.4510589063167572	0.06599141806364059
