Domain	Iteration	Time[s]	Avg. Step time[s]	Avg. C-rate	Avg. C-rate slope[s.-1]	Avg. OCP slope [V]	Avg. CPU time per solve [s]	Avg. CPU time per solve x core[s]	Avg. CPU time per solve x core and per dof[s]
Electrolyte_w_sep	11	47.245303599242945	5.516230088500855	1.1999999999999997	0.0	4.896452108057757	1.24102321267128	44.67683565616608	6.474903718284938e-05
R_material	11	47.245303599242945	5.516230088500855	1.1999999999999997	0.0	4.896452108057757	0.4477191209793091	16.11788835525513	4.792198383537632e-05
L_material	11	47.245303599242945	5.516230088500855	1.1999999999999997	0.0	4.896452108057757	0.4576139748096466	16.474103093147278	4.8981087641963034e-05
Electrolyte_w_sep	12	58.344575487007106	6.160427219185082	1.1999999999999997	0.0	4.750203260691766	1.2612331244680617	45.40439248085022	6.580346736355104e-05
R_material	12	58.344575487007106	6.160427219185082	1.1999999999999997	0.0	4.750203260691766	0.4453363312615289	16.03210792541504	4.76669399808972e-05
L_material	12	58.344575487007106	6.160427219185082	1.1999999999999997	0.0	4.750203260691766	0.4478989972008599	16.124363899230957	4.794123703448622e-05
Electrolyte_w_sep	13	69.44384737477127	6.671342184900159	1.2000000000000002	0.0	4.5757249946841	1.2628653874764075	45.46315394915067	6.588862891181256e-05
R_material	13	69.44384737477127	6.671342184900159	1.2000000000000002	0.0	4.5757249946841	0.44931000959677775	16.175160345484	4.809226590517815e-05
L_material	13	69.44384737477127	6.671342184900159	1.2000000000000002	0.0	4.5757249946841	0.45099605505283064	16.2358579819019	4.827273316535221e-05
Electrolyte_w_sep	14	80.54311926253543	7.086460594543659	1.2	0.0	4.364583334651183	1.2596296001883114	45.34666560677921	6.571980522721624e-05
R_material	14	80.54311926253543	7.086460594543659	1.2	0.0	4.364583334651183	0.44762765587150277	16.1145956113741	4.791219379244e-05
L_material	14	80.54311926253543	7.086460594543659	1.2	0.0	4.364583334651183	0.44777672431048227	16.119962075177362	4.7928149455239294e-05
Electrolyte_w_sep	15	91.64239115029959	7.430415848248274	1.2000000000000002	0.0	4.121007201483361	1.2602273792028427	45.36818565130233	6.575099369753962e-05
R_material	15	91.64239115029959	7.430415848248274	1.2000000000000002	0.0	4.121007201483361	0.4527675382206949	16.299631375945015	4.846234532118184e-05
L_material	15	91.64239115029959	7.430415848248274	1.2000000000000002	0.0	4.121007201483361	0.44820365905761717	16.135331726074217	4.7973846766549575e-05
Electrolyte_w_sep	16	102.74166303806375	7.720062377683742	1.2000000000000004	0.0	3.8687688784112826	1.2588766839193262	45.31956062109574	6.568052263926919e-05
R_material	16	102.74166303806375	7.720062377683742	1.2000000000000004	0.0	3.8687688784112826	0.4579128676121778	16.4848632340384	4.901307987856905e-05
L_material	16	102.74166303806375	7.720062377683742	1.2000000000000004	0.0	3.8687688784112826	0.4512047845384349	16.243372243383657	4.8295074697277895e-05
Electrolyte_w_sep	17	113.84093492582791	7.967321610128648	1.2000000000000002	0.0	3.638597551709568	1.259554801078943	45.34397283884195	6.571590266498833e-05
R_material	17	113.84093492582791	7.967321610128648	1.2000000000000002	0.0	3.638597551709568	0.4762064545555452	17.14343236399963	5.097114898196931e-05
L_material	17	113.84093492582791	7.967321610128648	1.2000000000000002	0.0	3.638597551709568	0.456767526956705	16.44363097044138	4.8890487400817576e-05
Electrolyte_w_sep	18	124.94020681359207	8.18086367451289	1.2000000000000002	0.0	3.447188402203253	1.2620094665165604	45.43234079459617	6.584397216608141e-05
R_material	18	124.94020681359207	8.18086367451289	1.2000000000000002	0.0	3.447188402203253	0.4887947311401367	17.59661032104492	5.2318545505223705e-05
L_material	18	124.94020681359207	8.18086367451289	1.2000000000000002	0.0	3.447188402203253	0.4737113775878117	17.05360959316122	5.0704086369467494e-05
Electrolyte_w_sep	19	136.03947870135624	8.367145049826803	1.2000000000000004	0.0	3.2927887550013932	1.262045405805111	45.43363460898399	6.58458472593971e-05
R_material	19	136.03947870135624	8.367145049826803	1.2000000000000004	0.0	3.2927887550013932	0.49895355301181765	17.962327908425436	5.340590334791826e-05
L_material	19	136.03947870135624	8.367145049826803	1.2000000000000004	0.0	3.2927887550013932	0.4811076484620571	17.319875344634056	5.149575229720891e-05
Electrolyte_w_sep	20	147.1387505891204	8.53107266010304	1.2000000000000002	0.0	3.1656524729039575	1.2621938739504133	45.438979462214874	6.585359342349981e-05
R_material	20	147.1387505891204	8.53107266010304	1.2000000000000002	0.0	3.1656524729039575	0.5112377269156028	18.4045581689617	5.472074999096647e-05
L_material	20	147.1387505891204	8.53107266010304	1.2000000000000002	0.0	3.1656524729039575	0.4864677497318813	17.512838990347728	5.206947513899115e-05
Electrolyte_w_sep	21	158.23802247688457	8.676442427706503	1.2000000000000004	0.0	3.05682368811204	1.2627045841593492	45.45736502973657	6.588023917353127e-05
R_material	21	158.23802247688457	8.676442427706503	1.2000000000000004	0.0	3.05682368811204	0.5182546917696177	18.657168903706236	5.5471816587300306e-05
L_material	21	158.23802247688457	8.676442427706503	1.2000000000000004	0.0	3.05682368811204	0.4843580079706092	17.43688828694193	5.184365719679704e-05
Electrolyte_w_sep	22	169.33729436464873	8.806236863066733	1.2	0.0	2.9605624864651587	1.2632509469985962	45.47703409194946	6.590874506079632e-05
R_material	22	169.33729436464873	8.806236863066733	1.2	0.0	2.9605624864651587	0.5205171907568253	18.738618867245712	5.571398502463522e-05
L_material	22	169.33729436464873	8.806236863066733	1.2	0.0	2.9605624864651587	0.48332756176227476	17.399792223441892	5.173336254056031e-05
Electrolyte_w_sep	23	180.4365662524129	8.922831864322534	1.2000000000000002	0.0	2.87367397775284	1.2634632899002596	45.48467843640935	6.591982382088311e-05
R_material	23	180.4365662524129	8.922831864322534	1.2000000000000002	0.0	2.87367397775284	0.5261438666163264	18.94117919818775	5.631624089656698e-05
L_material	23	180.4365662524129	8.922831864322534	1.2000000000000002	0.0	2.87367397775284	0.48198250884359534	17.351370318369433	5.158939369668853e-05
Electrolyte_w_sep	24	191.53583814017705	9.028143478360034	1.2000000000000004	0.0	2.7943900584904955	1.2622480785593073	45.440930828135066	6.585642149005082e-05
R_material	24	191.53583814017705	9.028143478360034	1.2000000000000004	0.0	2.7943900584904955	0.5247264102025686	18.890150767292468	5.616452228513293e-05
L_material	24	191.53583814017705	9.028143478360034	1.2000000000000004	0.0	2.7943900584904955	0.47850895562070483	17.226322402345374	5.1217599074572374e-05
Electrolyte_w_sep	25	202.6351100279412	9.12373402033253	1.2	0.0	2.721607977283665	1.2607609009742737	45.387392435073856	6.577882961604907e-05
R_material	25	202.6351100279412	9.12373402033253	1.2	0.0	2.721607977283665	0.5263643105064283	18.94911517823142	5.633983628939935e-05
L_material	25	202.6351100279412	9.12373402033253	1.2	0.0	2.721607977283665	0.47582820296287537	17.129815306663513	5.093066251208171e-05
Electrolyte_w_sep	26	213.73438191570537	9.21089010271922	1.2000000000000002	0.0	2.6544964578253665	1.260300799360815	45.37082877698934	6.575482431447731e-05
R_material	26	213.73438191570537	9.21089010271922	1.2000000000000002	0.0	2.6544964578253665	0.5259370480187878	18.933733728676362	5.629410389811487e-05
L_material	26	213.73438191570537	9.21089010271922	1.2000000000000002	0.0	2.6544964578253665	0.4746419776160762	17.087111194178743	5.080369390781463e-05
Electrolyte_w_sep	27	224.83365380346953	9.290680882369008	1.2000000000000002	0.0	2.592326783736612	1.2593131076012338	45.335271873644416	6.570329257049915e-05
R_material	27	224.83365380346953	9.290680882369008	1.2000000000000002	0.0	2.592326783736612	0.5308764154818948	19.111550957348214	5.682279315133739e-05
L_material	27	224.83365380346953	9.290680882369008	1.2000000000000002	0.0	2.592326783736612	0.4786896545972143	17.232827565499715	5.123694033793503e-05
Electrolyte_w_sep	28	235.9329256912337	9.364002139344485	1.2	0.0	2.5344169499022633	1.2588829044568337	45.31978456044601	6.568084718905218e-05
R_material	28	235.9329256912337	9.364002139344485	1.2	0.0	2.5344169499022633	0.5329983555540747	19.187940799946688	5.704991674975824e-05
L_material	28	235.9329256912337	9.364002139344485	1.2	0.0	2.5344169499022633	0.4759373371883974	17.13374413878231	5.094234378354475e-05
Electrolyte_w_sep	29	247.03219757899785	9.431610051620577	1.2000000000000002	0.0	2.480125226505688	1.2573548766874498	45.26477556074819	6.560112400108434e-05
R_material	29	247.03219757899785	9.431610051620577	1.2000000000000002	0.0	2.480125226505688	0.5327403962844077	19.178654266238677	5.702230586746194e-05
L_material	29	247.03219757899785	9.431610051620577	1.2000000000000002	0.0	2.480125226505688	0.47691169861824284	17.168821150256743	5.1046635359452284e-05
Electrolyte_w_sep	30	258.13146946676204	9.494147370475961	1.1999999999999997	0.0	2.4288613566215056	1.2570393360578096	45.253416098081146	6.558466101171181e-05
R_material	30	258.13146946676204	9.494147370475961	1.1999999999999997	0.0	2.4288613566215056	0.5298066165810624	19.073038196918247	5.6708286347337924e-05
L_material	30	258.13146946676204	9.494147370475961	1.1999999999999997	0.0	2.4288613566215056	0.47809068789848913	17.211264764345607	5.1172829445392724e-05
Electrolyte_w_sep	31	269.23074135452623	9.552163919293607	1.2	0.0	2.3801006207433453	1.2559151816017486	45.21294653766295	6.552600947487384e-05
R_material	31	269.23074135452623	9.552163919293607	1.2	0.0	2.3801006207433453	0.5272125960244827	18.979653456881376	5.643063322653946e-05
L_material	31	269.23074135452623	9.552163919293607	1.2	0.0	2.3801006207433453	0.47627324917737174	17.145836970385382	5.0978298399176366e-05
Electrolyte_w_sep	32	280.3300132422904	9.606132801914674	1.2	0.0	2.3333944639806385	1.2551889377580563	45.18680175929003	6.548811849172467e-05
R_material	32	280.3300132422904	9.606132801914674	1.2	0.0	2.3333944639806385	0.5248351666707635	18.894066000147486	5.6176163123030205e-05
L_material	32	280.3300132422904	9.606132801914674	1.2	0.0	2.3333944639806385	0.4745969360982868	17.085489699538325	5.079887285196448e-05
Electrolyte_w_sep	33	291.4292851300546	9.656463332898364	1.1999999999999997	0.0	2.2883754601122557	1.258500935258092	45.30603366929131	6.566091836129175e-05
R_material	33	291.4292851300546	9.656463332898364	1.1999999999999997	0.0	2.2883754601122557	0.5276029891655093	18.993707609958335	5.647241927702754e-05
L_material	33	291.4292851300546	9.656463332898364	1.1999999999999997	0.0	2.2883754601122557	0.47630290888451243	17.146904719842446	5.0981473050290324e-05
Electrolyte_w_sep	34	302.5285570178188	9.703511437948336	1.2	0.0	2.2447564552293406	1.258799002542124	45.31676409151647	6.567646969784995e-05
R_material	34	302.5285570178188	9.703511437948336	1.2	0.0	2.2447564552293406	0.5273067153966765	18.983041754280354	5.644070737084449e-05
L_material	34	302.5285570178188	9.703511437948336	1.2	0.0	2.2447564552293406	0.4786219976165078	17.230391914194282	5.122969861743697e-05
Electrolyte_w_sep	35	313.627828905583	9.747588083731994	1.2	0.0	2.2023248236295014	1.2589399889111519	45.32183960080147	6.568382550840793e-05
R_material	35	313.627828905583	9.747588083731994	1.2	0.0	2.2023248236295014	0.5254453467743012	18.916032483874844	5.624147425156642e-05
L_material	35	313.627828905583	9.747588083731994	1.2	0.0	2.2023248236295014	0.4772415094077587	17.180694338679313	5.1081936928188815e-05
Electrolyte_w_sep	36	324.7271007933472	9.78896615936563	1.1999999999999997	0.0	2.1609332372569843	1.2592302769063466	45.33228996862848	6.569897096902679e-05
R_material	36	324.7271007933472	9.78896615936563	1.1999999999999997	0.0	2.1609332372569843	0.5230556030776843	18.830001710796633	5.598568607225106e-05
L_material	36	324.7271007933472	9.78896615936563	1.1999999999999997	0.0	2.1609332372569843	0.4762289904686342	17.14424365687083	5.0973561131936016e-05
Electrolyte_w_sep	37	335.82637268111137	9.82788613149628	1.2	0.0	2.120488516026641	1.258333947076354	45.30002209474874	6.565220593441846e-05
R_material	37	335.82637268111137	9.82788613149628	1.2	0.0	2.120488516026641	0.5211860930953418	18.762699351432303	5.5785581535822226e-05
L_material	37	335.82637268111137	9.82788613149628	1.2	0.0	2.120488516026641	0.4739466039247291	17.062077741290246	5.0729264013635906e-05
Electrolyte_w_sep	38	346.92564456887555	9.86456072061939	1.1999999999999997	0.0	2.0809399561506305	1.25829511144188	45.298624011907684	6.565017972740245e-05
R_material	38	346.92564456887555	9.86456072061939	1.1999999999999997	0.0	2.0809399561506305	0.5173677757994769	18.62523992878117	5.537688480799311e-05
L_material	38	346.92564456887555	9.86456072061939	1.1999999999999997	0.0	2.0809399561506305	0.47223199552364564	17.000351838851245	5.054573949518114e-05
Electrolyte_w_sep	39	358.02491645663974	9.899178790726255	1.1999999999999997	0.0	2.0422682342780827	1.25747224494167	45.26900081790012	6.560724756217409e-05
R_material	39	358.02491645663974	9.899178790726255	1.1999999999999997	0.0	2.0422682342780827	0.514461244132854	18.520604788782745	5.506578180385907e-05
L_material	39	358.02491645663974	9.899178790726255	1.1999999999999997	0.0	2.0422682342780827	0.47055812957494153	16.940092664697897	5.036657587857945e-05
Electrolyte_w_sep	40	369.12418834440393	9.931908602463652	1.1999999999999995	0.0	2.0044756113660926	1.2575509485445524	45.27183414760388	6.561135383710708e-05
R_material	40	369.12418834440393	9.931908602463652	1.1999999999999995	0.0	2.0044756113660926	0.5121287122790182	18.436633642044658	5.4816117341125116e-05
L_material	40	369.12418834440393	9.931908602463652	1.1999999999999995	0.0	2.0044756113660926	0.4688971619856985	16.880297831485144	5.018879284847636e-05
Electrolyte_w_sep	41	380.2234602321681	9.9629005480911	1.1999999999999997	0.0	1.9675778126271897	1.2568161621385692	45.24538183698849	6.557301715505578e-05
R_material	41	380.2234602321681	9.9629005480911	1.1999999999999997	0.0	1.9675778126271897	0.509124744562734	18.328490804258426	5.449458518938926e-05
L_material	41	380.2234602321681	9.9629005480911	1.1999999999999997	0.0	1.9675778126271897	0.4696827123359758	16.90857764409513	5.027287487540771e-05
Electrolyte_w_sep	42	391.3227321199323	9.992289462048163	1.1999999999999995	0.0	1.931597680904617	1.2560750623740773	45.21870224546678	6.553435108038663e-05
R_material	42	391.3227321199323	9.992289462048163	1.1999999999999995	0.0	1.931597680904617	0.5065331626457972	18.2351938552487	5.421719309038788e-05
L_material	42	391.3227321199323	9.992289462048163	1.1999999999999995	0.0	1.931597680904617	0.4707095782355507	16.945544816479824	5.038278631035579e-05
Electrolyte_w_sep	43	402.4220040076965	10.020196582024198	1.199999999999999	0.0	1.8965604914064331	1.255351460323884	45.19265257165982	6.549659792994176e-05
R_material	43	402.4220040076965	10.020196582024198	1.199999999999999	0.0	1.8965604914064331	0.5038552474975586	18.13878890991211	5.393056024306678e-05
L_material	43	402.4220040076965	10.020196582024198	1.199999999999999	0.0	1.8965604914064331	0.46945222467184067	16.900280088186264	5.024820443897253e-05
Electrolyte_w_sep	44	413.5212758954607	10.046731220689932	1.1999999999999995	0.0	1.8624907074265062	1.254293850649183	45.15457862337059	6.544141829473999e-05
R_material	44	413.5212758954607	10.046731220689932	1.1999999999999995	0.0	1.8624907074265062	0.5015114232113487	18.05441123560855	5.367968708555894e-05
L_material	44	413.5212758954607	10.046731220689932	1.1999999999999995	0.0	1.8624907074265062	0.4685307000284997	16.86710520102599	5.014956829190449e-05
Electrolyte_w_sep	45	424.6205477832249	10.071992196699714	1.1999999999999993	0.0	1.8294099063945457	1.2538694468411533	45.13930008628152	6.541927548736452e-05
R_material	45	424.6205477832249	10.071992196699714	1.1999999999999993	0.0	1.8294099063945457	0.49915703739514594	17.969653346225254	5.342768346601391e-05
L_material	45	424.6205477832249	10.071992196699714	1.1999999999999993	0.0	1.8294099063945457	0.4674580991268158	16.82849156856537	5.0034761573442536e-05
Electrolyte_w_sep	46	435.71981967098907	10.096069064459037	1.1999999999999997	0.0	1.7973355980113035	1.252591120985757	45.09328035548725	6.535258022534384e-05
R_material	46	435.71981967098907	10.096069064459037	1.1999999999999997	0.0	1.7973355980113035	0.4973186505332169	17.903471419195807	5.323091021834061e-05
L_material	46	435.71981967098907	10.096069064459037	1.1999999999999997	0.0	1.7973355980113035	0.46913438929920703	16.88883801477145	5.021418466881764e-05
Electrolyte_w_sep	47	446.81909155875326	10.119043174916406	1.2	0.0	1.7662807036037025	1.251796856008727	45.06468681631417	6.53111403134988e-05
R_material	47	446.81909155875326	10.119043174916406	1.2	0.0	1.7662807036037025	0.4952141457329845	17.827709246387442	5.300565281857263e-05
L_material	47	446.81909155875326	10.119043174916406	1.2	0.0	1.7662807036037025	0.4679515125422642	16.84625445152151	5.008757448361612e-05
Electrolyte_w_sep	48	457.91836344651745	10.14098859386076	1.2000000000000002	0.0	1.7362534821230773	1.2523601721314823	45.08496619673336	6.534053071990342e-05
R_material	48	457.91836344651745	10.14098859386076	1.2000000000000002	0.0	1.7362534821230773	0.494063083412721	17.786271002857955	5.288244791773095e-05
L_material	48	457.91836344651745	10.14098859386076	1.2000000000000002	0.0	1.7362534821230773	0.4667028774734305	16.801303589043496	4.9953925803492626e-05
Electrolyte_w_sep	49	469.01763533428164	10.161972899566672	1.1999999999999997	0.0	1.707257745429143	1.2518726049876603	45.06741377955577	6.53150924341388e-05
R_material	49	469.01763533428164	10.161972899566672	1.1999999999999997	0.0	1.707257745429143	0.49262314735044177	17.734433304615905	5.27283231786544e-05
L_material	49	469.01763533428164	10.161972899566672	1.1999999999999997	0.0	1.707257745429143	0.46671170240542925	16.801621286595452	4.9954870387337226e-05
Electrolyte_w_sep	50	480.1169072220458	10.18205787788519	1.2	0.0	1.6792932442766852	1.251492377281189	45.0537255821228	6.529525446684464e-05
R_material	50	480.1169072220458	10.18205787788519	1.2	0.0	1.6792932442766852	0.49165914241363584	17.69972912689089	5.2625140118485355e-05
L_material	50	480.1169072220458	10.18205787788519	1.2	0.0	1.6792932442766852	0.46555477237701415	16.75997180557251	4.983103743153426e-05
Electrolyte_w_sep	51	491.21617910981	10.201300129840693	1.2000000000000002	0.0	1.6523561330007148	1.251825775951147	45.065727934241295	6.531264918005985e-05
R_material	51	491.21617910981	10.201300129840693	1.2000000000000002	0.0	1.6523561330007148	0.48993134544357914	17.63752843596885	5.2440203950718475e-05
L_material	51	491.21617910981	10.201300129840693	1.2000000000000002	0.0	1.6523561330007148	0.46490957122296095	16.736744564026594	4.976197779609258e-05
Electrolyte_w_sep	52	502.3154509975742	10.219751604318573	1.2	0.0	1.6264394652646497	1.25162532720857	45.05851177950852	6.530219098479496e-05
R_material	52	502.3154509975742	10.219751604318573	1.2	0.0	1.6264394652646497	0.488798962748744	17.596762658954784	5.23189984389265e-05
L_material	52	502.3154509975742	10.219751604318573	1.2	0.0	1.6264394652646497	0.46389718638121624	16.700298709723786	4.965361635306297e-05
Electrolyte_w_sep	53	513.4147228853384	10.23746006640137	1.2000000000000002	0.0	1.601533678527936	1.2520244971140106	45.072881896104384	6.532301724073099e-05
R_material	53	513.4147228853384	10.23746006640137	1.2000000000000002	0.0	1.601533678527936	0.4874111127415928	17.546800058697343	5.217044877353998e-05
L_material	53	513.4147228853384	10.23746006640137	1.2000000000000002	0.0	1.601533678527936	0.46326660175821677	16.677597663295803	4.958612121002748e-05
Electrolyte_w_sep	54	524.5139947731026	10.254469510244055	1.2	0.0	1.5776270467662932	1.2523339438612444	45.0840219790048	6.533916228841276e-05
R_material	54	524.5139947731026	10.254469510244055	1.2	0.0	1.5776270467662932	0.4859361181995385	17.493700255183388	5.2012571521286415e-05
L_material	54	524.5139947731026	10.254469510244055	1.2	0.0	1.5776270467662932	0.4620997984043873	16.635592742557943	4.946123145472962e-05
Electrolyte_w_sep	55	535.6132666608668	10.27082052400251	1.2	0.0	1.5547060916817728	1.251746916179116	45.06288898244817	6.530853475717126e-05
R_material	55	535.6132666608668	10.27082052400251	1.2	0.0	1.5547060916817728	0.4840661950968531	17.42638302348671	5.1812422766182364e-05
L_material	55	535.6132666608668	10.27082052400251	1.2	0.0	1.5547060916817728	0.46088297612278173	16.59178714042014	4.9330987882415625e-05
Electrolyte_w_sep	56	546.712538548631	10.286550613187858	1.2	0.0	1.5327559474228127	1.251227147825833	45.04417732172999	6.528141640830434e-05
R_material	56	546.712538548631	10.286550613187858	1.2	0.0	1.5327559474228127	0.4825595234772143	17.372142845179717	5.1651154931912484e-05
L_material	56	546.712538548631	10.286550613187858	1.2	0.0	1.5327559474228127	0.4594713852323335	16.540969868364005	4.91798970920865e-05
Electrolyte_w_sep	57	557.8118104363951	10.301694487869405	1.2	0.0	1.5117606816485625	1.252077778313784	45.07480001929622	6.53257971294148e-05
R_material	57	557.8118104363951	10.301694487869405	1.2	0.0	1.5117606816485625	0.481038852959625	17.3173987065465	5.1488388714102856e-05
L_material	57	557.8118104363951	10.301694487869405	1.2	0.0	1.5117606816485625	0.4595272989081056	16.542982760691803	4.918588185829588e-05
Electrolyte_w_sep	58	568.9110823241593	10.316284318355285	1.2	0.0	1.491703578028227	1.2519683931388108	45.07086215299719	6.532009007680752e-05
R_material	58	568.9110823241593	10.316284318355285	1.2	0.0	1.491703578028227	0.4795485905787027	17.263749260833297	5.132887725617626e-05
L_material	58	568.9110823241593	10.316284318355285	1.2	0.0	1.491703578028227	0.45880404757518395	16.516945712706622	4.9108468057854713e-05
Electrolyte_w_sep	59	580.0103542119235	10.330349963314726	1.2	0.0	1.4725673835503812	1.2520878269414233	45.07516176989124	6.532632140563948e-05
R_material	59	580.0103542119235	10.330349963314726	1.2	0.0	1.4725673835503812	0.4780516751707068	17.209860306145444	5.116865368603255e-05
L_material	59	580.0103542119235	10.330349963314726	1.2	0.0	1.4725673835503812	0.4578673034716564	16.48322292497963	4.9008202883365526e-05
Electrolyte_w_sep	60	591.1096260996877	10.343919173746185	1.1999999999999997	0.0	1.4543345272929276	1.2516325167987659	45.05877060475557	6.530256609384866e-05
R_material	60	591.1096260996877	10.343919173746185	1.1999999999999997	0.0	1.4543345272929276	0.47681353541282195	17.16528727486159	5.10361283801365e-05
L_material	60	591.1096260996877	10.343919173746185	1.1999999999999997	0.0	1.4543345272929276	0.4568154915519383	16.445357695869777	4.889562133066272e-05
Electrolyte_w_sep	61	602.2088979874519	10.357017775723374	1.1999999999999997	0.0	1.43698731679594	1.25135950644811	45.048942232131964	6.528832207555357e-05
R_material	61	602.2088979874519	10.357017775723374	1.1999999999999997	0.0	1.43698731679594	0.476680645137268	17.160503224941646	5.1021904360346936e-05
L_material	61	602.2088979874519	10.357017775723374	1.1999999999999997	0.0	1.43698731679594	0.4574190721367345	16.467086596922442	4.896022607429012e-05
Electrolyte_w_sep	62	613.3081698752161	10.369669834451344	1.1999999999999997	0.0	1.4205081148115644	1.251242909558426	45.04474474410334	6.528223875957006e-05
R_material	62	613.3081698752161	10.369669834451344	1.1999999999999997	0.0	1.4205081148115644	0.475496502340275	17.1178740842499	5.089515866350882e-05
L_material	62	613.3081698752161	10.369669834451344	1.1999999999999997	0.0	1.4205081148115644	0.4563315210963142	16.427934759467313	4.884381915544965e-05
Electrolyte_w_sep	63	624.4074417629803	10.381897801825302	1.1999999999999997	0.0	1.4048795057577137	1.251227302702865	45.044182897303145	6.528142448884514e-05
R_material	63	624.4074417629803	10.381897801825302	1.1999999999999997	0.0	1.4048795057577137	0.47446664763925417	17.08079931501315	5.07849273197432e-05
L_material	63	624.4074417629803	10.381897801825302	1.1999999999999997	0.0	1.4048795057577137	0.45549652824512105	16.397875016824358	4.875444500982457e-05
Electrolyte_w_sep	64	635.5067136507445	10.393722649395722	1.2	0.0	1.3900844522513793	1.2516195063537123	45.058302228733645	6.530188728801978e-05
R_material	64	635.5067136507445	10.393722649395722	1.2	0.0	1.3900844522513793	0.47347229162186927	17.045002498387294	5.06784956067364e-05
L_material	64	635.5067136507445	10.393722649395722	1.2	0.0	1.3900844522513793	0.45451088847413573	16.362391985068886	4.864894624740999e-05
Electrolyte_w_sep	65	646.6059855385087	10.405163988396291	1.1999999999999997	0.0	1.3761064450678728	1.2514384125477702	45.05178285171973	6.529243891553584e-05
R_material	65	646.6059855385087	10.405163988396291	1.1999999999999997	0.0	1.3761064450678728	0.4725777907716301	17.012800467778682	5.0582751973558235e-05
L_material	65	646.6059855385087	10.405163988396291	1.1999999999999997	0.0	1.3761064450678728	0.453997121002134	16.343896356076826	4.8593954724076e-05
Electrolyte_w_sep	66	657.7052574262729	10.416240178279821	1.1999999999999997	0.0	1.3629296484251594	1.2513160766781988	45.04737876041516	6.528605617451472e-05
R_material	66	657.7052574262729	10.416240178279821	1.1999999999999997	0.0	1.3629296484251594	0.471807119524845	16.98505630289442	5.0500262543689704e-05
L_material	66	657.7052574262729	10.416240178279821	1.1999999999999997	0.0	1.3629296484251594	0.4532832425993842	16.31819673357783	4.8517544162913965e-05
Electrolyte_w_sep	67	668.804529314037	10.426968425025649	1.2	0.0	1.350539037822034	1.2506538427696026	45.023538339705695	6.525150484015318e-05
R_material	67	668.804529314037	10.426968425025649	1.2	0.0	1.350539037822034	0.4706526288799211	16.94349463967716	5.037669068930224e-05
L_material	67	668.804529314037	10.426968425025649	1.2	0.0	1.350539037822034	0.4524393652482008	16.28781714893523	4.8427219057535406e-05
Electrolyte_w_sep	68	679.9038012018012	10.437364870325728	1.1999999999999997	0.0	1.3389205304427174	1.2506905340160113	45.0248592245764	6.525341916605276e-05
R_material	68	679.9038012018012	10.437364870325728	1.1999999999999997	0.0	1.3389205304427174	0.4706136749892778	16.942092299614	5.037252122762357e-05
L_material	68	679.9038012018012	10.437364870325728	1.1999999999999997	0.0	1.3389205304427174	0.4514563800139748	16.25242968050309	4.832200442564308e-05
Electrolyte_w_sep	69	691.0030730895654	10.447444672621746	1.2	0.0	1.3280611012900014	1.2508396887537188	45.03022879513387	6.526120115236793e-05
R_material	69	691.0030730895654	10.447444672621746	1.2	0.0	1.3280611012900014	0.46984238875854567	16.914325995307642	5.028996597244316e-05
L_material	69	691.0030730895654	10.447444672621746	1.2	0.0	1.3280611012900014	0.4503635107563232	16.213086387227634	4.8205028267053286e-05
Electrolyte_w_sep	70	702.1023449773296	10.457222080848883	1.1999999999999997	0.0	1.3179488757007258	1.2509242423731297	45.03327272543267	6.526561264555459e-05
R_material	70	702.1023449773296	10.457222080848883	1.1999999999999997	0.0	1.3179488757007258	0.47035580338293925	16.932808921785814	5.0344919728443623e-05
L_material	70	702.1023449773296	10.457222080848883	1.1999999999999997	0.0	1.3179488757007258	0.4495441800919338	16.18359048330962	4.8117330536456455e-05
Electrolyte_w_sep	71	713.2016168650938	10.466710501640735	1.1999999999999997	0.0	1.308573185341346	1.2514721409362906	45.05299707370646	6.529419865754559e-05
R_material	71	713.2016168650938	10.466710501640735	1.1999999999999997	0.0	1.308573185341346	0.4700543270689068	16.921955774480644	5.0312650963562163e-05
L_material	71	713.2016168650938	10.466710501640735	1.1999999999999997	0.0	1.308573185341346	0.44896818142311246	16.16285453123205	4.805567804585905e-05
Electrolyte_w_sep	72	724.300888752858	10.47592256066195	1.1999999999999997	0.0	1.2999245681035123	1.2525204650445836	45.090736741605006	6.534889382841306e-05
R_material	72	724.300888752858	10.47592256066195	1.1999999999999997	0.0	1.2999245681035123	0.4705741280153518	16.940668608552667	5.036828828478862e-05
L_material	72	724.300888752858	10.47592256066195	1.1999999999999997	0.0	1.2999245681035123	0.4489655379511884	16.16275936624278	4.805539509967051e-05
Electrolyte_w_sep	73	735.4001606406222	10.48487015865863	1.1999999999999997	0.0	1.2919946878984925	1.2524170282341185	45.087013016428266	6.534349712525836e-05
R_material	73	735.4001606406222	10.48487015865863	1.1999999999999997	0.0	1.2919946878984925	0.4709601309611182	16.954564714600256	5.040960442712126e-05
L_material	73	735.4001606406222	10.48487015865863	1.1999999999999997	0.0	1.2919946878984925	0.448559254975546	16.148133179119657	4.801190826768368e-05
Electrolyte_w_sep	74	746.4994325283864	10.493564522749747	1.1999999999999997	0.0	1.2847761462965328	1.2524149949561822	45.086939818422564	6.534339104119212e-05
R_material	74	746.4994325283864	10.493564522749747	1.1999999999999997	0.0	1.2847761462965328	0.4721301864663898	16.996686712790034	5.053484227911979e-05
L_material	74	746.4994325283864	10.493564522749747	1.1999999999999997	0.0	1.2847761462965328	0.44916829089043847	16.170058472055786	4.80770969270485e-05
Electrolyte_w_sep	75	757.5987044161506	10.502016253424367	1.1999999999999995	0.0	1.2782621505681042	1.2523599349790149	45.08495765924454	6.534051834673121e-05
R_material	75	757.5987044161506	10.502016253424367	1.1999999999999995	0.0	1.2782621505681042	0.4743566223572756	17.07683840486192	5.077315067332049e-05
L_material	75	757.5987044161506	10.502016253424367	1.1999999999999995	0.0	1.2782621505681042	0.449369004479161	16.177284161249798	4.809858047086782e-05
Electrolyte_w_sep	76	768.6979763039147	10.5102353676584	1.1999999999999995	0.0	1.272446004001189	1.2523430017031492	45.08434806131337	6.533963487146865e-05
R_material	76	768.6979763039147	10.5102353676584	1.1999999999999995	0.0	1.272446004001189	0.47443422786260053	17.07963220305362	5.078145724232202e-05
L_material	76	768.6979763039147	10.5102353676584	1.1999999999999995	0.0	1.272446004001189	0.4489000834286485	16.160403003431348	4.8048389121091256e-05
Electrolyte_w_sep	77	779.7972481916789	10.518231338519564	1.1999999999999995	0.0	1.2673203893027447	1.2522410549022056	45.0806779764794	6.533431590794116e-05
R_material	77	779.7972481916789	10.518231338519564	1.1999999999999995	0.0	1.2673203893027447	0.4748274862699817	17.093789505719343	5.082354997894767e-05
L_material	77	779.7972481916789	10.518231338519564	1.1999999999999995	0.0	1.2673203893027447	0.4486879950708097	16.152767822549148	4.802568806951723e-05
Electrolyte_w_sep	78	790.8965200794431	10.526013131589805	1.1999999999999997	0.0	1.262876427101253	1.2523653546969096	45.085152769088744	6.534080111462137e-05
R_material	78	790.8965200794431	10.526013131589805	1.1999999999999997	0.0	1.262876427101253	0.4766091691909975	17.157930090875908	5.1014253873733135e-05
L_material	78	790.8965200794431	10.526013131589805	1.1999999999999997	0.0	1.262876427101253	0.45049367613262603	16.217772340774538	4.821896062501349e-05
Electrolyte_w_sep	79	801.9957919672073	10.533589238499598	1.1999999999999997	0.0	1.2591025247852248	1.2521703951714331	45.07813422617159	6.533062931329216e-05
R_material	79	801.9957919672073	10.533589238499598	1.1999999999999997	0.0	1.2591025247852248	0.476497441497869	17.153907893923282	5.100229500833477e-05
L_material	79	801.9957919672073	10.533589238499598	1.1999999999999997	0.0	1.2591025247852248	0.4498787655642158	16.195635560311768	4.815314316728441e-05
Electrolyte_w_sep	80	813.0950638549715	10.540967707837831	1.1999999999999995	0.0	1.2559830650432804	1.2515113908669044	45.05441007120856	6.52962464800124e-05
R_material	80	813.0950638549715	10.540967707837831	1.1999999999999995	0.0	1.2559830650432804	0.4764388251330071	17.151797704788255	5.099602095757889e-05
L_material	80	813.0950638549715	10.540967707837831	1.1999999999999995	0.0	1.2559830650432804	0.45030708482553217	16.211055053719157	4.8198988671207235e-05
Electrolyte_w_sep	81	824.1943357427357	10.548156173673794	1.1999999999999995	0.0	1.253497040673695	1.2511608039928694	45.0417889437433	6.527795499093231e-05
R_material	81	824.1943357427357	10.548156173673794	1.1999999999999995	0.0	1.253497040673695	0.47641141367108725	17.15081089215914	5.099308694923867e-05
L_material	81	824.1943357427357	10.548156173673794	1.1999999999999995	0.0	1.253497040673695	0.4497343044159776	16.190434958975196	4.8137680649633684e-05
Electrolyte_w_sep	82	835.2936076304999	10.555161881903755	1.1999999999999997	0.0	1.251616800774405	1.250558394442002	45.020102199912074	6.52465249274088e-05
R_material	82	835.2936076304999	10.555161881903755	1.1999999999999997	0.0	1.251616800774405	0.4766345971386007	17.158845496989624	5.101697557498937e-05
L_material	82	835.2936076304999	10.555161881903755	1.1999999999999997	0.0	1.251616800774405	0.44896686101953187	16.162806996703146	4.805553671537732e-05
Electrolyte_w_sep	83	846.3928795182641	10.5619917146133	1.1999999999999993	0.0	1.2503071252164926	1.2504112551935385	45.014805186967386	6.523884809705419e-05
R_material	83	846.3928795182641	10.5619917146133	1.1999999999999993	0.0	1.2503071252164926	0.4765590650781157	17.156126342812165	5.100889093885925e-05
L_material	83	846.3928795182641	10.5619917146133	1.1999999999999993	0.0	1.2503071252164926	0.4484494782862116	16.14418121830362	4.800015822957881e-05
Electrolyte_w_sep	84	857.4921514060283	10.568652212627567	1.1999999999999997	0.0	1.249524866109288	1.25041461952271	45.01492630281756	6.523902362727183e-05
R_material	84	857.4921514060283	10.568652212627567	1.1999999999999997	0.0	1.249524866109288	0.47653584332613796	17.155290359740967	5.100640537956379e-05
L_material	84	857.4921514060283	10.568652212627567	1.1999999999999997	0.0	1.249524866109288	0.44885203098097154	16.158673115314976	4.8043245787887636e-05
Electrolyte_w_sep	85	868.5914232937924	10.57514959640475	1.1999999999999995	0.0	1.2492193655969863	1.251349457672664	45.0485804762159	6.528779779161725e-05
R_material	85	868.5914232937924	10.57514959640475	1.1999999999999995	0.0	1.2492193655969863	0.4764784170111372	17.15322301240094	5.100025870677221e-05
L_material	85	868.5914232937924	10.57514959640475	1.1999999999999995	0.0	1.2492193655969863	0.4483080454288967	16.139089635440282	4.7985019847534256e-05
Electrolyte_w_sep	86	879.6906951815566	10.581489785413128	1.1999999999999997	0.0	1.2493337695260203	1.2516254615038633	45.05851661413908	6.530219799150591e-05
R_material	86	879.6906951815566	10.581489785413128	1.1999999999999997	0.0	1.2493337695260203	0.4762423202352164	17.14472352846779	5.097498789445016e-05
L_material	86	879.6906951815566	10.581489785413128	1.1999999999999997	0.0	1.2493337695260203	0.44839751347899437	16.142310485243797	4.7994596133758495e-05
Electrolyte_w_sep	87	890.7899670693208	10.58767841611852	1.1999999999999997	0.0	1.249807206932382	1.2515537179433383	45.055933845960176	6.529845484921764e-05
R_material	87	890.7899670693208	10.58767841611852	1.1999999999999997	0.0	1.249807206932382	0.47605161171395854	17.137858021702506	5.095457525124431e-05
L_material	87	890.7899670693208	10.58767841611852	1.1999999999999997	0.0	1.249807206932382	0.4478845085089023	16.123842306320483	4.7939686225442663e-05
Electrolyte_w_sep	88	901.889238957085	10.593720858697012	1.1999999999999997	0.0	1.2505776316131176	1.2516922639174894	45.06092150102962	6.530568333482553e-05
R_material	88	901.889238957085	10.593720858697012	1.1999999999999997	0.0	1.2505776316131176	0.47595385721591715	17.134338859773017	5.094411201825858e-05
L_material	88	901.889238957085	10.593720858697012	1.1999999999999997	0.0	1.2505776316131176	0.44806103092251404	16.130197113210507	4.7958580446965257e-05
Electrolyte_w_sep	89	912.9885108448492	10.599622232577174	1.2	0.0	1.2515849684156997	1.2519956177739955	45.07184223986384	6.532151049255629e-05
R_material	89	912.9885108448492	10.599622232577174	1.2	0.0	1.2515849684156997	0.475555683483579	17.120004605408845	5.09014931657891e-05
L_material	89	912.9885108448492	10.599622232577174	1.2	0.0	1.2515849684156997	0.44752784584885213	16.111002450558676	4.7901510544689466e-05
Electrolyte_w_sep	90	924.0877827326134	10.605387420906254	1.2	0.0	1.2527741185807504	1.2518856713877005	45.06788416995722	6.531577415935829e-05
R_material	90	924.0877827326134	10.605387420906254	1.2	0.0	1.2527741185807504	0.47476022484743713	17.091368094507736	5.0816350597342346e-05
L_material	90	924.0877827326134	10.605387420906254	1.2	0.0	1.2527741185807504	0.4469614048652789	16.09061057515004	4.784088106878253e-05
Electrolyte_w_sep	91	935.1870546203776	10.611021084026307	1.2	0.0	1.254097409414326	1.2519492154967957	45.070171757884644	6.531908950418064e-05
R_material	91	935.1870546203776	10.611021084026307	1.2	0.0	1.254097409414326	0.47417820903061747	17.070415525102227	5.075405405636693e-05
L_material	91	935.1870546203776	10.611021084026307	1.2	0.0	1.254097409414326	0.4475032244471536	16.11011608009753	4.789887517273658e-05
Electrolyte_w_sep	92	946.2863265081418	10.616527672038387	1.1999999999999997	0.0	1.2555161870625253	1.2514251630221094	45.051305868795936	6.529174763593613e-05
R_material	92	946.2863265081418	10.616527672038387	1.1999999999999997	0.0	1.2555161870625253	0.4732349835421999	17.036459407519196	5.065309514152275e-05
L_material	92	946.2863265081418	10.616527672038387	1.1999999999999997	0.0	1.2555161870625253	0.4480129948684147	16.12846781526293	4.7953438868461686e-05
Electrolyte_w_sep	93	957.385598395906	10.621911436526036	1.1999999999999997	0.0	1.2570014297255012	1.2512146624880778	45.0437278495708	6.528076499937797e-05
R_material	93	957.385598395906	10.621911436526036	1.1999999999999997	0.0	1.2570014297255012	0.47232541413286366	17.003714908783092	5.05557386327455e-05
L_material	93	957.385598395906	10.621911436526036	1.1999999999999997	0.0	1.2570014297255012	0.4478214206829877	16.121571144587556	4.79329335681805e-05
Electrolyte_w_sep	94	968.4848702836701	10.627176441502925	1.2	0.0	1.2585334442650122	1.25095975232872	45.03455108383392	6.526746533888973e-05
R_material	94	968.4848702836701	10.627176441502925	1.2	0.0	1.2585334442650122	0.4717868821004803	16.98432775561729	5.0498096414351393e-05
L_material	94	968.4848702836701	10.627176441502925	1.2	0.0	1.2585334442650122	0.44817265338598644	16.134215521895513	4.7970528049020955e-05
Electrolyte_w_sep	95	979.5841421714343	10.632326573643958	1.2	0.0	1.2601008388729025	1.2509979605674744	45.03592658042908	6.526945881221606e-05
R_material	95	979.5841421714343	10.632326573643958	1.2	0.0	1.2601008388729025	0.47119834731031013	16.963140503171164	5.043510210970923e-05
L_material	95	979.5841421714343	10.632326573643958	1.2	0.0	1.2601008388729025	0.4478518870370141	16.122667933332508	4.793619455940639e-05
Electrolyte_w_sep	96	990.6834140591985	10.637365551853888	1.2000000000000002	0.0	1.2616990430264197	1.2506667436593222	45.024002771735596	6.525217793005158e-05
R_material	96	990.6834140591985	10.637365551853888	1.2000000000000002	0.0	1.2616990430264197	0.47093578943451214	16.953688419642436	5.040699901182875e-05
L_material	96	990.6834140591985	10.637365551853888	1.2000000000000002	0.0	1.2616990430264197	0.4484143364958389	16.1429161138502	4.799639679918356e-05
Electrolyte_w_sep	97	1001.7826859469627	10.642296936223037	1.2	0.0	1.2633286417583547	1.2518206633426048	45.06554388033377	6.531238243526633e-05
R_material	97	1001.7826859469627	10.642296936223037	1.2	0.0	1.2633286417583547	0.4704555026243838	16.936398094477816	5.035559111863677e-05
L_material	97	1001.7826859469627	10.642296936223037	1.2	0.0	1.2633286417583547	0.4482507236503266	16.13702605141176	4.79788843638854e-05
Electrolyte_w_sep	98	1012.8819578347269	10.647124136415373	1.1999999999999997	0.0	1.2649937454657265	1.251676948373533	45.06037014144719	6.530488426296694e-05
R_material	98	1012.8819578347269	10.647124136415373	1.1999999999999997	0.0	1.2649937454657265	0.47003482644488703	16.921253752015932	5.0310563698253925e-05
L_material	98	1012.8819578347269	10.647124136415373	1.1999999999999997	0.0	1.2649937454657265	0.4490960545364431	16.16745796331195	4.806936504956933e-05
Electrolyte_w_sep	99	1023.9812297224911	10.651850419530517	1.2	0.0	1.266700545699265	1.251345707288641	45.04844546239107	6.528760211940735e-05
R_material	99	1023.9812297224911	10.651850419530517	1.2	0.0	1.266700545699265	0.46964181380479575	16.907105296972645	5.026849726753201e-05
L_material	99	1023.9812297224911	10.651850419530517	1.2	0.0	1.266700545699265	0.4500752782190083	16.2027100158843	4.81741770606902e-05
Electrolyte_w_sep	100	1035.0805016102552	10.656478917477761	1.2	0.0	1.2684561375581935	1.2513749120665378	45.04949683439536	6.52891258469498e-05
R_material	100	1035.0805016102552	10.656478917477761	1.2	0.0	1.2684561375581935	0.46916824845980587	16.89005694455301	5.02178088118816e-05
L_material	100	1035.0805016102552	10.656478917477761	1.2	0.0	1.2684561375581935	0.4510551057878088	16.237983808361115	4.8279053709270236e-05
Electrolyte_w_sep	101	1046.1797734980194	10.661012633897077	1.2000000000000002	0.0	1.2702676311989791	1.2513665736882718	45.04919665277778	6.528869080112721e-05
R_material	101	1046.1797734980194	10.661012633897077	1.2000000000000002	0.0	1.2702676311989791	0.46868674530318244	16.87272283091457	5.0166270726043505e-05
L_material	101	1046.1797734980194	10.661012633897077	1.2000000000000002	0.0	1.2702676311989791	0.45226869509591683	16.281673023453006	4.840895123761062e-05
Electrolyte_w_sep	102	1057.2790453857835	10.665454450659244	1.1999999999999997	0.0	1.2721415347197924	1.2513344228459324	45.04803922245357	6.528701336587473e-05
R_material	102	1057.2790453857835	10.665454450659244	1.1999999999999997	0.0	1.2721415347197924	0.4681890071722763	16.854804258201945	5.011299491639891e-05
L_material	102	1057.2790453857835	10.665454450659244	1.1999999999999997	0.0	1.2721415347197924	0.45284897644803457	16.302563152129245	4.8471062128732115e-05
Electrolyte_w_sep	103	1068.3783172735477	10.669807133974677	1.2	0.0	1.2740833688174622	1.2511956577847718	45.043043680251785	6.527977344964027e-05
R_material	103	1068.3783172735477	10.669807133974677	1.2	0.0	1.2740833688174622	0.4678487890793872	16.842556406857938	5.0076579393398086e-05
L_material	103	1068.3783172735477	10.669807133974677	1.2	0.0	1.2740833688174622	0.4526545817305328	16.29556494229918	4.8450254930483745e-05
Electrolyte_w_sep	104	1079.477589161312	10.674073340138149	1.2	0.0	1.2760974649614085	1.2509406607609819	45.03386378739535	6.526646925709471e-05
R_material	104	1079.477589161312	10.674073340138149	1.2	0.0	1.2760974649614085	0.4673405614044859	16.82426021056149	5.002218082679669e-05
L_material	104	1079.477589161312	10.674073340138149	1.2	0.0	1.2760974649614085	0.4537310363366401	16.334317308119044	4.856547413336379e-05
Electrolyte_w_sep	105	1090.5768610490761	10.67825562093447	1.1999999999999997	0.0	1.2781868993023495	1.2505962572991849	45.021465262770654	6.524850038082703e-05
R_material	105	1090.5768610490761	10.67825562093447	1.1999999999999997	0.0	1.2781868993023495	0.46719573356089805	16.819046408192328	5.000667905960803e-05
L_material	105	1090.5768610490761	10.67825562093447	1.1999999999999997	0.0	1.2781868993023495	0.4546425862237811	16.36713310405612	4.866304262420948e-05
Electrolyte_w_sep	106	1101.6761329368403	10.682356428728266	1.2	0.0	1.2803535212197423	1.2506059352827514	45.02181367017905	6.524900531910007e-05
R_material	106	1101.6761329368403	10.682356428728266	1.2	0.0	1.2803535212197423	0.4668456269263488	16.806442569348555	4.9969205108428934e-05
L_material	106	1101.6761329368403	10.682356428728266	1.2	0.0	1.2803535212197423	0.45478182256037236	16.372145612173405	4.867794589985433e-05
Electrolyte_w_sep	107	1112.7754048246045	10.686378121259159	1.2	0.0	1.2825980419154965	1.2504223354755004	45.015204077118014	6.523942619872176e-05
R_material	107	1112.7754048246045	10.686378121259159	1.2	0.0	1.2825980419154965	0.4667414473107273	16.802692103186182	4.995805415770593e-05
L_material	107	1112.7754048246045	10.686378121259159	1.2	0.0	1.2825980419154965	0.4551346757294942	16.38484832626179	4.8715713828617185e-05
Electrolyte_w_sep	108	1123.8746767123687	10.690322966162071	1.2	0.0	1.284920157306343	1.2503729473493743	45.013426104577476	6.523684942692388e-05
R_material	108	1123.8746767123687	10.690322966162071	1.2	0.0	1.284920157306343	0.4663739004674948	16.78946041682981	4.9918713479466404e-05
L_material	108	1123.8746767123687	10.690322966162071	1.2	0.0	1.284920157306343	0.4558177226220221	16.409438014392794	4.878882431376003e-05
Electrolyte_w_sep	109	1134.9739486001329	10.69419314523086	1.2	0.0	1.2873186865179886	1.2501808550343456	45.00651078123644	6.522682721918325e-05
R_material	109	1134.9739486001329	10.69419314523086	1.2	0.0	1.2873186865179886	0.46594625564324116	16.77406520315668	4.9872940164468514e-05
L_material	109	1134.9739486001329	10.69419314523086	1.2	0.0	1.2873186865179886	0.4567135590386678	16.44168812539204	4.888471090038545e-05
Electrolyte_w_sep	110	1146.073220487897	10.697990758442112	1.1999999999999997	0.0	1.2897917131283183	1.2498860138565746	44.995896498836686	6.521144420121259e-05
R_material	110	1146.073220487897	10.697990758442112	1.1999999999999997	0.0	1.2897917131283183	0.46554976838707834	16.75979166193482	4.98305018253616e-05
L_material	110	1146.073220487897	10.697990758442112	1.1999999999999997	0.0	1.2897917131283183	0.45719689895857624	16.459088362508744	4.8936445585690334e-05
Electrolyte_w_sep	111	1157.1724923756612	10.7017178277547	1.1999999999999997	0.0	1.292336721161876	1.2502010738003184	45.00723865681147	6.522788211132096e-05
R_material	111	1157.1724923756612	10.7017178277547	1.1999999999999997	0.0	1.292336721161876	0.4655160606126414	16.75857818205509	4.982689388603982e-05
L_material	111	1157.1724923756612	10.7017178277547	1.1999999999999997	0.0	1.292336721161876	0.4572012479135976	16.459244924889514	4.893691107966294e-05
Electrolyte_w_sep	112	1168.2717642634254	10.705376300699573	1.1999999999999997	0.0	1.2949507208224231	1.24993291733202	44.997585023952716	6.521389133906191e-05
R_material	112	1168.2717642634254	10.705376300699573	1.1999999999999997	0.0	1.2949507208224231	0.46514710838223405	16.745295901760425	4.978740278102976e-05
L_material	112	1168.2717642634254	10.705376300699573	1.1999999999999997	0.0	1.2949507208224231	0.457681990438892	16.47655165580011	4.8988367750702014e-05
Electrolyte_w_sep	113	1179.3710361511896	10.708968053773111	1.2	0.0	1.2976303616345735	1.2496588651177496	44.98771914423899	6.51995929626652e-05
R_material	113	1179.3710361511896	10.708968053773111	1.2	0.0	1.2976303616345735	0.46481329645921177	16.733278672531625	4.9751672947682156e-05
L_material	113	1179.3710361511896	10.708968053773111	1.2	0.0	1.2976303616345735	0.4581257946962534	16.492528609065122	4.903587070389468e-05
Electrolyte_w_sep	114	1190.4703080389538	10.712494895646524	1.2	0.0	1.3003720321128032	1.2496655109292836	44.98795839345421	6.519993970065827e-05
R_material	114	1190.4703080389538	10.712494895646524	1.2	0.0	1.3003720321128032	0.46443820033827765	16.719775212177996	4.9711524226303445e-05
L_material	114	1190.4703080389538	10.712494895646524	1.2	0.0	1.3003720321128032	0.45794652295043903	16.486074826215805	4.9016682205341697e-05
Electrolyte_w_sep	115	1201.569579926718	10.715958570202801	1.2	0.0	1.3031719462858866	1.2494639425618308	44.98070193222591	6.518942309018248e-05
R_material	115	1201.569579926718	10.715958570202801	1.2	0.0	1.3031719462858866	0.4640694683202198	16.706500859527914	4.967205669190308e-05
L_material	115	1201.569579926718	10.715958570202801	1.2	0.0	1.3031719462858866	0.4575266420841217	16.470959115028382	4.897173991195822e-05
Electrolyte_w_sep	116	1212.6688518144822	10.719360759411925	1.1999999999999997	0.0	1.306026217840791	1.249247269778602	44.97290171202967	6.51781184232314e-05
R_material	116	1212.6688518144822	10.719360759411925	1.1999999999999997	0.0	1.306026217840791	0.46358067930790414	16.68890445508455	4.961973875851693e-05
L_material	116	1212.6688518144822	10.719360759411925	1.1999999999999997	0.0	1.306026217840791	0.45744482171064044	16.468013581583055	4.8962982201081816e-05
Electrolyte_w_sep	117	1223.7681237022464	10.72270308605432	1.1999999999999997	0.0	1.3089309229098547	1.249123926102782	44.968461339700156	6.517168310101472e-05
R_material	117	1223.7681237022464	10.72270308605432	1.1999999999999997	0.0	1.3089309229098547	0.46307592173569073	16.670733182484867	4.95657116172068e-05
L_material	117	1223.7681237022464	10.72270308605432	1.1999999999999997	0.0	1.3089309229098547	0.45745517105363603	16.468386157930897	4.896408995150949e-05
Electrolyte_w_sep	118	1234.8673955900106	10.725987116301788	1.2	0.0	1.311882152911422	1.248998878410508	44.96395962277828	6.516515887359171e-05
R_material	118	1234.8673955900106	10.725987116301788	1.2	0.0	1.311882152911422	0.46266320623922774	16.655875424612198	4.952153627507075e-05
L_material	118	1234.8673955900106	10.725987116301788	1.2	0.0	1.311882152911422	0.45753449530891294	16.471241831120867	4.897258048832378e-05
Electrolyte_w_sep	119	1245.9666674777748	10.729214362164576	1.1999999999999997	0.0	1.3148760586453643	1.2492223088858558	44.97200311989081	6.517681611578377e-05
R_material	119	1245.9666674777748	10.729214362164576	1.1999999999999997	0.0	1.3148760586453643	0.4621422575674167	16.637121272427002	4.9465776106117105e-05
L_material	119	1245.9666674777748	10.729214362164576	1.1999999999999997	0.0	1.3148760586453643	0.45761873552708027	16.47427447897489	4.898159720926363e-05
Electrolyte_w_sep	120	1257.065939365539	10.732386283812572	1.1999999999999997	0.0	1.3179088868777458	1.2490179089275566	44.964644721392034	6.516615177013339e-05
R_material	120	1257.065939365539	10.732386283812572	1.1999999999999997	0.0	1.3179088868777458	0.46165695055928946	16.61965022013442	4.9413830871909105e-05
L_material	120	1257.065939365539	10.732386283812572	1.1999999999999997	0.0	1.3179088868777458	0.45771476223662094	16.477731440518355	4.8991875506988114e-05
Electrolyte_w_sep	121	1268.1652112533031	10.735504291778167	1.1999999999999997	0.0	1.320977010705727	1.248882335615668	44.95976408216405	6.51590783799479e-05
R_material	121	1268.1652112533031	10.735504291778167	1.1999999999999997	0.0	1.320977010705727	0.4611365237505333	16.600914855019198	4.9358126560996144e-05
L_material	121	1268.1652112533031	10.735504291778167	1.1999999999999997	0.0	1.320977010705727	0.4573496731526074	16.464588233493867	4.89527978970252e-05
Electrolyte_w_sep	122	1279.2644831410673	10.738569749047713	1.1999999999999997	0.0	1.3240769543470805	1.24881228347304	44.95724220502944	6.515542348554991e-05
R_material	122	1279.2644831410673	10.738569749047713	1.1999999999999997	0.0	1.3240769543470805	0.460663747191821	16.583894898905555	4.93075225337328e-05
L_material	122	1279.2644831410673	10.738569749047713	1.1999999999999997	0.0	1.3240769543470805	0.45743412394372246	16.46762846197401	4.896183715681345e-05
Electrolyte_w_sep	123	1290.3637550288315	10.741583973048128	1.2	0.0	1.3272054135128468	1.249586843695316	44.98512637303137	6.519583532323387e-05
R_material	123	1290.3637550288315	10.741583973048128	1.2	0.0	1.3272054135128468	0.46014900523963187	16.56536418862675	4.9252426706111595e-05
L_material	123	1290.3637550288315	10.741583973048128	1.2	0.0	1.3272054135128468	0.45767672180505325	16.476361984981917	4.898780381815184e-05
Electrolyte_w_sep	124	1299.243172539043	10.726151654295338	1.1999999999999997	0.0	1.3303592720834918	1.2493104040622711	44.97517454624176	6.518141238585762e-05
R_material	124	1299.243172539043	10.726151654295338	1.1999999999999997	0.0	1.3303592720834918	0.4599038526003236	16.55653869361165	4.922618659201408e-05
L_material	124	1299.243172539043	10.726151654295338	1.1999999999999997	0.0	1.3303592720834918	0.457756264530933	16.479225523113588	4.8996317739146534e-05
Electrolyte_w_sep	125	1306.346706547212	10.696376714738136	1.1999999999999997	0.0	1.3335209274539646	1.249042708953426	44.96553752232333	6.516744568452656e-05
R_material	125	1306.346706547212	10.696376714738136	1.1999999999999997	0.0	1.3335209274539646	0.4594734950568348	16.541045822046055	4.918012291888485e-05
L_material	125	1306.346706547212	10.696376714738136	1.1999999999999997	0.0	1.3335209274539646	0.45793874036989973	16.48579465331639	4.901584919044167e-05
Electrolyte_w_sep	126	1312.0295337537473	10.655505387225611	1.1999999999999997	0.0	1.336677351846457	1.2486788156081219	44.952437361892386	6.514845994477158e-05
R_material	126	1312.0295337537473	10.655505387225611	1.1999999999999997	0.0	1.336677351846457	0.4590077575581997	16.52427927209519	4.91302723231982e-05
L_material	126	1312.0295337537473	10.655505387225611	1.1999999999999997	0.0	1.336677351846457	0.45791702747953184	16.485012989263147	4.9013525133387885e-05
Electrolyte_w_sep	127	1316.5757955189754	10.606104495403528	1.1999999999999997	0.0	1.3398188692319923	1.248394414443004	44.94219891994814	6.513362162311324e-05
R_material	127	1316.5757955189754	10.606104495403528	1.1999999999999997	0.0	1.3398188692319923	0.4585551319818515	16.507984751346655	4.908182517288264e-05
L_material	127	1316.5757955189754	10.606104495403528	1.1999999999999997	0.0	1.3398188692319923	0.4580997732621205	16.49159183743634	4.903308547832031e-05
Electrolyte_w_sep	128	1320.212804931158	10.55020266318518	1.2	0.0	1.3429382917985795	1.2479676166970526	44.9268342010939	6.511135391462884e-05
R_material	128	1320.212804931158	10.55020266318518	1.2	0.0	1.3429382917985795	0.4580587752531053	16.49011590911179	4.902869722275281e-05
L_material	128	1320.212804931158	10.55020266318518	1.2	0.0	1.3429382917985795	0.45831412541207356	16.49930851483465	4.905602883674257e-05
Electrolyte_w_sep	129	1323.1224124609041	10.48940217140715	1.1999999999999997	0.0	1.34603029948235	1.2474221475701082	44.90719731252389	6.508289465583173e-05
R_material	129	1323.1224124609041	10.48940217140715	1.1999999999999997	0.0	1.34603029948235	0.4575312431746954	16.471124754289036	4.897223239346676e-05
L_material	129	1323.1224124609041	10.48940217140715	1.1999999999999997	0.0	1.34603029948235	0.45861535967139533	16.51015294817023	4.9088271693099254e-05
Electrolyte_w_sep	130	1325.8972304328452	10.428497559306102	1.1999999999999997	0.0	1.3490909872085473	1.2468548065955096	44.886773037438346	6.505329425715703e-05
R_material	130	1325.8972304328452	10.428497559306102	1.1999999999999997	0.0	1.3490909872085473	0.45708490503751315	16.455056581350473	4.892445822436632e-05
L_material	130	1325.8972304328452	10.428497559306102	1.1999999999999997	0.0	1.3490909872085473	0.4589115484516219	16.52081574425839	4.911997450245704e-05
Electrolyte_w_sep	131	1328.6720484047862	10.368547066454678	1.1999999999999997	0.0	1.3521201715797901	1.2463675073968106	44.86923026628518	6.502786995113794e-05
R_material	131	1328.6720484047862	10.368547066454678	1.1999999999999997	0.0	1.3521201715797901	0.4566333672588164	16.43880122131739	4.887612750736582e-05
L_material	131	1328.6720484047862	10.368547066454678	1.1999999999999997	0.0	1.3521201715797901	0.45934403220910114	16.53638515952764	4.9166265756647045e-05
Electrolyte_w_sep	132	1331.4468663767273	10.309528446549132	1.1999999999999997	0.0	1.3551184782874972	1.2461396258051802	44.861026528986486	6.501598047679201e-05
R_material	132	1331.4468663767273	10.309528446549132	1.1999999999999997	0.0	1.3551184782874972	0.4561932606000189	16.422957381600682	4.8829020329672356e-05
L_material	132	1331.4468663767273	10.309528446549132	1.1999999999999997	0.0	1.3551184782874972	0.4595915558861523	16.545296011901485	4.919275965671675e-05
Electrolyte_w_sep	133	1334.2216843486683	10.251420139547013	1.2	0.0	1.3580865162745765	1.2458198122481745	44.849513240934286	6.499929455207867e-05
R_material	133	1334.2216843486683	10.251420139547013	1.2	0.0	1.3580865162745765	0.45577678244060815	16.407964167861895	4.8784442247817346e-05
L_material	133	1334.2216843486683	10.251420139547013	1.2	0.0	1.3580865162745765	0.46014405869975794	16.565186113191285	4.925189724915348e-05
Electrolyte_w_sep	134	1336.9965023206094	10.194201245407172	1.1999999999999997	0.0	1.3610248784262788	1.2455978237379055	44.8415216545646	6.498771254284726e-05
R_material	134	1336.9965023206094	10.194201245407172	1.1999999999999997	0.0	1.3610248784262788	0.4553338717502245	16.392019383008083	4.873703493830004e-05
L_material	134	1336.9965023206094	10.194201245407172	1.1999999999999997	0.0	1.3610248784262788	0.4597688835973923	16.551679809506123	4.921174007393239e-05
Electrolyte_w_sep	135	1339.7713202925504	10.137851499026416	1.1999999999999997	0.0	1.3639341422605538	1.2452959237633572	44.83065325548086	6.497196123982733e-05
R_material	135	1339.7713202925504	10.137851499026416	1.1999999999999997	0.0	1.3639341422605538	0.45491408636732694	16.37690710922377	4.869210286506282e-05
L_material	135	1339.7713202925504	10.137851499026416	1.1999999999999997	0.0	1.3639341422605538	0.4600366332650469	16.561318797541688	4.924039887951836e-05
Electrolyte_w_sep	136	1342.5461382644914	10.082351246309692	1.1999999999999997	0.0	1.3668148705408938	1.2449698179819009	44.81891344734843	6.495494702514265e-05
R_material	136	1342.5461382644914	10.082351246309692	1.1999999999999997	0.0	1.3668148705408938	0.45456034180411325	16.364172304948077	4.865423952520122e-05
L_material	136	1342.5461382644914	10.082351246309692	1.1999999999999997	0.0	1.3668148705408938	0.4599921395428373	16.55971702354214	4.9235636457418004e-05
Electrolyte_w_sep	137	1345.3209562364325	10.027681421314416	1.1999999999999997	0.0	1.3696676119904245	1.2446659684181214	44.80797486305237	6.493909400442373e-05
R_material	137	1345.3209562364325	10.027681421314416	1.1999999999999997	0.0	1.3696676119904245	0.45432136475935253	16.35556913133669	4.8628660420938256e-05
L_material	137	1345.3209562364325	10.027681421314416	1.1999999999999997	0.0	1.3696676119904245	0.4603877392937155	16.57395861457376	4.927797980166785e-05
Electrolyte_w_sep	138	1348.0957742083735	9.97382352441313	1.1999999999999997	0.0	1.3724929018796448	1.2445081647868468	44.802293932326485	6.493086077148766e-05
R_material	138	1348.0957742083735	9.97382352441313	1.1999999999999997	0.0	1.3724929018796448	0.4548946312178989	16.376206723844362	4.8690020467164865e-05
L_material	138	1348.0957742083735	9.97382352441313	1.1999999999999997	0.0	1.3724929018796448	0.46078246901525516	16.588168884549187	4.932023002161287e-05
Electrolyte_w_sep	139	1350.8705921803146	9.920759601421935	1.1999999999999997	0.0	1.3752912626039804	1.2441388974333585	44.78900030760091	6.491159464869697e-05
R_material	139	1350.8705921803146	9.920759601421935	1.1999999999999997	0.0	1.3752912626039804	0.45587428511736783	16.41147426422524	4.879487852690536e-05
L_material	139	1350.8705921803146	9.920759601421935	1.1999999999999997	0.0	1.3752912626039804	0.46081684346542007	16.58940636475512	4.932390931911874e-05
Electrolyte_w_sep	140	1353.6454101522556	9.868472223645245	1.1999999999999997	0.0	1.3780632042519694	1.243943485521501	44.78196547877404	6.490139924460006e-05
R_material	140	1353.6454101522556	9.868472223645245	1.1999999999999997	0.0	1.3780632042519694	0.45622534369329326	16.424112372958557	4.883245436991151e-05
L_material	140	1353.6454101522556	9.868472223645245	1.1999999999999997	0.0	1.3780632042519694	0.46082406109928536	16.589666199574275	4.932468186448752e-05
Electrolyte_w_sep	141	1356.4202281241967	9.81694446879025	1.1999999999999997	0.0	1.3808092251254511	1.2434900472584252	44.76564170130331	6.487774159609176e-05
R_material	141	1356.4202281241967	9.81694446879025	1.1999999999999997	0.0	1.3808092251254511	0.45724164360819314	16.46069916989495	4.894123486601182e-05
L_material	141	1356.4202281241967	9.81694446879025	1.1999999999999997	0.0	1.3808092251254511	0.4608337373155205	16.590014543358738	4.932571756623953e-05
Electrolyte_w_sep	142	1359.1950460961377	9.766159902707203	1.1999999999999997	0.0	1.383529812349221	1.243242909014225	44.756744724512096	6.486484742682913e-05
R_material	142	1359.1950460961377	9.766159902707203	1.1999999999999997	0.0	1.383529812349221	0.45799548266094375	16.487837375793976	4.9021922648167235e-05
L_material	142	1359.1950460961377	9.766159902707203	1.1999999999999997	0.0	1.383529812349221	0.46036767092618075	16.573236153342506	4.927583176746618e-05
Electrolyte_w_sep	143	1361.9698640680788	9.716102561914127	1.1999999999999995	0.0	1.3862254423738922	1.2428805922277895	44.74370132020042	6.484594394231946e-05
R_material	143	1361.9698640680788	9.716102561914127	1.1999999999999995	0.0	1.3862254423738922	0.4588804947801148	16.519697812084132	4.911665064722222e-05
L_material	143	1361.9698640680788	9.716102561914127	1.1999999999999995	0.0	1.3862254423738922	0.46066780620450093	16.584041023362033	4.9307956993488755e-05
Electrolyte_w_sep	144	1364.7446820400198	9.666756936866925	1.1999999999999997	0.0	1.3888965814848993	1.2426109811115693	44.7339953200165	6.483187727538622e-05
R_material	144	1364.7446820400198	9.666756936866925	1.1999999999999997	0.0	1.3888965814848993	0.4592337202773171	16.532413929983417	4.915445842842698e-05
L_material	144	1364.7446820400198	9.666756936866925	1.1999999999999997	0.0	1.3888965814848993	0.4607067158938523	16.585441772178683	4.9312121724045846e-05
Electrolyte_w_sep	145	1367.5195000119609	9.618107955938036	1.1999999999999997	0.0	1.391543686318464	1.2424316874856673	44.72754074948402	6.482252282533916e-05
R_material	145	1367.5195000119609	9.618107955938036	1.1999999999999997	0.0	1.391543686318464	0.4589434448041414	16.52196401294909	4.912338855474612e-05
L_material	145	1367.5195000119609	9.618107955938036	1.1999999999999997	0.0	1.391543686318464	0.4607051806088811	16.58538650191972	4.9311957393557996e-05
Electrolyte_w_sep	146	1370.294317983902	9.570140970068898	1.1999999999999995	0.0	1.3941672043341387	1.2422117381233029	44.7196225724389	6.48110472064332e-05
R_material	146	1370.294317983902	9.570140970068898	1.1999999999999995	0.0	1.3941672043341387	0.4585398773472586	16.50743558450131	4.9080192380540024e-05
L_material	146	1370.294317983902	9.570140970068898	1.1999999999999995	0.0	1.3941672043341387	0.46064330189101466	16.583158868076527	4.930533415416883e-05
Electrolyte_w_sep	147	1373.069135955843	9.522841738063368	1.1999999999999995	0.0	1.3967675743914356	1.2419315897501433	44.70953723100516	6.479643076957269e-05
R_material	147	1373.069135955843	9.522841738063368	1.1999999999999995	0.0	1.3967675743914356	0.4583498038119342	16.50059293722963	4.9059847703575086e-05
L_material	147	1373.069135955843	9.522841738063368	1.1999999999999995	0.0	1.3967675743914356	0.46099586067618903	16.595850984342803	4.934307057330409e-05
Electrolyte_w_sep	148	1375.843953927784	9.476196412491095	1.1999999999999997	0.0	1.399345227228097	1.2417624305169135	44.70344749860889	6.478760507044766e-05
R_material	148	1375.843953927784	9.476196412491095	1.1999999999999997	0.0	1.399345227228097	0.45793270041669343	16.485577215000962	4.9015202699089485e-05
L_material	148	1375.843953927784	9.476196412491095	1.1999999999999997	0.0	1.399345227228097	0.4613247754532177	16.607691916315837	4.9378276236608146e-05
Electrolyte_w_sep	149	1378.618771899725	9.430191526171528	1.1999999999999997	0.0	1.4019005859742395	1.24140004558315	44.6904016409934	6.476869803042522e-05
R_material	149	1378.618771899725	9.430191526171528	1.1999999999999997	0.0	1.4019005859742395	0.4575262597233813	16.470945350041728	4.8971698985662336e-05
L_material	149	1378.618771899725	9.430191526171528	1.1999999999999997	0.0	1.4019005859742395	0.4618493176334075	16.626575434802668	4.9434421039682545e-05
Electrolyte_w_sep	150	1381.393589871666	9.384813979210866	1.1999999999999997	0.0	1.404434066681225	1.2413014674495007	44.686852828182026	6.476355482345221e-05
R_material	150	1381.393589871666	9.384813979210866	1.1999999999999997	0.0	1.404434066681225	0.4571169442849249	16.456209994257296	4.892788757152757e-05
L_material	150	1381.393589871666	9.384813979210866	1.1999999999999997	0.0	1.404434066681225	0.4621091998856643	16.635931195883913	4.946223774999974e-05
Electrolyte_w_sep	151	1384.1684078436072	9.340051026565698	1.1999999999999997	0.0	1.4069460788479269	1.241031190057383	44.677122842065785	6.474945339429823e-05
R_material	151	1384.1684078436072	9.340051026565698	1.1999999999999997	0.0	1.4069460788479269	0.4567059063187418	16.441412627474705	4.888389178522283e-05
L_material	151	1384.1684078436072	9.340051026565698	1.1999999999999997	0.0	1.4069460788479269	0.46253140784433106	16.65113068239592	4.950742912562413e-05
Electrolyte_w_sep	152	1386.9432258155482	9.295890266108582	1.1999999999999995	0.0	1.4094370260256155	1.241080542701356	44.67889953724882	6.475202831485336e-05
R_material	152	1386.9432258155482	9.295890266108582	1.1999999999999995	0.0	1.4094370260256155	0.45647031393803383	16.43293130176922	4.885867496125666e-05
L_material	152	1386.9432258155482	9.295890266108582	1.1999999999999995	0.0	1.4094370260256155	0.4628648875875676	16.663135953152434	4.9543123403835554e-05
Electrolyte_w_sep	153	1389.7180437874893	9.252319627172051	1.2	0.0	1.4119073063870007	1.240946752828473	44.674083101825026	6.474504797365946e-05
R_material	153	1389.7180437874893	9.252319627172051	1.2	0.0	1.4119073063870007	0.4560734313892603	16.418643530013373	4.88161943116805e-05
L_material	153	1389.7180437874893	9.252319627172051	1.2	0.0	1.4119073063870007	0.4630515620773993	16.669856234786373	4.956310426117446e-05
Electrolyte_w_sep	154	1392.4928617594303	9.209327359548837	1.1999999999999997	0.0	1.414357313346806	1.2408069001526392	44.66904840549501	6.473775131231161e-05
R_material	154	1392.4928617594303	9.209327359548837	1.1999999999999997	0.0	1.414357313346806	0.4556999438356119	16.40519797808203	4.877621776462237e-05
L_material	154	1392.4928617594303	9.209327359548837	1.1999999999999997	0.0	1.414357313346806	0.4625877960890281	16.653160659205014	4.9513464687708165e-05
Electrolyte_w_sep	155	1395.2676797313713	9.166902022927246	1.1999999999999995	0.0	1.4167874362274708	1.2405953348802874	44.66143205569035	6.472671312418891e-05
R_material	155	1395.2676797313713	9.166902022927246	1.1999999999999995	0.0	1.4167874362274708	0.45535079572107884	16.392628645958837	4.873884640942045e-05
L_material	155	1395.2676797313713	9.166902022927246	1.1999999999999995	0.0	1.4167874362274708	0.46224652688040363	16.64087496769453	4.9476936657671284e-05
Electrolyte_w_sep	156	1398.0424977033124	9.125032476741747	1.1999999999999997	0.0	1.4191980609720225	1.2403866694428614	44.65392009994301	6.471582623180146e-05
R_material	156	1398.0424977033124	9.125032476741747	1.1999999999999997	0.0	1.4191980609720225	0.455030472917414	16.381097025026904	4.870456039504217e-05
L_material	156	1398.0424977033124	9.125032476741747	1.1999999999999997	0.0	1.4191980609720225	0.4625474430960738	16.651707951458658	4.9509145471964515e-05
Electrolyte_w_sep	157	1400.8173156752534	9.083707870419834	1.1999999999999995	0.0	1.4215895709229829	1.2402882134791502	44.65037568524941	6.471068939891218e-05
R_material	157	1400.8173156752534	9.083707870419834	1.1999999999999995	0.0	1.4215895709229829	0.45468612791269847	16.368700604857146	4.866770314464448e-05
L_material	157	1400.8173156752534	9.083707870419834	1.1999999999999995	0.0	1.4215895709229829	0.46282775721599145	16.66179925977569	4.953914912401792e-05
Electrolyte_w_sep	158	1403.5921336471945	9.042917634007255	1.2	0.0	1.423962347653088	1.2401698665296446	44.6461151950672	6.470451477545971e-05
R_material	158	1403.5921336471945	9.042917634007255	1.2	0.0	1.423962347653088	0.45434133511669234	16.356288064200925	4.863079796453822e-05
L_material	158	1403.5921336471945	9.042917634007255	1.2	0.0	1.423962347653088	0.46317812959190274	16.6744126653085	4.9576651519041965e-05
Electrolyte_w_sep	159	1406.3669516191355	9.00265146915458	1.1999999999999997	0.0	1.4263167718886152	1.2402110011174576	44.64759604022848	6.470666092786735e-05
R_material	159	1406.3669516191355	9.00265146915458	1.1999999999999997	0.0	1.4263167718886152	0.4539979586913026	16.343926512886895	4.8594044386824175e-05
L_material	159	1406.3669516191355	9.00265146915458	1.1999999999999997	0.0	1.4263167718886152	0.46346359886608396	16.684689559179024	4.9607206957266016e-05
Electrolyte_w_sep	160	1409.1417695910766	8.962899340448963	1.1999999999999997	0.0	1.4286532245274792	1.2401538296991033	44.64553786916772	6.470367807125756e-05
R_material	160	1409.1417695910766	8.962899340448963	1.1999999999999997	0.0	1.4286532245274792	0.4536609462286423	16.331794064231122	4.855797198108773e-05
L_material	160	1409.1417695910766	8.962899340448963	1.1999999999999997	0.0	1.4286532245274792	0.4632738027495411	16.677856898983478	4.958689197404821e-05
Electrolyte_w_sep	161	1411.9165875630176	8.92365146707576	1.1999999999999997	0.0	1.430972087790526	1.2401860483455467	44.64669774043968	6.470535904411547e-05
R_material	161	1411.9165875630176	8.92365146707576	1.1999999999999997	0.0	1.430972087790526	0.45332429930754287	16.319674775071544	4.852193870139249e-05
L_material	161	1411.9165875630176	8.92365146707576	1.1999999999999997	0.0	1.430972087790526	0.46315023201092387	16.67340835239326	4.957366547854901e-05
Electrolyte_w_sep	162	1414.6914055349587	8.884898314795503	1.1999999999999995	0.0	1.4332737464388283	1.2400119965076446	44.64043187427521	6.469627807865973e-05
R_material	162	1414.6914055349587	8.884898314795503	1.1999999999999995	0.0	1.4332737464388283	0.4529931871614508	16.30775473781223	4.8486497840885984e-05
L_material	162	1414.6914055349587	8.884898314795503	1.1999999999999995	0.0	1.4332737464388283	0.4629048113822937	16.664573209762573	4.954739667999433e-05
Electrolyte_w_sep	163	1417.4662235068997	8.846630588222299	1.1999999999999997	0.0	1.4355585891982157	1.23984950887517	44.63458231950612	6.468780046305235e-05
R_material	163	1417.4662235068997	8.846630588222299	1.1999999999999997	0.0	1.4355585891982157	0.4526478090479727	16.295321125727018	4.8449530010843377e-05
L_material	163	1417.4662235068997	8.846630588222299	1.1999999999999997	0.0	1.4355585891982157	0.46320829571596905	16.675498645774887	4.95798803749075e-05
Electrolyte_w_sep	164	1420.2410414788408	8.808839223390676	1.1999999999999997	0.0	1.4378270103397601	1.2395791763609105	44.62485034899278	6.467369615796055e-05
R_material	164	1420.2410414788408	8.808839223390676	1.1999999999999997	0.0	1.4378270103397601	0.4523088854636339	16.28311987669082	4.841325304662843e-05
L_material	164	1420.2410414788408	8.808839223390676	1.1999999999999997	0.0	1.4378270103397601	0.46292777424273285	16.665399872738384	4.954985452862133e-05
Electrolyte_w_sep	165	1423.0158594507818	8.771515380598201	1.1999999999999995	0.0	1.4400794114810032	1.239374050925429	44.61746583331544	6.466299396132672e-05
R_material	165	1423.0158594507818	8.771515380598201	1.1999999999999995	0.0	1.4400794114810032	0.45194500361211726	16.270020130036222	4.8374304653787354e-05
L_material	165	1423.0158594507818	8.771515380598201	1.1999999999999995	0.0	1.4400794114810032	0.4631880949194633	16.67477141710068	4.957771816606215e-05
Electrolyte_w_sep	166	1425.7906774227229	8.734650437512194	1.1999999999999997	0.0	1.4423162036320292	1.2392416923539713	44.61270092474297	6.465608829672894e-05
R_material	166	1425.7906774227229	8.734650437512194	1.1999999999999997	0.0	1.4423162036320292	0.45161687093390734	16.258207353620666	4.8339182703072715e-05
L_material	166	1425.7906774227229	8.734650437512194	1.1999999999999997	0.0	1.4423162036320292	0.4633554957108572	16.68079784559086	4.959563604725887e-05
Electrolyte_w_sep	167	1428.565495394664	8.698235982529072	1.1999999999999997	0.0	1.444537809384322	1.2393775280239512	44.61759100886224	6.466317537516268e-05
R_material	167	1428.565495394664	8.698235982529072	1.1999999999999997	0.0	1.444537809384322	0.45128296157943854	16.246186616859788	4.8303442441070205e-05
L_material	167	1428.565495394664	8.698235982529072	1.1999999999999997	0.0	1.444537809384322	0.4642202163205563	16.711927787540027	4.968819212793167e-05
Electrolyte_w_sep	168	1431.340313366605	8.662263808375702	1.2	0.0	1.4467446655432907	1.2392795994935348	44.61406558176726	6.465806606053225e-05
R_material	168	1431.340313366605	8.662263808375702	1.2	0.0	1.4467446655432907	0.4510624209371454	16.238247153737234	4.827983669228757e-05
L_material	168	1431.340313366605	8.662263808375702	1.2	0.0	1.4467446655432907	0.46444061467546294	16.719862128316667	4.971178264686702e-05
Electrolyte_w_sep	169	1434.115131338546	8.626725905942495	1.1999999999999997	0.0	1.4489372260682072	1.2392565743021682	44.61323667487805	6.465686474620007e-05
R_material	169	1434.115131338546	8.626725905942495	1.1999999999999997	0.0	1.4489372260682072	0.45078949237974764	16.228421725670916	4.825062355998441e-05
L_material	169	1434.115131338546	8.626725905942495	1.1999999999999997	0.0	1.4489372260682072	0.4646477390388152	16.727318605397347	4.9733952373214125e-05
Electrolyte_w_sep	170	1436.889949310487	8.591614458338487	1.1999999999999997	0.0	1.4511159654637218	1.2390451720197693	44.605626192711696	6.4645835061901e-05
R_material	170	1436.889949310487	8.591614458338487	1.1999999999999997	0.0	1.4511159654637218	0.4505151357899935	16.218544888439766	4.8221257577065096e-05
L_material	170	1436.889949310487	8.591614458338487	1.1999999999999997	0.0	1.4511159654637218	0.46466493799941233	16.727937767978844	4.9735793278087517e-05
