Iteration	Time[s]	Step time[s]	CPU time (all solves)[s]	CPU time (all solves) x core[s]	CPU time (all solves) x core and per dof[s]	CPU time(problem)[s]	CPU time(problem) x core[s]	CPU time(problem) x core and per dof[s]	CPU time(problem+post-p.)[s]	CPU time(problem+post-p.) x core[s]	CPU time(problem+post-p.) x core and per dof[s]
1	1.1099271887764162	1.1099271887764162	55.164324045181274	1985.9156656265259	0.0014573688060123976	71.41648697853088	2570.993531227112	0.0018867295513719455	75.7329318523407	2726.385546684265	0.0020007643414440635
2	2.4973361747469363	1.38740898597052	27.814833402633667	1001.334002494812	0.0007348312745068601	34.24412298202515	1232.7884273529053	0.0009046846397026616	35.646048069000244	1283.2577304840088	0.0009417216545757224
3	4.231597407210087	1.7342612324631501	26.645081281661987	959.2229261398315	0.0007039279636917993	32.58891487121582	1173.2009353637695	0.0008609562208394754	33.994812965393066	1223.8132667541504	0.0008980981973315298
4	6.399423947789025	2.167826540578938	25.886813640594482	931.9252910614014	0.0006838955310312396	31.851766109466553	1146.663579940796	0.0008414817211631235	33.26071214675903	1197.3856372833252	0.0008787042202990339
5	9.109207123512697	2.7097831757236723	27.484900951385498	989.4564342498779	0.0007261148935693094	34.17057991027832	1230.1408767700195	0.0009027417285818007	37.16676902770996	1338.0036849975586	0.000981897099960635
6	12.496436093167286	3.3872289696545903	28.313907146453857	1019.3006572723389	0.00074801614568461	35.01007890701294	1260.3628406524658	0.0009249201867011766	36.425232887268066	1311.3083839416504	0.0009623066915161172
7	16.730472305235523	4.234036212068238	28.489811897277832	1025.633228302002	0.0007526633175863318	35.19127607345581	1266.8859386444092	0.0009297071772549881	38.20341110229492	1375.3227996826172	0.001009283818617112
8	22.02301757032082	5.292545265085298	28.965359449386597	1042.7529401779175	0.0007652266577561713	35.933708906173706	1293.6135206222534	0.000949321275128757	37.358285903930664	1344.898292541504	0.000986956723658741
9	28.638699151677443	6.615681581356623	37.068957805633545	1334.4824810028076	0.0009793130562621142	46.21746611595154	1663.8287801742554	0.0012210045999141799	49.26949095726013	1773.7016744613647	0.0013016350775985452
10	36.908301128373225	8.269601976695778	37.154608488082886	1337.565905570984	0.0009815758345155575	46.5082790851593	1674.2980470657349	0.0012286874956451259	49.54947805404663	1783.7812099456787	0.0013090319680346251
11	47.245303599242945	10.337002470869724	36.132577419281006	1300.7727870941162	0.0009545751193934536	45.331783056259155	1631.9441900253296	0.001197606019662347	48.37885594367981	1741.6388139724731	0.001278105673245266
12	58.344575487007106	11.099271887764163	45.43631386756897	1635.707299232483	0.001200367586060683	57.06530213356018	2054.3508768081665	0.0015075901440758793	60.077054023742676	2162.7739448547363	0.0015871566634191767
13	69.44384737477127	11.099271887764163	34.95981431007385	1258.5533151626587	0.0009235922622338015	43.17514991760254	1554.3053970336914	0.0011406306117933674	46.21014595031738	1663.5652542114258	0.00122081121077664
14	80.54311926253543	11.099271887764163	34.04225397109985	1225.5211429595947	0.0008993515262363905	42.285634994506836	1522.282859802246	0.0011171307987558605	45.35666513442993	1632.8399448394775	0.001198263371405208
15	91.64239115029959	11.099271887764163	26.399834394454956	950.3940382003784	0.0006974488638501257	32.41804790496826	1167.0497245788574	0.0008564421405729754	35.49290108680725	1277.744439125061	0.0009376757129559138
16	102.74166303806375	11.099271887764163	26.605900764465332	957.812427520752	0.0007028928660167318	32.63056302070618	1174.7002687454224	0.0008620565101105932	35.73202109336853	1286.352759361267	0.0009439929486782344
17	113.84093492582791	11.099271887764163	28.73215675354004	1034.3576431274414	0.0007590657495915681	34.75660300254822	1251.2377080917358	0.0009182236870587609	37.741071939468384	1358.6785898208618	0.000997069426700528
18	124.94020681359207	11.099271887764163	30.13410782814026	1084.8278818130493	0.0007961034510234667	36.19694399833679	1303.0899839401245	0.0009562755996601709	39.25045204162598	1413.0162734985352	0.0010369452615879209
19	136.03947870135624	11.099271887764163	29.03726840019226	1045.3416624069214	0.0007671263975534254	35.070860147476196	1262.550965309143	0.0009265259470431204	38.13557410240173	1372.8806676864624	0.0010074916544013984
20	147.1387505891204	11.099271887764163	29.506820917129517	1062.2455530166626	0.0007795313567877395	35.72327494621277	1286.0378980636597	0.0009437618869864939	38.808833837509155	1397.1180181503296	0.0010252782901170124
21	158.23802247688457	11.099271887764163	28.005470752716064	1008.1969470977783	0.0007398676622824702	34.042728900909424	1225.5382404327393	0.0008993640732566159	38.71128606796265	1393.6062984466553	0.0010227012064874417
22	169.33729436464873	11.099271887764163	27.495830059051514	989.8498821258545	0.000726403626203411	33.54014801979065	1207.4453287124634	0.0008860865481293102	36.524688959121704	1314.8888025283813	0.0009649341899799668
23	180.4365662524129	11.099271887764163	28.04672646522522	1009.6821527481079	0.0007409575838852694	34.08826303482056	1227.17746925354	0.0009005670251194272	37.097615003585815	1335.5141401290894	0.000980070141698875
24	191.53583814017705	11.099271887764163	26.09834933280945	939.5405759811401	0.0006894840254889952	32.15307807922363	1157.5108108520508	0.000849441986664473	35.1817409992218	1266.5426759719849	0.0009294552731486263
25	202.6351100279412	11.099271887764163	26.694536447525024	961.0033121109009	0.0007052345040559289	32.74467706680298	1178.8083744049072	0.0008650712529536874	35.767488956451416	1287.629602432251	0.0009449299629200945
26	213.73438191570537	11.099271887764163	26.711994647979736	961.6318073272705	0.0007056957267246046	32.844868898391724	1182.415280342102	0.0008677181892209585	35.86765003204346	1291.2354011535645	0.0009475760866544293
27	224.83365380346953	11.099271887764163	28.966867208480835	1042.80721950531	0.0007652664907661638	35.02158880233765	1260.7771968841553	0.0009252242629804937	38.04920983314514	1369.771553993225	0.0010052100241240924
28	235.9329256912337	11.099271887764163	26.99535059928894	971.8326215744019	0.0007131816178613796	33.0549099445343	1189.9767580032349	0.0008732671970974929	36.070770025253296	1298.5477209091187	0.0009529422494254807
29	247.03219757899785	11.099271887764163	27.010218381881714	972.3678617477417	0.0007135744051009646	33.06506109237671	1190.3421993255615	0.0008735353770574001	36.08259606361389	1298.9734582901	0.0009532546777875381
30	258.13146946676204	11.099271887764163	26.63939356803894	959.0181684494019	0.0007037777017869318	32.6992928981781	1177.1745443344116	0.0008638722629762787	35.71754193305969	1285.831509590149	0.0009436104283276892
31	269.23074135452623	11.099271887764163	25.650206565856934	923.4074363708496	0.0006776446836589066	31.712414026260376	1141.6469049453735	0.0008378002226107043	34.726523876190186	1250.1548595428467	0.0009174290361457832
32	280.3300132422904	11.099271887764163	25.733899354934692	926.4203767776489	0.0006798557369474451	31.80671000480652	1145.0415601730347	0.0008402913982037017	34.87237596511841	1255.4055347442627	0.0009212822562907748
33	291.4292851300546	11.099271887764163	29.384957551956177	1057.8584718704224	0.0007763118871382273	35.44922494888306	1276.17209815979	0.0009365218469006408	38.49137806892395	1385.6896104812622	0.0010168915267072796
34	302.5285570178188	11.099271887764163	27.86104726791382	1002.9977016448975	0.0007360521839774336	33.92638897895813	1221.3500032424927	0.0008962905257042726	36.96809101104736	1330.851276397705	0.0009766482883611794
35	313.627828905583	11.099271887764163	26.167701721191406	942.0372619628906	0.0006913162242732591	32.245675802230835	1160.84432888031	0.000851888296582237	36.89280581474304	1328.1410093307495	0.0009746593526033774
36	324.7271007933472	11.099271887764163	26.0848388671875	939.05419921875	0.0006891270967765904	32.15267014503479	1157.4961252212524	0.0008494312095803337	35.19153904914856	1266.8954057693481	0.0009297141247265286
37	335.82637268111137	11.099271887764163	25.34876298904419	912.5554676055908	0.0006696809412724344	31.423537015914917	1131.247332572937	0.0008301684723638095	34.48314690589905	1241.3932886123657	0.0009109993370468944
38	346.92564456887555	11.099271887764163	25.023687839508057	900.85276222229	0.0006610928838504717	31.095251083374023	1119.4290390014648	0.000821495590282522	34.144510984420776	1229.202395439148	0.0009020530218857861
39	358.02491645663974	11.099271887764163	24.96017861366272	898.5664300918579	0.0006594150537266913	31.04454016685486	1117.603446006775	0.0008201558746395133	34.12178111076355	1228.3841199874878	0.00090145252855235
40	369.12418834440393	11.099271887764163	25.401284217834473	914.446231842041	0.0006710684829819949	31.47286105155945	1133.0229978561401	0.0008314715484402264	34.516027212142944	1242.576979637146	0.000911867991444123
41	380.2234602321681	11.099271887764163	25.67823028564453	924.4162902832031	0.0006783850334366621	31.760585069656372	1143.3810625076294	0.000839072838150068	34.83912515640259	1254.2085056304932	0.0009204038137060812
42	391.3227321199323	11.099271887764163	25.872609615325928	931.4139461517334	0.0006835202793861865	31.97060990333557	1150.9419565200806	0.0008446214177146669	35.03446102142334	1261.2405967712402	0.0009255643300597944
43	402.4220040076965	11.099271887764163	24.83762216567993	894.1543979644775	0.0006561772737419405	30.912508010864258	1112.8502883911133	0.0008166677589259288	33.93202304840088	1221.5528297424316	0.0008964393704005304
44	413.5212758954607	11.099271887764163	24.872586488723755	895.4131135940552	0.0006571009851189832	30.9771249294281	1115.1764974594116	0.0008183748528328253	33.99868202209473	1223.9525527954102	0.000898200412715173
45	424.6205477832249	11.099271887764163	24.97623038291931	899.1442937850952	0.0006598391203349707	31.10988712310791	1119.9559364318848	0.0008218822551809128	34.18644404411316	1230.7119855880737	0.0009031608381092983
46	435.71981967098907	11.099271887764163	25.978198528289795	935.2151470184326	0.0006863097994370124	32.06544899940491	1154.3561639785767	0.0008471269417575005	35.13269019126892	1264.7768468856812	0.000928159415388062
47	446.81909155875326	11.099271887764163	24.715705394744873	889.7653942108154	0.0006529563931825233	30.852715969085693	1110.697774887085	0.0008150881319107496	33.88723707199097	1219.9405345916748	0.000895256183873797
48	457.91836344651745	11.099271887764163	25.695073127746582	925.022632598877	0.0006788299991479071	31.88225293159485	1147.7611055374146	0.0008422871428615357	36.591185092926025	1317.282663345337	0.0009666909302791405
49	469.01763533428164	11.099271887764163	25.60823917388916	921.8966102600098	0.0006765359604218842	31.782494068145752	1144.169786453247	0.0008396516450424219	36.008095026016235	1296.2914209365845	0.0009512864584702588
50	480.1169072220458	11.099271887764163	25.275232076644897	909.9083547592163	0.0006677383513855251	31.371374130249023	1129.3694686889648	0.0008287903976077624	34.4145781993866	1238.9248151779175	0.0009091878421057433
51	491.21617910981	11.099271887764163	25.444650411605835	916.0074148178101	0.0006722141607208559	31.522523164749146	1134.8108339309692	0.0008327835560802374	34.5851469039917	1245.0652885437012	0.0009136940426923729
52	502.3154509975742	11.099271887764163	25.240915536880493	908.6729593276978	0.0006668317535897837	31.336979866027832	1128.131275177002	0.0008278817464342131	34.39754796028137	1238.3117265701294	0.0009087379256124213
53	513.4147228853384	11.099271887764163	25.571441173553467	920.5718822479248	0.0006755638057052062	31.687577962875366	1140.7528066635132	0.0008371440865178951	34.72832894325256	1250.2198419570923	0.0009174767236408265
54	524.5139947731026	11.099271887764163	25.1410231590271	905.0768337249756	0.0006641927284959078	31.239585876464844	1124.6250915527344	0.0008253087254693238	34.277141094207764	1233.9770793914795	0.0009055569347513411
55	535.6132666608668	11.099271887764163	33.11708045005798	1192.2148962020874	0.0008749096599930779	41.58237409591675	1496.965467453003	0.0010985515718037818	44.6205689907074	1606.3404836654663	0.0011788166805111328
56	546.712538548631	11.099271887764163	33.139519453048706	1193.0227003097534	0.0008755024689064965	41.479071855545044	1493.2465867996216	0.0010958224626319625	44.52991199493408	1603.076831817627	0.0011764216420515187
57	557.8118104363951	11.099271887764163	34.71242356300354	1249.6472482681274	0.0009170565244373755	43.064419984817505	1550.3191194534302	0.0011377052727680837	46.09127712249756	1659.285976409912	0.001217670852861079
58	568.9110823241593	11.099271887764163	33.647276401519775	1211.301950454712	0.0008889167389178848	41.99828791618347	1511.938364982605	0.0011095394672985173	45.01225709915161	1620.441255569458	0.001189164564597686
59	580.0103542119235	11.099271887764163	33.578330516815186	1208.8198986053467	0.0008870952794255306	41.92748999595642	1509.3896398544312	0.001107669079466248	44.986786127090454	1619.5243005752563	0.0011884916550536418
60	591.1096260996877	11.099271887764163	33.22901701927185	1196.2446126937866	0.0008778668767640244	41.572267055511475	1496.601613998413	0.0010982845571042871	44.64724612236023	1607.3008604049683	0.0011795214552034299
61	602.2088979874519	11.099271887764163	35.09345746040344	1263.364468574524	0.0009271229382966143	43.45665884017944	1564.43971824646	0.0011480677068630308	46.514596939086914	1674.525489807129	0.0012288544050271298
62	613.3081698752161	11.099271887764163	33.34220576286316	1200.3194074630737	0.0008808571743332759	41.69607400894165	1501.0586643218994	0.0011015553737964085	46.38573122024536	1669.886323928833	0.0012254499424137525
63	624.4074417629803	11.099271887764163	33.61859178543091	1210.2693042755127	0.0008881589291300567	42.008944034576416	1512.321985244751	0.0011098209879154713	45.04473304748535	1621.6103897094727	0.0011900225363913493
64	635.5067136507445	11.099271887764163	33.76594161987305	1215.5738983154297	0.0008920517177394338	42.3248028755188	1523.6929035186768	0.0011181655625995667	45.36838912963867	1633.2620086669922	0.0011985731039215542
65	646.6059855385087	11.099271887764163	33.71489429473877	1213.7361946105957	0.0008907031146237654	42.20000886917114	1519.2003192901611	0.0011148686692690252	45.24697804450989	1628.891209602356	0.0011953655829152988
66	657.7052574262729	11.099271887764163	33.65218186378479	1211.4785470962524	0.0008890463347718691	42.0134391784668	1512.4838104248047	0.001109939743698267	45.088226079940796	1623.1761388778687	0.0011911715650412343
67	668.804529314037	11.099271887764163	32.800697565078735	1180.8251123428345	0.000866551240755541	41.203654050827026	1483.331545829773	0.001088546286875912	44.23426008224487	1592.4333629608154	0.0011686109078052646
68	679.9038012018012	11.099271887764163	34.01897144317627	1224.6829719543457	0.000898736432504921	42.415026903152466	1526.9409685134888	0.0011205491626110236	45.492103815078735	1637.7157373428345	0.0012018414830148668
69	691.0030730895654	11.099271887764163	33.40580725669861	1202.60906124115	0.0008825374420558652	41.88076210021973	1507.7074356079102	0.0011064345899878402	44.979100942611694	1619.247633934021	0.0011882886225988505
70	702.1023449773296	11.099271887764163	34.563374757766724	1244.281491279602	0.0009131188512566502	42.986660957336426	1547.5197944641113	0.0011356509816479031	46.04949402809143	1657.7817850112915	0.0012165669985229693
71	713.2016168650938	11.099271887764163	25.77824306488037	928.0167503356934	0.0006810272393765289	31.90216088294983	1148.4777917861938	0.0008428130847233919	34.98322510719299	1259.3961038589478	0.0009242107446685246
72	724.300888752858	11.099271887764163	27.346832752227783	984.4859790802002	0.000722467313542951	33.54628396034241	1207.6662225723267	0.0008862486515994507	36.62364101409912	1318.4510765075684	0.0009675483729815893
73	735.4001606406222	11.099271887764163	25.96427345275879	934.7138442993164	0.0006859419172767302	32.0840368270874	1155.0253257751465	0.0008476180076901459	35.111939907073975	1264.029836654663	0.0009276112202016795
74	746.4994325283864	11.099271887764163	27.587821006774902	993.1615562438965	0.000728833905917122	33.72870397567749	1214.2333431243896	0.0008910679482108605	36.76901888847351	1323.6846799850464	0.0009713890650024704
75	757.5987044161506	11.099271887764163	28.15408492088318	1013.5470571517944	0.0007437938529241038	34.277300119400024	1233.9828042984009	0.0009055611359875311	37.31100797653198	1343.1962871551514	0.000985707703068054
76	768.6979763039147	11.099271887764163	25.756099224090576	927.2195720672607	0.0006804422282598165	31.895399808883667	1148.234393119812	0.0008426344660489186	36.51658296585083	1314.5969867706299	0.0009647200403109698
77	779.7972481916789	11.099271887764163	26.18201732635498	942.5526237487793	0.0006916944237122208	32.309532165527344	1163.1431579589844	0.000853575297620399	35.393963098526	1274.182671546936	0.0009350619015778823
78	790.8965200794431	11.099271887764163	29.46561098098755	1060.7619953155518	0.0007784426445362874	35.60402989387512	1281.7450761795044	0.0009406115897145494	38.63047790527344	1390.6972045898438	0.0010205663612298805
79	801.9957919672073	11.099271887764163	25.31211566925049	911.2361640930176	0.0006687127673372738	31.45191502571106	1132.2689409255981	0.0008309181820170945	34.54127621650696	1243.4859437942505	0.000912535036893875
80	813.0950638549715	11.099271887764163	34.587746381759644	1245.1588697433472	0.0009137627174722509	42.98593497276306	1547.4936590194702	0.0011356318020913838	46.07903718948364	1658.8453388214111	0.001217347489947259
81	824.1943357427357	11.099271887764163	33.95433497428894	1222.3560590744019	0.0008970288221042201	42.35395312309265	1524.7423124313354	0.0011189356737581278	45.45189714431763	1636.2682971954346	0.00120077927571377
82	835.2936076304999	11.099271887764163	33.738110303878784	1214.5719709396362	0.0008913164510165588	42.15922784805298	1517.7322025299072	0.0011137912883877465	45.23680591583252	1628.5250129699707	0.0011950968486693575
83	846.3928795182641	11.099271887764163	34.095585107803345	1227.4410638809204	0.0009007604646466064	42.484143018722534	1529.4291486740112	0.0011223751193786995	45.54928207397461	1639.774154663086	0.001203352057327872
84	857.4921514060283	11.099271887764163	35.18614149093628	1266.701093673706	0.0009295715283455637	43.58218288421631	1568.958583831787	0.0011513838868280753	46.66136193275452	1679.8090295791626	0.0012327317429133076
85	868.5914232937924	11.099271887764163	35.14841675758362	1265.3430032730103	0.0009285748905628135	43.582409143447876	1568.9667291641235	0.0011513898642990562	46.60196018218994	1677.670566558838	0.0012311624268781026
86	879.6906951815566	11.099271887764163	34.948529958724976	1258.1470785140991	0.0009232941445293505	43.34757900238037	1560.5128440856934	0.0011451859611745845	46.42714977264404	1671.3773918151855	0.0012265441660320206
87	890.7899670693208	11.099271887764163	34.0120530128479	1224.4339084625244	0.0008985536566851923	42.444360971450806	1527.996994972229	0.0011213241300710875	45.47204089164734	1636.9934720993042	0.0012013114469948045
88	901.889238957085	11.099271887764163	35.03644108772278	1261.31187915802	0.0009256166408042582	43.447986125946045	1564.1275005340576	0.0011478385851724094	46.49400210380554	1673.7840757369995	0.0012283103165963633
89	912.9885108448492	11.099271887764163	34.134509563446045	1228.8423442840576	0.0009017887975125765	42.534588098526	1531.245171546936	0.0011237078119657085	45.59769105911255	1641.5168781280518	0.0012046309589747583
90	924.0877827326134	11.099271887764163	33.1927387714386	1194.9385957717896	0.0008769084532240991	41.58435797691345	1497.0368871688843	0.0010986039833275243	46.25298094749451	1665.1073141098022	0.0012219428550009116
91	935.1870546203776	11.099271887764163	34.79825472831726	1252.7371702194214	0.0009193240708104529	43.192325830459595	1554.9237298965454	0.001141084376795403	46.26083278656006	1665.389980316162	0.0012221502902504506
92	946.2863265081418	11.099271887764163	33.697192907333374	1213.0989446640015	0.0008902354672760587	42.10439205169678	1515.758113861084	0.0011123425988507022	45.18760085105896	1626.7536306381226	0.001193796915646702
93	957.385598395906	11.099271887764163	33.26455640792847	1197.5240306854248	0.0008788057806173641	41.666887044906616	1500.0079336166382	0.0011007842926372877	44.707597970962524	1609.4735269546509	0.0011811158715777904
94	968.4848702836701	11.099271887764163	25.543834686279297	919.5780487060547	0.0006748344786610826	31.68498992919922	1140.6596374511719	0.0008370757140758538	34.75343608856201	1251.1236991882324	0.0009181400213611437
95	979.5841421714343	11.099271887764163	25.035266876220703	901.2696075439453	0.0006613987867542192	31.17339015007019	1122.2420454025269	0.000823559921538365	34.2477490901947	1232.9189672470093	0.0009047804367059786
96	990.6834140591985	11.099271887764163	26.00150203704834	936.0540733337402	0.000686925447454516	32.14167308807373	1157.1002311706543	0.0008491406818153263	35.224607944488525	1268.085886001587	0.0009305877613993587
97	1001.7826859469627	11.099271887764163	26.63974356651306	959.0307683944702	0.0007037869482857725	32.78147602081299	1180.1331367492676	0.0008660434328651851	35.83962297439575	1290.226427078247	0.0009468356486948048
98	1012.8819578347269	11.099271887764163	26.378540515899658	949.6274585723877	0.0006968863076164973	32.54796504974365	1171.7267417907715	0.0008598743804751044	35.64901614189148	1283.3645811080933	0.000941800067153426
99	1023.9812297224911	11.099271887764163	26.35416054725647	948.7497797012329	0.000696242220946224	32.49768805503845	1169.9167699813843	0.0008585461284750727	35.55946111679077	1280.1406002044678	0.0009394341413080094
100	1035.0805016102552	11.099271887764163	26.70176124572754	961.2634048461914	0.0007054253737114958	32.84116196632385	1182.2818307876587	0.0008676202569566694	35.917917013168335	1293.04501247406	0.0009489040741088538
101	1046.1797734980194	11.099271887764163	26.946502923965454	970.0741052627563	0.0007118911265974176	33.08849000930786	1191.185640335083	0.0008741543381936981	36.126209020614624	1300.5435247421265	0.0009544068746860041
102	1057.2790453857835	11.099271887764163	26.126072645187378	940.5386152267456	0.0006902164388985358	32.29006099700928	1162.442195892334	0.000853060894985979	35.344829082489014	1272.4138469696045	0.0009337638455692965
103	1068.3783172735477	11.099271887764163	25.21964430809021	907.9071950912476	0.000666269795733124	31.394910097122192	1130.216763496399	0.0008294121868625751	36.07482600212097	1298.693736076355	0.0009530494029937909
104	1079.477589161312	11.099271887764163	26.45298981666565	952.3076333999634	0.0006988531601148063	32.60069298744202	1173.6249475479126	0.0008612673831618413	35.68981695175171	1284.8334102630615	0.0009428779708272141
105	1090.5768610490761	11.099271887764163	26.603411436080933	957.7228116989136	0.0007028271012385325	32.761850118637085	1179.426604270935	0.000865524942371264	35.81769514083862	1289.4370250701904	0.0009462563442047613
106	1101.6761329368403	11.099271887764163	25.80612349510193	929.0204458236694	0.0006817638036326199	31.96066117286682	1150.5838022232056	0.0008443585853552473	35.0009331703186	1260.0335941314697	0.0009246785683799695
107	1112.7754048246045	11.099271887764163	26.150719165802002	941.4258899688721	0.0006908675675209237	32.29984998703003	1162.794599533081	0.0008533195072130939	35.373279094696045	1273.4380474090576	0.0009345154574314711
108	1123.8746767123687	11.099271887764163	26.41447687149048	950.9211673736572	0.0006978356988135496	32.57508182525635	1172.7029457092285	0.000860590769979297	35.620718002319336	1282.345848083496	0.0009410524675662934
109	1134.9739486001329	11.099271887764163	26.43358588218689	951.609091758728	0.0006983405337151773	32.582736015319824	1172.9784965515137	0.000860792983602447	35.636983156204224	1282.931393623352	0.0009414821715154872
110	1146.073220487897	11.099271887764163	25.791815042495728	928.5053415298462	0.0006813857931548063	31.94328808784485	1149.9583711624146	0.0008438996113242325	35.007405042648315	1260.2665815353394	0.0009248495467253597
111	1157.1724923756612	11.099271887764163	26.45755672454834	952.4720420837402	0.0006989738118077867	32.79161810874939	1180.498251914978	0.0008663113734743049	35.827017068862915	1289.772614479065	0.0009465026172689135
112	1168.2717642634254	11.099271887764163	25.85841655731201	930.9029960632324	0.00068314531748156	32.00871801376343	1152.3138484954834	0.0008456281838149485	35.07167983055115	1262.5804738998413	0.0009265476019906781
113	1179.3710361511896	11.099271887764163	25.844393491744995	930.3981657028198	0.0006827748465535505	32.19740605354309	1159.1066179275513	0.0008506130733790312	35.237030029296875	1268.5330810546875	0.000930915936523747
114	1190.4703080389538	11.099271887764163	25.30756139755249	911.0722103118896	0.0006685924494756549	31.458189010620117	1132.4948043823242	0.0008310839324373908	34.51694989204407	1242.6101961135864	0.0009118923674322115
115	1201.569579926718	11.099271887764163	24.67503046989441	888.3010969161987	0.0006518818152249395	30.839941024780273	1110.2378768920898	0.0008147506347030612	33.901572942733765	1220.4566259384155	0.0008956349187026779
116	1212.6688518144822	11.099271887764163	33.617770195007324	1210.2397270202637	0.0008881372237928597	42.03873896598816	1513.3946027755737	0.0011106081307721695	45.07698202133179	1622.7713527679443	0.0011908745118179168
117	1223.7681237022464	11.099271887764163	33.835200786590576	1218.0672283172607	0.0008938814537300692	42.25780487060547	1521.2809753417969	0.0011163955635265102	47.469078063964844	1708.8868103027344	0.001254070539574259
118	1234.8673955900106	11.099271887764163	34.04694628715515	1225.6900663375854	0.0008994754910481653	42.46340990066528	1528.6827564239502	0.0011218273776990723	45.51379704475403	1638.496693611145	0.001202414589579257
119	1245.9666674777748	11.099271887764163	34.390217781066895	1238.0478401184082	0.0009085442719292744	42.806267976760864	1541.025647163391	0.0011308852366258286	45.86832904815674	1651.2598457336426	0.0012117808582943236
120	1257.065939365539	11.099271887764163	33.82071828842163	1217.5458583831787	0.0008934988451976549	42.23434376716614	1520.436375617981	0.0011157757520650464	45.32832193374634	1631.8195896148682	0.001197514581362843
121	1268.1652112533031	11.099271887764163	33.16200065612793	1193.8320236206055	0.0008760963926906882	41.61834192276001	1498.2603092193604	0.001099501794429885	44.690653800964355	1608.8635368347168	0.0011806682289169492
122	1279.2644831410673	11.099271887764163	33.98057413101196	1223.3006687164307	0.0008977220260755564	42.40517520904541	1526.5863075256348	0.0011202888938245115	45.444807052612305	1636.013053894043	0.0012005919648264902
123	1290.3637550288315	11.099271887764163	35.433621644973755	1275.6103792190552	0.0009361096281563393	43.88614106178284	1579.9010782241821	0.0011594140616554697	46.92845797538757	1689.4244871139526	0.0012397880686723971
124	1299.243172539043	8.87941751021133	33.9938702583313	1223.7793292999268	0.0008980732922522271	42.46456694602966	1528.7244100570679	0.0011218579453141093	45.54956889152527	1639.7844800949097	0.0012033596346699056
125	1306.346706547212	7.103534008169063	25.197535514831543	907.1112785339355	0.0006656857105260367	31.361789226531982	1129.0244121551514	0.0008285371770720697	34.40058422088623	1238.4210319519043	0.0009088181396197355
126	1312.0295337537473	5.682827206535251	24.658360719680786	887.7009859085083	0.0006514414223734753	30.815706968307495	1109.3654508590698	0.0008141104028402064	33.94088792800903	1221.8719654083252	0.0008966735688473273
127	1316.5757955189754	4.5462617652282	25.10740566253662	903.8666038513184	0.0006633045985030281	31.26918888092041	1125.6907997131348	0.0008260907978685514	34.32626795768738	1235.7456464767456	0.0009068548017987789
128	1320.212804931158	3.63700941218256	24.847711324691772	894.5176076889038	0.0006564438160385652	31.013767957687378	1116.4956464767456	0.0008193429133912971	34.11252498626709	1228.0508995056152	0.000901207993930759
129	1323.1224124609041	2.909607529746048	24.729424238204956	890.2592725753784	0.0006533188269630391	30.89771580696106	1112.3177690505981	0.0008162769683758074	33.962316036224365	1222.6433773040771	0.0008972396712518325
130	1325.8972304328452	2.7748179719410406	24.799343585968018	892.7763690948486	0.0006551660040676323	30.960673809051514	1114.5842571258545	0.0008179402358937841	33.998565912246704	1223.9483728408813	0.0008981973452458708
131	1328.6720484047862	2.7748179719410406	25.125808238983154	904.5290966033936	0.0006637907703419411	31.307199954986572	1127.0591983795166	0.0008270950003959255	34.36334204673767	1237.0803136825562	0.0009078342504157686
132	1331.4468663767273	2.7748179719410406	25.254616022109985	909.1661767959595	0.0006671937023700197	31.413988828659058	1130.903597831726	0.0008299162218286764	34.46052002906799	1240.5787210464478	0.000910401564753989
133	1334.2216843486683	2.7748179719410406	25.635725736618042	922.8861265182495	0.0006772621192174268	31.823319911956787	1145.6395168304443	0.0008407302100802279	34.86331009864807	1255.0791635513306	0.0009210427480357199
134	1336.9965023206094	2.7748179719410406	24.206218004226685	871.4238481521606	0.0006394964071707356	30.433434009552002	1095.603624343872	0.000804011254611434	33.48005700111389	1205.2820520401	0.0008844990225381457
135	1339.7713202925504	2.7748179719410406	25.163832664489746	905.8979759216309	0.0006647953255967913	31.329935789108276	1127.877688407898	0.000827695651196985	34.40112900733948	1238.4406442642212	0.0009088325321605061
136	1342.5461382644914	2.7748179719410406	24.697083234786987	889.0949964523315	0.0006524644202363676	30.87263298034668	1111.4147872924805	0.0008156143131233932	33.93201398849487	1221.5525035858154	0.0008964391310497431
137	1345.3209562364325	2.7748179719410406	25.66183114051819	923.8259210586548	0.0006779517896152961	31.826206922531128	1145.7434492111206	0.0008408064810982545	34.89602518081665	1256.2569065093994	0.0009219070374304304
138	1348.0957742083735	2.7748179719410406	27.304709911346436	982.9695568084717	0.0007213544835503126	33.633718967437744	1210.8138828277588	0.0008885585693606083	36.68018698692322	1320.4867315292358	0.0009690422431291139
139	1350.8705921803146	2.7748179719410406	27.04260802268982	973.5338888168335	0.0007144300967634424	33.20588517189026	1195.4118661880493	0.0008772557638140722	36.34041690826416	1308.2550086975098	0.000960065965028642
140	1353.6454101522556	2.7748179719410406	26.2158522605896	943.7706813812256	0.0006925882981239987	32.381946086883545	1165.7500591278076	0.0008554883780747	35.46938991546631	1276.898036956787	0.0009370545787664141
141	1356.4202281241967	2.7748179719410406	26.94185757637024	969.9068727493286	0.0007117684026305146	33.11013603210449	1191.9648971557617	0.0008747261976145116	36.21153020858765	1303.6150875091553	0.0009566609481292309
142	1359.1950460961377	2.7748179719410406	26.017086267471313	936.6151056289673	0.0006873371623024229	32.17891001701355	1158.4407606124878	0.0008501244324477848	35.294044971466064	1270.5856189727783	0.0009324221962238737
143	1361.9698640680788	2.7748179719410406	27.405293703079224	986.590573310852	0.0007240117748884927	33.567821979522705	1208.4415912628174	0.0008868176577069297	36.63606095314026	1318.8981943130493	0.0009678764914176334
144	1364.7446820400198	2.7748179719410406	26.1709086894989	942.1527128219604	0.000691400948153305	32.33576488494873	1164.0875358581543	0.0008542683315267022	35.39854097366333	1274.3474750518799	0.0009351828430112895
145	1367.5195000119609	2.7748179719410406	25.101901054382324	903.6684379577637	0.0006631591740035486	31.310518980026245	1127.1786832809448	0.0008271826846672895	34.36172389984131	1237.022060394287	0.0009077915011053922
146	1370.294317983902	2.7748179719410406	24.702136516571045	889.2769145965576	0.0006525979212874101	30.89401412010193	1112.1845083236694	0.0008161791746830267	33.99934697151184	1223.9764909744263	0.0008982179798032294
147	1373.069135955843	2.7748179719410406	25.720881462097168	925.951732635498	0.0006795118213594306	31.887026071548462	1147.9329385757446	0.0008424132429342825	36.829888105392456	1325.8759717941284	0.0009729971495665343
148	1375.843953927784	2.7748179719410406	25.46011185646057	916.5640268325806	0.0006726226317357225	31.628859996795654	1138.6389598846436	0.0008355928351684364	34.66366505622864	1247.891942024231	0.0009157683888890584
149	1378.618771899725	2.7748179719410406	25.478122234344482	917.2124004364014	0.0006730984422050217	31.66117000579834	1139.8021202087402	0.0008364464230634667	34.739404916763306	1250.618577003479	0.0009177693362771665
150	1381.393589871666	2.7748179719410406	25.465314626693726	916.7513265609741	0.0006727600820747576	31.634499073028564	1138.8419666290283	0.0008357418121374977	34.73932695388794	1250.6157703399658	0.0009177672766006536
151	1384.1684078436072	2.7748179719410406	25.438619375228882	915.7902975082397	0.0006720548286808856	31.60989499092102	1137.9562196731567	0.0008350918046845879	34.70823287963867	1249.4963836669922	0.0009169458121007786
152	1386.9432258155482	2.7748179719410406	26.19791293144226	943.1248655319214	0.0006921143646687694	32.597846031188965	1173.5224571228027	0.0008611921703262434	35.6769540309906	1284.3703451156616	0.0009425381493974057
153	1389.7180437874893	2.7748179719410406	25.270572900772095	909.7406244277954	0.000667615262093736	31.439407110214233	1131.8186559677124	0.0008305877393589303	34.53520107269287	1243.2672386169434	0.0009123745395934924
154	1392.4928617594303	2.7748179719410406	24.05708932876587	866.0552158355713	0.0006355566239238579	30.27821397781372	1090.015703201294	0.0007999105457522382	33.344939947128296	1200.4178380966187	0.0008809294078814408
155	1395.2676797313713	2.7748179719410406	24.177794694900513	870.4006090164185	0.0006387455007635135	30.354997873306274	1092.7799234390259	0.0008019390751692454	33.40914988517761	1202.729395866394	0.0008826257498990175
156	1398.0424977033124	2.7748179719410406	25.455706119537354	916.4054203033447	0.0006725062379672765	31.638267993927002	1138.977647781372	0.0008358413820650693	34.7015860080719	1249.2570962905884	0.0009167702105059679
157	1400.8173156752534	2.7748179719410406	25.577251434326172	920.7810516357422	0.000675717305144409	31.75452494621277	1143.1628980636597	0.000838912737668096	34.956559896469116	1258.4361562728882	0.000923506284911474
158	1403.5921336471945	2.7748179719410406	25.670400142669678	924.1344051361084	0.0006781781713692718	31.95468497276306	1150.3686590194702	0.0008442007020174116	34.99376702308655	1259.7756128311157	0.000924489248205816
159	1406.3669516191355	2.7748179719410406	25.856240272521973	930.824649810791	0.0006830878229029371	32.05432891845703	1153.9558410644531	0.000846833163860748	36.48393201828003	1313.421552658081	0.0009638574452678862
160	1409.1417695910766	2.7748179719410406	24.735093116760254	890.4633522033691	0.000653468591270217	30.905272960662842	1112.5898265838623	0.00081647661842605	33.97131705284119	1222.9674139022827	0.0008974774662591458
161	1411.9165875630176	2.7748179719410406	25.031171083450317	901.1221590042114	0.0006612905813021852	31.205056190490723	1123.382022857666	0.0008243964966313728	34.33518409729004	1236.0666275024414	0.0009070903544671362
162	1414.6914055349587	2.7748179719410406	24.37577772140503	877.527997970581	0.0006439759516380912	30.559551000595093	1100.1438360214233	0.0008073430994556455	33.61133599281311	1210.008095741272	0.0008879672406428488
163	1417.4662235068997	2.7748179719410406	25.45659613609314	916.437460899353	0.0006725297510327893	31.629310131072998	1138.655164718628	0.0008356047271233488	34.70249009132385	1249.2896432876587	0.0009167940951950716
164	1420.2410414788408	2.7748179719410406	24.064507246017456	866.3222608566284	0.00063575259553042	30.239396810531616	1088.6182851791382	0.0007988850473034877	33.298749923706055	1198.754997253418	0.0008797091282813605
165	1423.0158594507818	2.7748179719410406	25.22602915763855	908.1370496749878	0.000666438475051214	31.4999680519104	1133.9988498687744	0.0008321876796975167	34.569486141204834	1244.501501083374	0.0009132803059601827
166	1425.7906774227229	2.7748179719410406	25.25088334083557	909.0318002700806	0.0006670950898455979	31.420968055725098	1131.1548500061035	0.0008301006038181627	34.47530198097229	1241.1108713150024	0.0009107920844597984
167	1428.565495394664	2.7748179719410406	27.220856189727783	979.9508228302002	0.0007191391786359448	33.44465398788452	1204.0075435638428	0.0008835637215440273	36.5144739151001	1314.5210609436035	0.0009646643219671377
168	1431.340313366605	2.7748179719410406	25.653380870819092	923.5217113494873	0.0006777285446163767	31.938984870910645	1149.8034553527832	0.0008437859259989074	35.02164006233215	1260.7790422439575	0.0009252256172020541
169	1434.115131338546	2.7748179719410406	25.669814825057983	924.1133337020874	0.0006781627080486627	31.842862129211426	1146.3430366516113	0.0008412464897287178	34.95325207710266	1258.3170747756958	0.0009234188966792418
170	1436.889949310487	2.7748179719410406	24.87175488471985	895.3831758499146	0.000657079015236179	31.044760942459106	1117.6113939285278	0.0008201617072402807	34.12843704223633	1228.6237335205078	0.000901628369497948
