Domain	Iteration	Time[s]	Step time[s]	C-rate	C-rate slope[s.-1]	OCP slope [V]	CPU time per solve [s]	CPU time per solve x core[s]	CPU time per solve x core and per dof[s]
Electrolyte_w_sep	1	1.1099271887764162	1.1099271887764162	1.2	0.0	2.0613526411319096	1.1510690195219857	41.438484702791484	6.005577493158186e-05
R_material	1	1.1099271887764162	1.1099271887764162	1.2	0.0	2.0613526411319096	0.3551902770996094	12.786849975585938	3.801808303478051e-05
L_material	1	1.1099271887764162	1.1099271887764162	1.2	0.0	2.0613526411319096	0.37509756428854807	13.50351231438773	4.0148875869332244e-05
Electrolyte_w_sep	2	2.4973361747469363	1.38740898597052	1.2	0.0	2.0613526411319096	1.1888475616772969	42.79851222038269	6.202682930490245e-05
R_material	2	2.4973361747469363	1.38740898597052	1.2	0.0	2.0613526411319096	0.586059604372297	21.09814575740269	6.272937109736302e-05
L_material	2	2.4973361747469363	1.38740898597052	1.2	0.0	2.0613526411319096	0.4453190167744954	16.031484603881836	4.766508671055681e-05
Electrolyte_w_sep	3	4.231597407210087	1.7342612324631501	1.2	0.0	5.769079665796937	1.1803356409072876	42.49208307266235	6.1582729090815e-05
R_material	3	4.231597407210087	1.7342612324631501	1.2	0.0	5.769079665796937	0.5947504043579102	21.411014556884766	6.365959801176433e-05
L_material	3	4.231597407210087	1.7342612324631501	1.2	0.0	5.769079665796937	0.4453373948733012	16.032146215438843	4.766705382545681e-05
Electrolyte_w_sep	4	6.399423947789025	2.167826540578938	1.2	0.0	5.640491909598019	1.2028470834096272	43.30249500274658	6.275723913441534e-05
R_material	4	6.399423947789025	2.167826540578938	1.2	0.0	5.640491909598019	0.5084265867869059	18.303357124328613	5.441985729844148e-05
L_material	4	6.399423947789025	2.167826540578938	1.2	0.0	5.640491909598019	0.445960799853007	16.054588794708252	4.773378048947556e-05
Electrolyte_w_sep	5	9.109207123512697	2.7097831757236723	1.2	0.0	5.48773156035298	1.2141402165095012	43.70904779434204	6.334644607875659e-05
R_material	5	9.109207123512697	2.7097831757236723	1.2	0.0	5.48773156035298	0.49779383341471356	17.920578002929688	5.328177180833954e-05
L_material	5	9.109207123512697	2.7097831757236723	1.2	0.0	5.48773156035298	0.4540259043375651	16.344932556152344	4.859703557202424e-05
Electrolyte_w_sep	6	12.496436093167286	3.3872289696545903	1.2	0.0	5.308948036795613	1.2248990933100383	44.09636735916138	6.39077787813933e-05
R_material	6	12.496436093167286	3.3872289696545903	1.2	0.0	5.308948036795613	0.5408507664998372	19.470627593994138	5.789040600469215e-05
L_material	6	12.496436093167286	3.3872289696545903	1.2	0.0	5.308948036795613	0.4585297107696533	16.50706958770752	4.9079104192556013e-05
Electrolyte_w_sep	7	16.730472305235523	4.234036212068238	1.2	0.0	5.1036356595812435	1.2764700253804524	45.95292091369629	6.659843610680621e-05
R_material	7	16.730472305235523	4.234036212068238	1.2	0.0	5.1036356595812435	0.5122382958730062	18.440578651428222	5.4827846711110976e-05
L_material	7	16.730472305235523	4.234036212068238	1.2	0.0	5.1036356595812435	0.45738309621810913	16.46579146385193	4.895637536229226e-05
Electrolyte_w_sep	8	22.02301757032082	5.292545265085298	1.2	0.0	4.8732463238682335	1.26215660572052	45.43763780593872	6.585164899411408e-05
R_material	8	22.02301757032082	5.292545265085298	1.2	0.0	4.8732463238682335	0.5571734269460042	20.058243370056154	5.963751537170019e-05
L_material	8	22.02301757032082	5.292545265085298	1.2	0.0	4.8732463238682335	0.4551565647125244	16.38563632965088	4.871805673389372e-05
Electrolyte_w_sep	9	28.638699151677443	6.615681581356623	1.2	0.0	4.620781247442282	1.248116359114647	44.93218892812729	6.511911438859027e-05
R_material	9	28.638699151677443	6.615681581356623	1.2	0.0	4.620781247442282	0.5221615314483643	18.797815132141114	5.5889988381086515e-05
L_material	9	28.638699151677443	6.615681581356623	1.2	0.0	4.620781247442282	0.4159915894269943	14.975697219371796	4.452600143716937e-05
Electrolyte_w_sep	10	36.908301128373225	8.269601976695778	1.2	0.0	4.347088089729216	1.2529803216457367	45.10729157924652	6.537288634673408e-05
R_material	10	36.908301128373225	8.269601976695778	1.2	0.0	4.347088089729216	0.49896897077560426	17.962882947921752	5.34075536009281e-05
L_material	10	36.908301128373225	8.269601976695778	1.2	0.0	4.347088089729216	0.44547149538993835	16.03697383403778	4.768140738439471e-05
Electrolyte_w_sep	11	47.245303599242945	10.337002470869724	1.2	0.0	4.037707304274566	1.24102321267128	44.67683565616608	6.474903718284938e-05
R_material	11	47.245303599242945	10.337002470869724	1.2	0.0	4.037707304274566	0.4477191209793091	16.11788835525513	4.792198383537632e-05
L_material	11	47.245303599242945	10.337002470869724	1.2	0.0	4.037707304274566	0.4576139748096466	16.474103093147278	4.8981087641963034e-05
Electrolyte_w_sep	12	58.344575487007106	11.099271887764163	1.2	0.0	3.628962097552481	1.277401053905487	45.98643794059753	6.664701150811236e-05
R_material	12	58.344575487007106	11.099271887764163	1.2	0.0	3.628962097552481	0.44343009948730466	15.963483581542969	4.74629048973139e-05
L_material	12	58.344575487007106	11.099271887764163	1.2	0.0	3.628962097552481	0.44012701511383057	15.8445725440979	4.710935654850477e-05
Electrolyte_w_sep	13	69.44384737477127	11.099271887764163	1.2	0.0	3.063580022617663	1.2665379792451859	45.59536725282669	6.6080242395401e-05
R_material	13	69.44384737477127	11.099271887764163	1.2	0.0	3.063580022617663	0.4604859799146652	16.577495276927948	4.928849506721834e-05
L_material	13	69.44384737477127	11.099271887764163	1.2	0.0	3.063580022617663	0.4579644352197647	16.48671966791153	4.9018599459800705e-05
Electrolyte_w_sep	14	80.54311926253543	11.099271887764163	1.2	0.0	2.323547287666324	1.249113291501999	44.96807849407196	6.51711282522782e-05
R_material	14	80.54311926253543	11.099271887764163	1.2	0.0	2.323547287666324	0.4412136822938919	15.883692562580109	4.722566886262579e-05
L_material	14	80.54311926253543	11.099271887764163	1.2	0.0	2.323547287666324	0.43731389939785004	15.743300378322601	4.680825239737227e-05
Electrolyte_w_sep	15	91.64239115029959	11.099271887764163	1.2	0.0	1.522861781026588	1.26361479361852	45.490132570266724	6.59277283627054e-05
R_material	15	91.64239115029959	11.099271887764163	1.2	0.0	1.522861781026588	0.4857484499613444	17.4869441986084	5.199248429727534e-05
L_material	15	91.64239115029959	11.099271887764163	1.2	0.0	1.522861781026588	0.4506229559580485	16.222426414489746	4.8232798197307887e-05
Electrolyte_w_sep	16	102.74166303806375	11.099271887764163	1.2	0.0	0.9259884425703835	1.249872048695882	44.99539375305176	6.521071558413299e-05
R_material	16	102.74166303806375	11.099271887764163	1.2	0.0	0.9259884425703835	0.4960740605990092	17.85866618156433	5.3097694512524175e-05
L_material	16	102.74166303806375	11.099271887764163	1.2	0.0	0.9259884425703835	0.4712122877438863	16.963642358779907	5.0436594235466636e-05
Electrolyte_w_sep	17	113.84093492582791	11.099271887764163	1.2	0.0	0.7230940801545057	1.2647536993026733	45.53113317489624	6.598714952883513e-05
R_material	17	113.84093492582791	11.099271887764163	1.2	0.0	0.7230940801545057	0.6301774779955546	22.686389207839966	6.745156393558812e-05
L_material	17	113.84093492582791	11.099271887764163	1.2	0.0	0.7230940801545057	0.49941521883010864	17.97894787788391	5.345531812795511e-05
Electrolyte_w_sep	18	124.94020681359207	11.099271887764163	1.2	0.0	0.8312633589502818	1.2832832336425781	46.19819641113281	6.695390784222146e-05
R_material	18	124.94020681359207	11.099271887764163	1.2	0.0	0.8312633589502818	0.6073343356450399	21.864036083221436	6.500652943253603e-05
L_material	18	124.94020681359207	11.099271887764163	1.2	0.0	0.8312633589502818	0.6205580830574036	22.34009099006653	6.64219440977669e-05
Electrolyte_w_sep	19	136.03947870135624	11.099271887764163	1.2	0.0	1.0282605960407931	1.262392818927765	45.446141481399536	6.58639731614486e-05
R_material	19	136.03947870135624	11.099271887764163	1.2	0.0	1.0282605960407931	0.6047746141751608	21.771886110305786	6.473254754265313e-05
L_material	19	136.03947870135624	11.099271887764163	1.2	0.0	1.0282605960407931	0.5526049335797628	19.89377760887146	5.914852293204254e-05
Electrolyte_w_sep	20	147.1387505891204	11.099271887764163	1.2	0.0	1.1738507200441397	1.263777534166972	45.495991230010986	6.593621917392897e-05
R_material	20	147.1387505891204	11.099271887764163	1.2	0.0	1.1738507200441397	0.6514820456504822	23.45335364341736	6.973191583243352e-05
L_material	20	147.1387505891204	11.099271887764163	1.2	0.0	1.1738507200441397	0.5436421632766724	19.571117877960205	5.818918545133499e-05
Electrolyte_w_sep	21	158.23802247688457	11.099271887764163	1.2	0.0	1.2430106082467418	1.2686628699302673	45.671863317489624	6.619110625723134e-05
R_material	21	158.23802247688457	11.099271887764163	1.2	0.0	1.2430106082467418	0.6053820053736368	21.793752193450928	6.47975601584455e-05
L_material	21	158.23802247688457	11.099271887764163	1.2	0.0	1.2430106082467418	0.45974435408910114	16.55079674720764	4.920911453786583e-05
Electrolyte_w_sep	22	169.33729436464873	11.099271887764163	1.2	0.0	1.2599479240369176	1.270171542962392	45.72617554664612	6.626981963282046e-05
R_material	22	169.33729436464873	11.099271887764163	1.2	0.0	1.2599479240369176	0.5508723855018616	19.831405878067017	5.8963078225545336e-05
L_material	22	169.33729436464873	11.099271887764163	1.2	0.0	1.2599479240369176	0.4702752431233724	16.929908752441406	5.0336296894895e-05
Electrolyte_w_sep	23	180.4365662524129	11.099271887764163	1.2	0.0	1.251755148456224	1.2663653095563252	45.58915114402771	6.607123354206915e-05
R_material	23	180.4365662524129	11.099271887764163	1.2	0.0	1.251755148456224	0.6072617769241333	21.8614239692688	6.499876305024975e-05
L_material	23	180.4365662524129	11.099271887764163	1.2	0.0	1.251755148456224	0.4636001189549764	16.68960428237915	4.962181949710751e-05
Electrolyte_w_sep	24	191.53583814017705	11.099271887764163	1.2	0.0	1.2351396463310507	1.2444249788920085	44.799299240112305	6.492652063784392e-05
R_material	24	191.53583814017705	11.099271887764163	1.2	0.0	1.2351396463310507	0.502873957157135	18.10346245765686	5.3825527025524656e-05
L_material	24	191.53583814017705	11.099271887764163	1.2	0.0	1.2351396463310507	0.42756350835164386	15.39228630065918	4.576461128353545e-05
Electrolyte_w_sep	25	202.6351100279412	11.099271887764163	1.2	0.0	1.2174449656758386	1.237461785475413	44.54862427711487	6.456322359002155e-05
R_material	25	202.6351100279412	11.099271887764163	1.2	0.0	1.2174449656758386	0.553253173828125	19.9171142578125	5.921790785943967e-05
L_material	25	202.6351100279412	11.099271887764163	1.2	0.0	1.2174449656758386	0.4338297446568807	15.617870807647705	4.64353230330613e-05
Electrolyte_w_sep	26	213.73438191570537	11.099271887764163	1.2	0.0	1.2004135362289052	1.2526324391365051	45.094767808914185	6.535473595494809e-05
R_material	26	213.73438191570537	11.099271887764163	1.2	0.0	1.2004135362289052	0.5184955596923828	18.66584014892578	5.549759808324349e-05
L_material	26	213.73438191570537	11.099271887764163	1.2	0.0	1.2004135362289052	0.4548715551694234	16.375375986099243	4.868755050336343e-05
Electrolyte_w_sep	27	224.83365380346953	11.099271887764163	1.2	0.0	1.183147504391508	1.2418638865152996	44.70709991455078	6.479289842688519e-05
R_material	27	224.83365380346953	11.099271887764163	1.2	0.0	1.183147504391508	0.6218430995941162	22.386351585388184	6.65594868981857e-05
L_material	27	224.83365380346953	11.099271887764163	1.2	0.0	1.183147504391508	0.5501986145973206	19.80715012550354	5.8890960603395236e-05
Electrolyte_w_sep	28	235.9329256912337	11.099271887764163	1.2	0.0	1.1638842158226748	1.2508524457613628	45.03068804740906	6.526186673537544e-05
R_material	28	235.9329256912337	11.099271887764163	1.2	0.0	1.1638842158226748	0.574199358622233	20.67117691040039	6.145989995242969e-05
L_material	28	235.9329256912337	11.099271887764163	1.2	0.0	1.1638842158226748	0.42456074555714923	15.284186840057373	4.544320810159297e-05
Electrolyte_w_sep	29	247.03219757899785	11.099271887764163	1.2	0.0	1.1409293827235114	1.2273036638895671	44.182931900024414	6.403323463771654e-05
R_material	29	247.03219757899785	11.099271887764163	1.2	0.0	1.1409293827235114	0.5274737278620402	18.989054203033447	5.645858368724563e-05
L_material	29	247.03219757899785	11.099271887764163	1.2	0.0	1.1409293827235114	0.4960741400718689	17.85866904258728	5.3097703018966985e-05
Electrolyte_w_sep	30	258.13146946676204	11.099271887764163	1.2	0.0	1.1130886962608009	1.2505181630452473	45.018653869628906	6.52444258980129e-05
R_material	30	258.13146946676204	11.099271887764163	1.2	0.0	1.1130886962608009	0.4669748346010844	16.811094045639038	4.998303495801531e-05
L_material	30	258.13146946676204	11.099271887764163	1.2	0.0	1.1130886962608009	0.5024564663569132	18.088432788848877	5.378084055482873e-05
Electrolyte_w_sep	31	269.23074135452623	11.099271887764163	1.2	0.0	1.0798143306590786	1.2315585017204285	44.336106061935425	6.425522617671801e-05
R_material	31	269.23074135452623	11.099271887764163	1.2	0.0	1.0798143306590786	0.46906330188115436	16.886278867721558	5.020657576864076e-05
L_material	31	269.23074135452623	11.099271887764163	1.2	0.0	1.0798143306590786	0.4368954102198283	15.728234767913818	4.676345906448854e-05
Electrolyte_w_sep	32	280.3300132422904	11.099271887764163	1.2	0.0	1.0411907935457485	1.2387274106343586	44.594186782836914	6.462925620701002e-05
R_material	32	280.3300132422904	11.099271887764163	1.2	0.0	1.0411907935457485	0.4691636959711711	16.889893054962158	5.021732153252152e-05
L_material	32	280.3300132422904	11.099271887764163	1.2	0.0	1.0411907935457485	0.4366005063056946	15.717618227005005	4.67318937818283e-05
Electrolyte_w_sep	33	291.4292851300546	11.099271887764163	1.2	0.0	0.9978306825519389	1.336884876092275	48.1278555393219	6.975051527437956e-05
R_material	33	291.4292851300546	11.099271887764163	1.2	0.0	0.9978306825519389	0.5951839884122213	21.426623582839966	6.370600703712944e-05
L_material	33	291.4292851300546	11.099271887764163	1.2	0.0	0.9978306825519389	0.5166775981585184	18.600393533706665	5.530301107733536e-05
Electrolyte_w_sep	34	302.5285570178188	11.099271887764163	1.2	0.0	0.9507259770361962	1.2661513288815816	45.58144783973694	6.606006933295209e-05
R_material	34	302.5285570178188	11.099271887764163	1.2	0.0	0.9507259770361962	0.5197764237721761	18.71195125579834	5.563469642202541e-05
L_material	34	302.5285570178188	11.099271887764163	1.2	0.0	0.9507259770361962	0.5358261863390604	19.289742708206177	5.735259594038752e-05
Electrolyte_w_sep	35	313.627828905583	11.099271887764163	1.2	0.0	0.9010881212344339	1.26255863904953	45.45211100578308	6.587262464606244e-05
R_material	35	313.627828905583	11.099271887764163	1.2	0.0	0.9010881212344339	0.47627419233322144	17.14587092399597	5.0978399350637376e-05
L_material	35	313.627828905583	11.099271887764163	1.2	0.0	0.9010881212344339	0.4418089787165324	15.905123233795166	4.728938690415289e-05
Electrolyte_w_sep	36	324.7271007933472	11.099271887764163	1.2	0.0	0.8501996687939435	1.2669712901115417	45.6109664440155	6.610284991886304e-05
R_material	36	324.7271007933472	11.099271887764163	1.2	0.0	0.8501996687939435	0.45753679672876996	16.471324682235718	4.897282682268838e-05
L_material	36	324.7271007933472	11.099271887764163	1.2	0.0	0.8501996687939435	0.4492284854253133	16.17222547531128	4.8083539898527897e-05
Electrolyte_w_sep	37	335.82637268111137	11.099271887764163	1.2	0.0	0.7992942891687611	1.2335354884465535	44.40727758407593	6.435837331025496e-05
R_material	37	335.82637268111137	11.099271887764163	1.2	0.0	0.7992942891687611	0.46806085109710693	16.85019063949585	5.009927762563582e-05
L_material	37	335.82637268111137	11.099271887764163	1.2	0.0	0.7992942891687611	0.410800576210022	14.788820743560791	4.3970377073999785e-05
Electrolyte_w_sep	38	346.92564456887555	11.099271887764163	1.2	0.0	0.7494717736582861	1.2571818232536316	45.25854563713074	6.559209512627644e-05
R_material	38	346.92564456887555	11.099271887764163	1.2	0.0	0.7494717736582861	0.40504560867945355	14.581641912460327	4.335438939768662e-05
L_material	38	346.92564456887555	11.099271887764163	1.2	0.0	0.7494717736582861	0.4230798880259196	15.230875968933105	4.5284703299477625e-05
Electrolyte_w_sep	39	358.02491645663974	11.099271887764163	1.2	0.0	0.7016485426964295	1.2330605387687683	44.39017939567566	6.433359332706617e-05
R_material	39	358.02491645663974	11.099271887764163	1.2	0.0	0.7016485426964295	0.4260542392730713	15.337952613830566	4.5603065428115234e-05
L_material	39	358.02491645663974	11.099271887764163	1.2	0.0	0.7016485426964295	0.4209001064300537	15.152403831481934	4.505138858606255e-05
Electrolyte_w_sep	40	369.12418834440393	11.099271887764163	1.2	0.0	0.6565387275051082	1.2599645256996155	45.35872292518616	6.573727960171907e-05
R_material	40	369.12418834440393	11.099271887764163	1.2	0.0	0.6565387275051082	0.438848336537679	15.798540115356445	4.697249213690014e-05
L_material	40	369.12418834440393	11.099271887764163	1.2	0.0	0.6565387275051082	0.4179608225822449	15.046589612960815	4.473677992531521e-05
Electrolyte_w_sep	41	380.2234602321681	11.099271887764163	1.2	0.0	0.6146585255340812	1.2335479259490967	44.40772533416748	6.435902222343113e-05
R_material	41	380.2234602321681	11.099271887764163	1.2	0.0	0.6146585255340812	0.41174612442652386	14.822860479354858	4.4071584603952174e-05
L_material	41	380.2234602321681	11.099271887764163	1.2	0.0	0.6146585255340812	0.4945584734280904	17.804105043411255	5.29354723949005e-05
Electrolyte_w_sep	42	391.3227321199323	11.099271887764163	1.2	0.0	0.5763460526877067	1.2318658034006755	44.347168922424316	6.427125930786132e-05
R_material	42	391.3227321199323	11.099271887764163	1.2	0.0	0.5763460526877067	0.4199311335881551	15.117520809173584	4.494767378209167e-05
L_material	42	391.3227321199323	11.099271887764163	1.2	0.0	0.5763460526877067	0.5042538642883301	18.153139114379883	5.397322651865956e-05
Electrolyte_w_sep	43	402.4220040076965	11.099271887764163	1.2	0.0	0.5417891641433158	1.23099019130071	44.31564688682556	6.422557519829792e-05
R_material	43	402.4220040076965	11.099271887764163	1.2	0.0	0.5417891641433158	0.4116903344790141	14.820852041244507	4.406561308109898e-05
L_material	43	402.4220040076965	11.099271887764163	1.2	0.0	0.5417891641433158	0.4271213213602702	15.376367568969727	4.571728143573607e-05
Electrolyte_w_sep	44	413.5212758954607	11.099271887764163	1.2	0.0	0.511055942889416	1.2176300485928853	43.83468174934387	6.35285242744114e-05
R_material	44	413.5212758954607	11.099271887764163	1.2	0.0	0.511055942889416	0.41850097974141437	15.066035270690918	4.479459609048962e-05
L_material	44	413.5212758954607	11.099271887764163	1.2	0.0	0.511055942889416	0.43658451239267987	15.717042446136475	4.673018186021263e-05
Electrolyte_w_sep	45	424.6205477832249	11.099271887764163	1.2	0.0	0.4841239977614814	1.23873237768809	44.59436559677124	6.462951535763948e-05
R_material	45	424.6205477832249	11.099271887764163	1.2	0.0	0.4841239977614814	0.4134181539217631	14.883053541183472	4.425055165424894e-05
L_material	45	424.6205477832249	11.099271887764163	1.2	0.0	0.4841239977614814	0.42920200030008954	15.451272010803223	4.5939988614966057e-05
Electrolyte_w_sep	46	435.71981967098907	11.099271887764163	1.2	0.0	0.46090608204287603	1.2057191729545593	43.405890226364136	6.29070872845857e-05
R_material	46	435.71981967098907	11.099271887764163	1.2	0.0	0.46090608204287603	0.428532342116038	15.427164316177368	4.586831120123141e-05
L_material	46	435.71981967098907	11.099271887764163	1.2	0.0	0.46090608204287603	0.5305983622868856	19.10154104232788	5.67930314992385e-05
Electrolyte_w_sep	47	446.81909155875326	11.099271887764163	1.2	0.0	0.44127187554606406	1.2218795418739319	43.98766350746155	6.375023696733558e-05
R_material	47	446.81909155875326	11.099271887764163	1.2	0.0	0.44127187554606406	0.41436608632405597	14.917179107666016	4.435201437748566e-05
L_material	47	446.81909155875326	11.099271887764163	1.2	0.0	0.44127187554606406	0.4233964880307515	15.242273569107056	4.531859084102521e-05
Electrolyte_w_sep	48	457.91836344651745	11.099271887764163	1.2	0.0	0.42506481080243325	1.2741417288780212	45.869102239608765	6.647695976754893e-05
R_material	48	457.91836344651745	11.099271887764163	1.2	0.0	0.42506481080243325	0.4486920436223348	16.152913570404053	4.8026121409554885e-05
L_material	48	457.91836344651745	11.099271887764163	1.2	0.0	0.42506481080243325	0.4184223214785258	15.063203573226929	4.478617683871762e-05
Electrolyte_w_sep	49	469.01763533428164	11.099271887764163	1.2	0.0	0.412114839766755	1.2325324416160583	44.3711678981781	6.430604043214218e-05
R_material	49	469.01763533428164	11.099271887764163	1.2	0.0	0.412114839766755	0.4344257314999898	15.639326333999634	4.6499114974310315e-05
L_material	49	469.01763533428164	11.099271887764163	1.2	0.0	0.412114839766755	0.46706175804138184	16.814223289489746	4.999233887983964e-05
Electrolyte_w_sep	50	480.1169072220458	11.099271887764163	1.2	0.0	0.4022476916477731	1.2360297838846843	44.49707221984863	6.448851046354875e-05
R_material	50	480.1169072220458	11.099271887764163	1.2	0.0	0.4022476916477731	0.4517332712809245	16.26239776611328	4.83516417098178e-05
L_material	50	480.1169072220458	11.099271887764163	1.2	0.0	0.4022476916477731	0.4185062845547994	15.066226243972778	4.479516389554725e-05
Electrolyte_w_sep	51	491.21617910981	11.099271887764163	1.2	0.0	0.39529094012209476	1.2657173871994019	45.56582593917847	6.60374288973601e-05
R_material	51	491.21617910981	11.099271887764163	1.2	0.0	0.39529094012209476	0.41664395729700726	14.99918246269226	4.4595828167939976e-05
L_material	51	491.21617910981	11.099271887764163	1.2	0.0	0.39529094012209476	0.43802618980407715	15.768942832946777	4.6884492986022244e-05
Electrolyte_w_sep	52	502.3154509975742	11.099271887764163	1.2	0.0	0.3910783031788809	1.2430728475252788	44.750622510910034	6.48559746534928e-05
R_material	52	502.3154509975742	11.099271887764163	1.2	0.0	0.3910783031788809	0.43963468074798584	15.82684850692749	4.705665913529176e-05
L_material	52	502.3154509975742	11.099271887764163	1.2	0.0	0.3910783031788809	0.42070209980010986	15.145275592803955	4.50301947837994e-05
Electrolyte_w_sep	53	513.4147228853384	11.099271887764163	1.2	0.0	0.3894520573411991	1.2694549163182576	45.700376987457275	6.623243041660474e-05
R_material	53	513.4147228853384	11.099271887764163	1.2	0.0	0.3894520573411991	0.425767441590627	15.327627897262573	4.55723678026217e-05
L_material	53	513.4147228853384	11.099271887764163	1.2	0.0	0.3894520573411991	0.43573107322057086	15.686318635940552	4.663883329747797e-05
Electrolyte_w_sep	54	524.5139947731026	11.099271887764163	1.2	0.0	0.3902643359380417	1.2661558985710144	45.58161234855652	6.606030775153118e-05
R_material	54	524.5139947731026	11.099271887764163	1.2	0.0	0.3902643359380417	0.4189467827479045	15.08208417892456	4.48423129814369e-05
L_material	54	524.5139947731026	11.099271887764163	1.2	0.0	0.3902643359380417	0.4099825819333394	14.75937294960022	4.388282238475875e-05
Electrolyte_w_sep	55	535.6132666608668	11.099271887764163	1.2	0.0	0.3933777007327439	1.2316412180662155	44.33908385038376	6.425954181215037e-05
R_material	55	535.6132666608668	11.099271887764163	1.2	0.0	0.3933777007327439	0.4189694970846176	15.082901895046234	4.4844744229122766e-05
L_material	55	535.6132666608668	11.099271887764163	1.2	0.0	0.3933777007327439	0.41920681297779083	15.09144526720047	4.4870145530661214e-05
Electrolyte_w_sep	56	546.712538548631	11.099271887764163	1.2	0.0	0.3986651607098727	1.232905313372612	44.38459128141403	6.432549461074497e-05
R_material	56	546.712538548631	11.099271887764163	1.2	0.0	0.3986651607098727	0.42860184609889984	15.429666459560394	4.5875750617122146e-05
L_material	56	546.712538548631	11.099271887764163	1.2	0.0	0.3986651607098727	0.4097128063440323	14.749661028385162	4.385394673298476e-05
Electrolyte_w_sep	57	557.8118104363951	11.099271887764163	1.2	0.0	0.4060100175380531	1.2829131335020065	46.184872806072235	6.693459826966991e-05
R_material	57	557.8118104363951	11.099271887764163	1.2	0.0	0.4060100175380531	0.42505916953086853	15.302130103111267	4.549655732098636e-05
L_material	57	557.8118104363951	11.099271887764163	1.2	0.0	0.4060100175380531	0.4615541696548462	16.615950107574463	4.940282963338585e-05
Electrolyte_w_sep	58	568.9110823241593	11.099271887764163	1.2	0.0	0.41530568373688614	1.2478937953710556	44.924176633358	6.510750236718551e-05
R_material	58	568.9110823241593	11.099271887764163	1.2	0.0	0.41530568373688614	0.42319804430007935	15.235129594802856	4.52973502533266e-05
L_material	58	568.9110823241593	11.099271887764163	1.2	0.0	0.41530568373688614	0.431862935423851	15.547065675258636	4.6224803991421185e-05
Electrolyte_w_sep	59	580.0103542119235	11.099271887764163	1.2	0.0	0.42645541876148074	1.2566561698913574	45.23962211608887	6.556466973346213e-05
R_material	59	580.0103542119235	11.099271887764163	1.2	0.0	0.42645541876148074	0.4199526458978653	15.11829525232315	4.4949976369830024e-05
L_material	59	580.0103542119235	11.099271887764163	1.2	0.0	0.42645541876148074	0.4220368415117264	15.19332629442215	4.5173059959154384e-05
Electrolyte_w_sep	60	591.1096260996877	11.099271887764163	1.2	0.0	0.4393721956280069	1.2337615936994553	44.41541737318039	6.437017010605853e-05
R_material	60	591.1096260996877	11.099271887764163	1.2	0.0	0.4393721956280069	0.42752009630203247	15.390723466873169	4.5759964639150046e-05
L_material	60	591.1096260996877	11.099271887764163	1.2	0.0	0.4393721956280069	0.41553187370300293	14.959147453308105	4.447679538707752e-05
Electrolyte_w_sep	61	602.2088979874519	11.099271887764163	1.2	0.0	0.4539787219666444	1.2403708398342133	44.65335023403168	6.471500033917634e-05
R_material	61	602.2088979874519	11.099271887764163	1.2	0.0	0.4539787219666444	0.4712570607662201	16.965254187583923	5.044138655268518e-05
L_material	61	602.2088979874519	11.099271887764163	1.2	0.0	0.4539787219666444	0.4817131906747818	17.341674864292145	5.1560567005292755e-05
Electrolyte_w_sep	62	613.3081698752161	11.099271887764163	1.2	0.0	0.4702074670458878	1.246433287858963	44.87159836292267	6.503130197525025e-05
R_material	62	613.3081698752161	11.099271887764163	1.2	0.0	0.4702074670458878	0.42598453164100647	15.335443139076233	4.55956042144648e-05
L_material	62	613.3081698752161	11.099271887764163	1.2	0.0	0.4702074670458878	0.41147004067897797	14.812921464443207	4.4042033753280074e-05
Electrolyte_w_sep	63	624.4074417629803	11.099271887764163	1.2	0.0	0.488001107931825	1.25056791305542	45.02044486999512	6.524702155071756e-05
R_material	63	624.4074417629803	11.099271887764163	1.2	0.0	0.488001107931825	0.43037599325180054	15.49353575706482	4.606564791477814e-05
L_material	63	624.4074417629803	11.099271887764163	1.2	0.0	0.488001107931825	0.4202180802822113	15.127850890159607	4.4978387357165476e-05
Electrolyte_w_sep	64	635.5067136507445	11.099271887764163	1.2	0.0	0.5073129263734332	1.2685823142528534	45.66896331310272	6.618690335232279e-05
R_material	64	635.5067136507445	11.099271887764163	1.2	0.0	0.5073129263734332	0.42990706861019135	15.476654469966888	4.601545618062559e-05
L_material	64	635.5067136507445	11.099271887764163	1.2	0.0	0.5073129263734332	0.4118819683790207	14.827750861644745	4.408612477297924e-05
Electrolyte_w_sep	65	646.6059855385087	11.099271887764163	1.2	0.0	0.5281073426018023	1.2434250116348267	44.76330041885376	6.487434843312139e-05
R_material	65	646.6059855385087	11.099271887764163	1.2	0.0	0.5281073426018023	0.4324929714202881	15.569746971130371	4.629224041176196e-05
L_material	65	646.6059855385087	11.099271887764163	1.2	0.0	0.5281073426018023	0.43126291036605835	15.5254647731781	4.6160579816546845e-05
Electrolyte_w_sep	66	657.7052574262729	11.099271887764163	1.2	0.0	0.5503605221244942	1.2457803785800934	44.84809362888336	6.499723714330922e-05
R_material	66	657.7052574262729	11.099271887764163	1.2	0.0	0.5503605221244942	0.43650074303150177	15.714026749134064	4.672121553783735e-05
L_material	66	657.7052574262729	11.099271887764163	1.2	0.0	0.5503605221244942	0.4209802448749542	15.155288815498352	4.5059966270331906e-05
Electrolyte_w_sep	67	668.804529314037	11.099271887764163	1.2	0.0	0.5740607733595267	1.2200255244970322	43.92091888189316	6.365350562593211e-05
R_material	67	668.804529314037	11.099271887764163	1.2	0.0	0.5740607733595267	0.4166080355644226	14.997889280319214	4.459198325578949e-05
L_material	67	668.804529314037	11.099271887764163	1.2	0.0	0.5740607733595267	0.4134100377559662	14.882761359214783	4.424968293377689e-05
Electrolyte_w_sep	68	679.9038012018012	11.099271887764163	1.2	0.0	0.5992088939595572	1.252424195408821	45.08727103471756	6.534387106480805e-05
R_material	68	679.9038012018012	11.099271887764163	1.2	0.0	0.5992088939595572	0.4687511920928955	16.87504291534424	5.017316884111198e-05
L_material	68	679.9038012018012	11.099271887764163	1.2	0.0	0.5992088939595572	0.40501032769680023	14.580371797084808	4.3350613068731296e-05
Electrolyte_w_sep	69	691.0030730895654	11.099271887764163	1.2	0.0	0.6258180160810313	1.2580364048480988	45.289310574531555	6.563668199207472e-05
R_material	69	691.0030730895654	11.099271887764163	1.2	0.0	0.6258180160810313	0.43219397962093353	15.558983266353607	4.6260237578949644e-05
L_material	69	691.0030730895654	11.099271887764163	1.2	0.0	0.6258180160810313	0.39763256907463074	14.314772486686707	4.256092861509534e-05
Electrolyte_w_sep	70	702.1023449773296	11.099271887764163	1.2	0.0	0.6539127286716226	1.2550885081291199	45.183186292648315	6.548287868499756e-05
R_material	70	702.1023449773296	11.099271887764163	1.2	0.0	0.6539127286716226	0.4959302693605423	17.853489696979523	5.308230369921603e-05
L_material	70	702.1023449773296	11.099271887764163	1.2	0.0	0.6539127286716226	0.40919214487075806	14.73091721534729	4.3798217304562375e-05
Electrolyte_w_sep	71	713.2016168650938	11.099271887764163	1.2	0.0	0.6835271613827018	1.2881813446680705	46.37452840805054	6.720946146094281e-05
R_material	71	713.2016168650938	11.099271887764163	1.2	0.0	0.6835271613827018	0.4496293067932129	16.186655044555664	4.812644214284425e-05
L_material	71	713.2016168650938	11.099271887764163	1.2	0.0	0.6835271613827018	0.4103762706120809	14.773545742034912	4.3924961175832836e-05
Electrolyte_w_sep	72	724.300888752858	11.099271887764163	1.2	0.0	0.7147014683434275	1.3238065044085185	47.657034158706665	6.906816544740096e-05
R_material	72	724.300888752858	11.099271887764163	1.2	0.0	0.7147014683434275	0.5063104430834452	18.22717595100403	5.419335411910717e-05
L_material	72	724.300888752858	11.099271887764163	1.2	0.0	0.7147014683434275	0.44878578186035156	16.156288146972656	4.8036154758850245e-05
Electrolyte_w_sep	73	735.4001606406222	11.099271887764163	1.2	0.0	0.747476247153805	1.245279888312022	44.83007597923279	6.497112460758374e-05
R_material	73	735.4001606406222	11.099271887764163	1.2	0.0	0.747476247153805	0.4978838364283244	17.923818111419678	5.329140535482279e-05
L_material	73	735.4001606406222	11.099271887764163	1.2	0.0	0.747476247153805	0.4205257296562195	15.138926267623901	4.5011316860591496e-05
Electrolyte_w_sep	74	746.4994325283864	11.099271887764163	1.2	0.0	0.781884414693339	1.2522726655006409	45.08181595802307	6.533596515655518e-05
R_material	74	746.4994325283864	11.099271887764163	1.2	0.0	0.781884414693339	0.5549116134643555	19.976818084716797	5.9395420308015785e-05
L_material	74	746.4994325283864	11.099271887764163	1.2	0.0	0.781884414693339	0.4918008049329122	17.70482897758484	5.264030308258658e-05
Electrolyte_w_sep	75	757.5987044161506	11.099271887764163	1.2	0.0	0.8179397857591438	1.2484506766001384	44.94422435760498	6.513655704000721e-05
R_material	75	757.5987044161506	11.099271887764163	1.2	0.0	0.8179397857591438	0.6341033975283304	22.827722311019897	6.787177795722105e-05
L_material	75	757.5987044161506	11.099271887764163	1.2	0.0	0.8179397857591438	0.4636196692784627	16.690308094024658	4.962391208203897e-05
Electrolyte_w_sep	76	768.6979763039147	11.099271887764163	1.2	0.0	0.8556221667055912	1.25112380584081	45.040457010269165	6.527602465256401e-05
R_material	76	768.6979763039147	11.099271887764163	1.2	0.0	0.8556221667055912	0.4800800283749898	17.282881021499634	5.1385760137183155e-05
L_material	76	768.6979763039147	11.099271887764163	1.2	0.0	0.8556221667055912	0.41513776779174805	14.94495964050293	4.4434611937178686e-05
Electrolyte_w_sep	77	779.7972481916789	11.099271887764163	1.2	0.0	0.8948590545491315	1.2447989384333293	44.81276178359985	6.494603157043456e-05
R_material	77	779.7972481916789	11.099271887764163	1.2	0.0	0.8948590545491315	0.5038302938143412	18.137890577316284	5.3927889305088615e-05
L_material	77	779.7972481916789	11.099271887764163	1.2	0.0	0.8948590545491315	0.4332055449485779	15.595399618148804	4.6368511304614446e-05
Electrolyte_w_sep	78	790.8965200794431	11.099271887764163	1.2	0.0	0.9355045449246977	1.2615635395050049	45.416287422180176	6.582070640895678e-05
R_material	78	790.8965200794431	11.099271887764163	1.2	0.0	0.9355045449246977	0.6097899675369263	21.952438831329346	6.526937000894743e-05
L_material	78	790.8965200794431	11.099271887764163	1.2	0.0	0.9355045449246977	0.5841140747070312	21.028106689453125	6.25211297317359e-05
Electrolyte_w_sep	79	801.9957919672073	11.099271887764163	1.2	0.0	0.9773178185217797	1.2375484307607014	44.551743507385254	6.456774421360182e-05
R_material	79	801.9957919672073	11.099271887764163	1.2	0.0	0.9773178185217797	0.4680340687433879	16.849226474761963	5.0096410954408574e-05
L_material	79	801.9957919672073	11.099271887764163	1.2	0.0	0.9773178185217797	0.40376047293345135	14.535377025604248	4.3216833837603613e-05
Electrolyte_w_sep	80	813.0950638549715	11.099271887764163	1.2	0.0	1.0199439445694907	1.2139481455087662	43.70213323831558	6.333642498306606e-05
R_material	80	813.0950638549715	11.099271887764163	1.2	0.0	1.0199439445694907	0.47306472063064575	17.030329942703247	5.063487091094396e-05
L_material	80	813.0950638549715	11.099271887764163	1.2	0.0	1.0199439445694907	0.4747212827205658	17.08996617794037	5.081218239480867e-05
Electrolyte_w_sep	81	824.1943357427357	11.099271887764163	1.2	0.0	1.0629018390054892	1.2308267652988434	44.30976355075836	6.421704862428748e-05
R_material	81	824.1943357427357	11.099271887764163	1.2	0.0	1.0629018390054892	0.47480612993240356	17.09302067756653	5.082126408581457e-05
L_material	81	824.1943357427357	11.099271887764163	1.2	0.0	1.0629018390054892	0.41651304066181183	14.994469463825226	4.4581815398367186e-05
Electrolyte_w_sep	82	835.2936076304999	11.099271887764163	1.2	0.0	1.1055848352628788	1.2150162309408188	43.740584313869476	6.339215117952097e-05
R_material	82	835.2936076304999	11.099271887764163	1.2	0.0	1.1055848352628788	0.4899279624223709	17.637406647205353	5.24398418462649e-05
L_material	82	835.2936076304999	11.099271887764163	1.2	0.0	1.1055848352628788	0.4036877006292343	14.532757222652435	4.320904459425228e-05
Electrolyte_w_sep	83	846.3928795182641	11.099271887764163	1.2	0.0	1.147279314660725	1.2415829002857208	44.69698441028595	6.477823827577674e-05
R_material	83	846.3928795182641	11.099271887764163	1.2	0.0	1.147279314660725	0.4719846546649933	16.99144756793976	5.051926516322891e-05
L_material	83	846.3928795182641	11.099271887764163	1.2	0.0	1.147279314660725	0.41740651428699493	15.026634514331818	4.467744908166779e-05
Electrolyte_w_sep	84	857.4921514060283	11.099271887764163	1.2	0.0	1.1872048905686434	1.2506198436021805	45.0223143696785	6.524973097054855e-05
R_material	84	857.4921514060283	11.099271887764163	1.2	0.0	1.1872048905686434	0.47510625422000885	17.10382515192032	5.085338813543694e-05
L_material	84	857.4921514060283	11.099271887764163	1.2	0.0	1.1872048905686434	0.4734077453613281	17.042678833007812	5.0671586844726144e-05
Electrolyte_w_sep	85	868.5914232937924	11.099271887764163	1.2	0.0	1.224575657604652	1.3093094229698181	47.13513922691345	6.831179598103399e-05
R_material	85	868.5914232937924	11.099271887764163	1.2	0.0	1.224575657604652	0.4728856831789017	17.02388459444046	5.0615707490249215e-05
L_material	85	868.5914232937924	11.099271887764163	1.2	0.0	1.224575657604652	0.41458094120025635	14.924913883209229	4.43750115456247e-05
Electrolyte_w_sep	86	879.6906951815566	11.099271887764163	1.2	0.0	1.2586767570637916	1.2690137028694153	45.68449330329895	6.620941058449123e-05
R_material	86	879.6906951815566	11.099271887764163	1.2	0.0	1.2586767570637916	0.4612354189157486	16.60447508096695	4.936871188622969e-05
L_material	86	879.6906951815566	11.099271887764163	1.2	0.0	1.2586767570637916	0.4540340006351471	16.345224022865295	4.859790216588559e-05
Electrolyte_w_sep	87	890.7899670693208	11.099271887764163	1.2	0.0	1.2889446991916227	1.2469621300697327	44.890636682510376	6.505889374276866e-05
R_material	87	890.7899670693208	11.099271887764163	1.2	0.0	1.2889446991916227	0.46373899281024933	16.694603741168976	4.9636683974266734e-05
L_material	87	890.7899670693208	11.099271887764163	1.2	0.0	1.2889446991916227	0.4150521904230118	14.941878855228424	4.442545209322946e-05
Electrolyte_w_sep	88	901.889238957085	11.099271887764163	1.2	0.0	1.3150364965679944	1.26069775223732	45.38511908054352	6.577553489933843e-05
R_material	88	901.889238957085	11.099271887764163	1.2	0.0	1.3150364965679944	0.46954482793807983	16.903613805770874	5.025811630563149e-05
L_material	88	901.889238957085	11.099271887764163	1.2	0.0	1.3150364965679944	0.45953498780727386	16.54325956106186	4.918670484593341e-05
Electrolyte_w_sep	89	912.9885108448492	11.099271887764163	1.2	0.0	1.3368728177009872	1.2720169723033905	45.79261100292206	6.63661029027856e-05
R_material	89	912.9885108448492	11.099271887764163	1.2	0.0	1.3368728177009872	0.44905224442481995	16.165880799293518	4.806467579828956e-05
L_material	89	912.9885108448492	11.099271887764163	1.2	0.0	1.3368728177009872	0.41233763098716736	14.844154715538025	4.413489699448773e-05
Electrolyte_w_sep	90	924.0877827326134	11.099271887764163	1.2	0.0	1.3546446493867388	1.2445192635059357	44.802693486213684	6.493143983509229e-05
R_material	90	924.0877827326134	11.099271887764163	1.2	0.0	1.3546446493867388	0.421017050743103	15.156613826751709	4.5063905816658665e-05
L_material	90	924.0877827326134	11.099271887764163	1.2	0.0	1.3546446493867388	0.4090098589658737	14.724354922771454	4.3778706183017736e-05
Electrolyte_w_sep	91	935.1870546203776	11.099271887764163	1.2	0.0	1.3687826149908902	1.2562702149152756	45.22572773694992	6.554453295210134e-05
R_material	91	935.1870546203776	11.099271887764163	1.2	0.0	1.3687826149908902	0.43427374958992004	15.633854985237122	4.648284746573998e-05
L_material	91	935.1870546203776	11.099271887764163	1.2	0.0	1.3687826149908902	0.4843469560146332	17.436490416526794	5.1842474241611946e-05
Electrolyte_w_sep	92	946.2863265081418	11.099271887764163	1.2	0.0	1.3798956942213279	1.215265542268753	43.74955952167511	6.340515872706538e-05
R_material	92	946.2863265081418	11.099271887764163	1.2	0.0	1.3798956942213279	0.4076218605041504	14.674386978149414	4.363014062767415e-05
L_material	92	946.2863265081418	11.099271887764163	1.2	0.0	1.3798956942213279	0.48318715393543243	17.394737541675568	5.171833387349427e-05
Electrolyte_w_sep	93	957.385598395906	11.099271887764163	1.2	0.0	1.388692945842707	1.2364796251058578	44.51326650381088	6.451198044030562e-05
R_material	93	957.385598395906	11.099271887764163	1.2	0.0	1.388692945842707	0.40814392268657684	14.693181216716766	4.368601998215108e-05
L_material	93	957.385598395906	11.099271887764163	1.2	0.0	1.388692945842707	0.4344112277030945	15.638804197311401	4.649756254849734e-05
Electrolyte_w_sep	94	968.4848702836701	11.099271887764163	1.2	0.0	1.3959040813078307	1.2268282572428386	44.16581726074219	6.400843081266984e-05
R_material	94	968.4848702836701	11.099271887764163	1.2	0.0	1.3959040813078307	0.4204019506772359	15.134470224380493	4.499806807591365e-05
L_material	94	968.4848702836701	11.099271887764163	1.2	0.0	1.3959040813078307	0.48142268260320026	17.33121657371521	5.152947223525049e-05
Electrolyte_w_sep	95	979.5841421714343	11.099271887764163	1.2	0.0	1.402211283321613	1.2546532154083252	45.16751575469971	6.546016776043436e-05
R_material	95	979.5841421714343	11.099271887764163	1.2	0.0	1.402211283321613	0.41445378462473553	14.920336246490479	4.436140123712739e-05
L_material	95	979.5841421714343	11.099271887764163	1.2	0.0	1.402211283321613	0.41716523965199787	15.017948627471924	4.465162405294683e-05
Electrolyte_w_sep	96	990.6834140591985	11.099271887764163	1.2	0.0	1.4082010904321411	1.2186491092046101	43.87136793136597	6.358169265415357e-05
R_material	96	990.6834140591985	11.099271887764163	1.2	0.0	1.4082010904321411	0.4453582763671875	16.03289794921875	4.7669288893305356e-05
L_material	96	990.6834140591985	11.099271887764163	1.2	0.0	1.4082010904321411	0.5027844508488973	18.100240230560303	5.3815946644308974e-05
Electrolyte_w_sep	97	1001.7826859469627	11.099271887764163	1.2	0.0	1.4143381242510231	1.3645201524098713	49.12272548675537	7.119235577790634e-05
R_material	97	1001.7826859469627	11.099271887764163	1.2	0.0	1.4143381242510231	0.4231872757275899	15.234741926193237	4.5296197630325734e-05
L_material	97	1001.7826859469627	11.099271887764163	1.2	0.0	1.4143381242510231	0.43227120240529376	15.561763286590576	4.6268503183098376e-05
Electrolyte_w_sep	98	1012.8819578347269	11.099271887764163	1.2	0.0	1.4209584593895528	1.23749707142512	44.54989457130432	6.456506459609322e-05
R_material	98	1012.8819578347269	11.099271887764163	1.2	0.0	1.4209584593895528	0.42821260293324787	15.415653705596924	4.583408765519279e-05
L_material	98	1012.8819578347269	11.099271887764163	1.2	0.0	1.4209584593895528	0.5325020352999369	19.17007327079773	5.69967927037181e-05
Electrolyte_w_sep	99	1023.9812297224911	11.099271887764163	1.2	0.0	1.4282776344742467	1.218332012494405	43.859952449798584	6.356514847796897e-05
R_material	99	1023.9812297224911	11.099271887764163	1.2	0.0	1.4282776344742467	0.4301767945289612	15.486364603042603	4.6044326515872826e-05
L_material	99	1023.9812297224911	11.099271887764163	1.2	0.0	1.4282776344742467	0.5476712385813395	19.716164588928223	5.8620440835736355e-05
Electrolyte_w_sep	100	1035.0805016102552	11.099271887764163	1.2	0.0	1.4364077587290252	1.2543148597081502	45.15533494949341	6.544251441955566e-05
R_material	100	1035.0805016102552	11.099271887764163	1.2	0.0	1.4364077587290252	0.4211408297220866	15.161069869995117	4.507715460133651e-05
L_material	100	1035.0805016102552	11.099271887764163	1.2	0.0	1.4364077587290252	0.5496910810470581	19.788878917694092	5.883663633299466e-05
Electrolyte_w_sep	101	1046.1797734980194	11.099271887764163	1.2	0.0	1.4453786831415854	1.250518838564555	45.018678188323975	6.524446114249851e-05
R_material	101	1046.1797734980194	11.099271887764163	1.2	0.0	1.4453786831415854	0.4193727970123291	15.097420692443848	4.488791176812428e-05
L_material	101	1046.1797734980194	11.099271887764163	1.2	0.0	1.4453786831415854	0.5756502747535706	20.72340989112854	6.161519995221605e-05
Electrolyte_w_sep	102	1057.2790453857835	11.099271887764163	1.2	0.0	1.4551594452525496	1.24803360303243	44.92920970916748	6.511479667995287e-05
R_material	102	1057.2790453857835	11.099271887764163	1.2	0.0	1.4551594452525496	0.4167145888010661	15.001725196838379	4.4603388268988094e-05
L_material	102	1057.2790453857835	11.099271887764163	1.2	0.0	1.4551594452525496	0.5124245285987854	18.447283029556274	5.484778028387171e-05
Electrolyte_w_sep	103	1068.3783172735477	11.099271887764163	1.2	0.0	1.4656776664542053	1.2368103464444478	44.52517247200012	6.452923546666684e-05
R_material	103	1068.3783172735477	11.099271887764163	1.2	0.0	1.4656776664542053	0.4323243498802185	15.563676595687866	4.627419186672811e-05
L_material	103	1068.3783172735477	11.099271887764163	1.2	0.0	1.4656776664542053	0.4325023293495178	15.570083856582642	4.629324204540293e-05
Electrolyte_w_sep	104	1079.477589161312	11.099271887764163	1.2	0.0	1.476835713974722	1.2242509722709656	44.07303500175476	6.387396377065907e-05
R_material	104	1079.477589161312	11.099271887764163	1.2	0.0	1.476835713974722	0.4137648940086365	14.895536184310913	4.4287665264232535e-05
L_material	104	1079.477589161312	11.099271887764163	1.2	0.0	1.476835713974722	0.5663999517758688	20.390398263931274	6.062508403480827e-05
Electrolyte_w_sep	105	1090.5768610490761	11.099271887764163	1.2	0.0	1.488523289623772	1.2142042915026348	43.71135449409485	6.334978912187659e-05
R_material	105	1090.5768610490761	11.099271887764163	1.2	0.0	1.488523289623772	0.4517836372057597	16.26421093940735	4.835703266794916e-05
L_material	105	1090.5768610490761	11.099271887764163	1.2	0.0	1.488523289623772	0.55096302429835	19.8346688747406	5.897277982357107e-05
Electrolyte_w_sep	106	1101.6761329368403	11.099271887764163	1.2	0.0	1.500626749488021	1.2516382535298665	45.058977127075195	6.530286540155825e-05
R_material	106	1101.6761329368403	11.099271887764163	1.2	0.0	1.500626749488021	0.42923833926518756	15.452580213546753	4.59438781859413e-05
L_material	106	1101.6761329368403	11.099271887764163	1.2	0.0	1.500626749488021	0.46963369846343994	16.906813144683838	5.026762863530469e-05
Electrolyte_w_sep	107	1112.7754048246045	11.099271887764163	1.2	0.0	1.5130355000129077	1.2306547562281291	44.30357122421265	6.420807423798934e-05
R_material	107	1112.7754048246045	11.099271887764163	1.2	0.0	1.5130355000129077	0.45544664065043133	16.396079063415527	4.87491052501532e-05
L_material	107	1112.7754048246045	11.099271887764163	1.2	0.0	1.5130355000129077	0.49312520027160645	17.752507209777832	5.278206082541813e-05
Electrolyte_w_sep	108	1123.8746767123687	11.099271887764163	1.2	0.0	1.5256461194907607	1.2450061043103535	44.82021975517273	6.495684022488802e-05
R_material	108	1123.8746767123687	11.099271887764163	1.2	0.0	1.5256461194907607	0.4261581500371297	15.34169340133667	4.561418760209038e-05
L_material	108	1123.8746767123687	11.099271887764163	1.2	0.0	1.5256461194907607	0.5300421516100565	19.081517457962036	5.67334970326163e-05
Electrolyte_w_sep	109	1134.9739486001329	11.099271887764163	1.2	0.0	1.5383647440035586	1.2291147311528523	44.248130321502686	6.412772510362708e-05
R_material	109	1134.9739486001329	11.099271887764163	1.2	0.0	1.5383647440035586	0.41872713963190716	15.074177026748657	4.4818803300118505e-05
L_material	109	1134.9739486001329	11.099271887764163	1.2	0.0	1.5383647440035586	0.5549569527308146	19.978450298309326	5.9400273233639355e-05
Electrolyte_w_sep	110	1146.073220487897	11.099271887764163	1.2	0.0	1.5511081916198217	1.2172569235165913	43.82124924659729	6.350905687912651e-05
R_material	110	1146.073220487897	11.099271887764163	1.2	0.0	1.5511081916198217	0.42137447992960614	15.16948127746582	4.5102163543200313e-05
L_material	110	1146.073220487897	11.099271887764163	1.2	0.0	1.5511081916198217	0.5106865167617798	18.384714603424072	5.466175075943126e-05
Electrolyte_w_sep	111	1157.1724923756612	11.099271887764163	1.2	0.0	1.563804244741345	1.2853827675183613	46.27377963066101	6.706344874008843e-05
R_material	111	1157.1724923756612	11.099271887764163	1.2	0.0	1.563804244741345	0.46172674496968585	16.62216281890869	4.942130137394954e-05
L_material	111	1157.1724923756612	11.099271887764163	1.2	0.0	1.563804244741345	0.4576868812243144	16.476727724075317	4.89888912399366e-05
Electrolyte_w_sep	112	1168.2717642634254	11.099271887764163	1.2	0.0	1.5763913509413487	1.2197206219037373	43.909942388534546	6.363759766454282e-05
R_material	112	1168.2717642634254	11.099271887764163	1.2	0.0	1.5763913509413487	0.42330177625020343	15.238863945007324	4.5308453287805424e-05
L_material	112	1168.2717642634254	11.099271887764163	1.2	0.0	1.5763913509413487	0.5118456482887268	18.426443338394165	5.478581935443772e-05
Electrolyte_w_sep	113	1179.3710361511896	11.099271887764163	1.2	0.0	1.588817996554913	1.2185082634290059	43.866297483444214	6.357434417890465e-05
R_material	113	1179.3710361511896	11.099271887764163	1.2	0.0	1.588817996554913	0.42661964893341064	15.358307361602783	4.566358451549279e-05
L_material	113	1179.3710361511896	11.099271887764163	1.2	0.0	1.588817996554913	0.5085715452829996	18.30857563018799	5.443537305012841e-05
Electrolyte_w_sep	114	1190.4703080389538	11.099271887764163	1.2	0.0	1.60104189455867	1.2504275639851887	45.0153923034668	6.523969899053158e-05
R_material	114	1190.4703080389538	11.099271887764163	1.2	0.0	1.60104189455867	0.42114585638046265	15.161250829696655	4.50776926338443e-05
L_material	114	1190.4703080389538	11.099271887764163	1.2	0.0	1.60104189455867	0.4373900294303894	15.746041059494019	4.681640103793236e-05
Electrolyte_w_sep	115	1201.569579926718	11.099271887764163	1.2	0.0	1.6130291147737719	1.2261492013931274	44.14137125015259	6.397300181181534e-05
R_material	115	1201.569579926718	11.099271887764163	1.2	0.0	1.6130291147737719	0.42114291588465375	15.161144971847534	4.5077377895460294e-05
L_material	115	1201.569579926718	11.099271887764163	1.2	0.0	1.6130291147737719	0.40896042188008624	14.722575187683105	4.3773414643936735e-05
Electrolyte_w_sep	116	1212.6688518144822	11.099271887764163	1.2	0.0	1.6247532081384566	1.2302884012460709	44.29038244485855	6.41889600650124e-05
R_material	116	1212.6688518144822	11.099271887764163	1.2	0.0	1.6247532081384566	0.42053669691085815	15.139321088790894	4.501249074969939e-05
L_material	116	1212.6688518144822	11.099271887764163	1.2	0.0	1.6247532081384566	0.45028553903102875	16.210279405117035	4.819668249939654e-05
Electrolyte_w_sep	117	1223.7681237022464	11.099271887764163	1.2	0.0	1.6361943606910418	1.2382080107927322	44.57548838853836	6.460215708483821e-05
R_material	117	1223.7681237022464	11.099271887764163	1.2	0.0	1.6361943606910418	0.41812095046043396	15.052354216575623	4.475391934427365e-05
L_material	117	1223.7681237022464	11.099271887764163	1.2	0.0	1.6361943606910418	0.4583710879087448	16.501359164714813	4.90621258643583e-05
Electrolyte_w_sep	118	1234.8673955900106	11.099271887764163	1.2	0.0	1.6473386297562231	1.237807109951973	44.56105595827103	6.458124051923337e-05
R_material	118	1234.8673955900106	11.099271887764163	1.2	0.0	1.6473386297562231	0.4254930168390274	15.317748606204987	4.554299452394328e-05
L_material	118	1234.8673955900106	11.099271887764163	1.2	0.0	1.6473386297562231	0.4646340161561966	16.726824581623077	4.973248353320215e-05
Electrolyte_w_sep	119	1245.9666674777748	11.099271887764163	1.2	0.0	1.6581772494707407	1.269442766904831	45.699939608573914	6.623179653416509e-05
R_material	119	1245.9666674777748	11.099271887764163	1.2	0.0	1.6581772494707407	0.414703369140625	14.9293212890625	4.438811572077476e-05
L_material	119	1245.9666674777748	11.099271887764163	1.2	0.0	1.6581772494707407	0.465242475271225	16.7487291097641	4.979761045431978e-05
Electrolyte_w_sep	120	1257.065939365539	11.099271887764163	1.2	0.0	1.6687060190898402	1.230315312743187	44.29135125875473	6.41903641431228e-05
R_material	120	1257.065939365539	11.099271887764163	1.2	0.0	1.6687060190898402	0.4169783741235733	15.011221468448639	4.463162274763522e-05
L_material	120	1257.065939365539	11.099271887764163	1.2	0.0	1.6687060190898402	0.4665012061595917	16.7940434217453	4.9932339748778904e-05
Electrolyte_w_sep	121	1268.1652112533031	11.099271887764163	1.2	0.0	1.678924790636896	1.236341804265976	44.508304953575134	6.450478978779005e-05
R_material	121	1268.1652112533031	11.099271887764163	1.2	0.0	1.678924790636896	0.41270430386066437	14.857354938983917	4.417414412665881e-05
L_material	121	1268.1652112533031	11.099271887764163	1.2	0.0	1.678924790636896	0.4235789328813553	15.24884158372879	4.533811897545547e-05
Electrolyte_w_sep	122	1279.2644831410673	11.099271887764163	1.2	0.0	1.6888369894796758	1.2422624081373215	44.72144669294357	6.48136908593385e-05
R_material	122	1279.2644831410673	11.099271887764163	1.2	0.0	1.6888369894796758	0.4161932021379471	14.982955276966095	4.454758121927505e-05
L_material	122	1279.2644831410673	11.099271887764163	1.2	0.0	1.6888369894796758	0.4653302729129791	16.75188982486725	4.9807007947015034e-05
Electrolyte_w_sep	123	1290.3637550288315	11.099271887764163	1.2	0.0	1.6984492345171192	1.3227827847003937	47.62018024921417	6.901475398436836e-05
R_material	123	1290.3637550288315	11.099271887764163	1.2	0.0	1.6984492345171192	0.4112163484096527	14.803788542747498	4.401487959286992e-05
L_material	123	1290.3637550288315	11.099271887764163	1.2	0.0	1.6984492345171192	0.4806022197008133	17.30167990922928	5.1441653314629654e-05
Electrolyte_w_sep	124	1299.243172539043	8.87941751021133	1.2	0.0	1.7077710143706921	1.2229104191064835	44.024775087833405	6.380402186642523e-05
R_material	124	1299.243172539043	8.87941751021133	1.2	0.0	1.7077710143706921	0.4363538771867752	15.708739578723907	4.6705495631522966e-05
L_material	124	1299.243172539043	8.87941751021133	1.2	0.0	1.7077710143706921	0.4653525948524475	16.75269341468811	4.980939719413952e-05
Electrolyte_w_sep	125	1306.346706547212	7.103534008169063	1.2	0.0	1.7150273421576598	1.2145992716153462	43.725573778152466	6.337039677993111e-05
R_material	125	1306.346706547212	7.103534008169063	1.2	0.0	1.7150273421576598	0.4037780563036601	14.536010026931763	4.32187158880755e-05
L_material	125	1306.346706547212	7.103534008169063	1.2	0.0	1.7150273421576598	0.48141729831695557	17.3310227394104	5.152889592375006e-05
Electrolyte_w_sep	126	1312.0295337537473	5.682827206535251	1.2	0.0	1.720708986266376	1.2014939785003662	43.253783226013184	6.268664235654085e-05
R_material	126	1312.0295337537473	5.682827206535251	1.2	0.0	1.720708986266376	0.39826782544453937	14.337641716003418	4.262892380239825e-05
L_material	126	1312.0295337537473	5.682827206535251	1.2	0.0	1.720708986266376	0.4551015893618266	16.383657217025757	4.871217240207934e-05
Electrolyte_w_sep	127	1316.5757955189754	4.5462617652282	1.2	0.0	1.7251783351910166	1.2112326622009277	43.6043758392334	6.319474759309188e-05
R_material	127	1316.5757955189754	4.5462617652282	1.2	0.0	1.7251783351910166	0.3990725874900818	14.366613149642944	4.271506216891128e-05
L_material	127	1316.5757955189754	4.5462617652282	1.2	0.0	1.7251783351910166	0.48197855552037555	17.35122799873352	5.1588970549490745e-05
Electrolyte_w_sep	128	1320.212804931158	3.63700941218256	1.2	0.0	1.7287068825331808	1.1917725801467896	42.903812885284424	6.217943896418033e-05
R_material	128	1320.212804931158	3.63700941218256	1.2	0.0	1.7287068825331808	0.3923328717549642	14.123983383178711	4.199367115972929e-05
L_material	128	1320.212804931158	3.63700941218256	1.2	0.0	1.7287068825331808	0.4865371584892273	17.515337705612183	5.207690436234058e-05
Electrolyte_w_sep	129	1323.1224124609041	2.909607529746048	1.2	0.0	1.731500590725731	1.1750565767288208	42.30203676223755	6.130729965541673e-05
R_material	129	1323.1224124609041	2.909607529746048	1.2	0.0	1.731500590725731	0.38714967171351117	13.937388181686401	4.143888308621855e-05
L_material	129	1323.1224124609041	2.909607529746048	1.2	0.0	1.731500590725731	0.49857910474141437	17.948847770690918	5.3365823969753215e-05
Electrolyte_w_sep	130	1325.8972304328452	2.7748179719410406	1.2	0.0	1.733717411467358	1.171020229657491	42.15672826766968	6.109670763430388e-05
R_material	130	1325.8972304328452	2.7748179719410406	1.2	0.0	1.733717411467358	0.3970896204312642	14.295226335525513	4.2502813661117196e-05
L_material	130	1325.8972304328452	2.7748179719410406	1.2	0.0	1.733717411467358	0.4985021154085795	17.946076154708862	5.3357583353280236e-05
Electrolyte_w_sep	131	1328.6720484047862	2.7748179719410406	1.2	0.0	1.735816858603832	1.1807445486386616	42.50680375099182	6.160406340723453e-05
R_material	131	1328.6720484047862	2.7748179719410406	1.2	0.0	1.735816858603832	0.39548762639363605	14.237554550170898	4.233134291354746e-05
L_material	131	1328.6720484047862	2.7748179719410406	1.2	0.0	1.735816858603832	0.5175851782162985	18.633066415786743	5.540015465423488e-05
Electrolyte_w_sep	132	1331.4468663767273	2.7748179719410406	1.2	0.0	1.737902301304813	1.2152236898740132	43.74805283546448	6.340297512386157e-05
R_material	132	1331.4468663767273	2.7748179719410406	1.2	0.0	1.737902301304813	0.39615537722905475	14.261593580245972	4.240281617265464e-05
L_material	132	1331.4468663767273	2.7748179719410406	1.2	0.0	1.737902301304813	0.4931722680727641	17.754201650619507	5.2787098766172833e-05
Electrolyte_w_sep	133	1334.2216843486683	2.7748179719410406	1.2	0.0	1.7399740706121452	1.2021119594573975	43.27603054046631	6.271888484125551e-05
R_material	133	1334.2216843486683	2.7748179719410406	1.2	0.0	1.7399740706121452	0.3985457420349121	14.347646713256836	4.265867083290767e-05
L_material	133	1334.2216843486683	2.7748179719410406	1.2	0.0	1.7399740706121452	0.535652776559194	19.28349995613098	5.7334034882174315e-05
Electrolyte_w_sep	134	1336.9965023206094	2.7748179719410406	1.2	0.0	1.74203250409697	1.2150374054908752	43.74134659767151	6.339325593865437e-05
R_material	134	1336.9965023206094	2.7748179719410406	1.2	0.0	1.74203250409697	0.3940276503562927	14.184995412826538	4.217507317928066e-05
L_material	134	1336.9965023206094	2.7748179719410406	1.2	0.0	1.74203250409697	0.4081197778383891	14.692312002182007	4.368343561849462e-05
Electrolyte_w_sep	135	1339.7713202925504	2.7748179719410406	1.2	0.0	1.7440779499391812	1.2034324606259663	43.32356858253479	6.278778055439825e-05
R_material	135	1339.7713202925504	2.7748179719410406	1.2	0.0	1.7440779499391812	0.3963890075683594	14.270004272460938	4.242782298790774e-05
L_material	135	1339.7713202925504	2.7748179719410406	1.2	0.0	1.7440779499391812	0.49716458717981976	17.89792513847351	5.32144199207742e-05
Electrolyte_w_sep	136	1342.5461382644914	2.7748179719410406	1.2	0.0	1.746110760785661	1.1994237105051677	43.179253578186035	6.257862837418265e-05
R_material	136	1342.5461382644914	2.7748179719410406	1.2	0.0	1.746110760785661	0.40488870938618976	14.575993537902832	4.333759555296736e-05
L_material	136	1342.5461382644914	2.7748179719410406	1.2	0.0	1.746110760785661	0.45377784967422485	16.336002588272095	4.857048483740098e-05
Electrolyte_w_sep	137	1345.3209562364325	2.7748179719410406	1.2	0.0	1.748131310961482	1.201924463113149	43.269280672073364	6.270910242329472e-05
R_material	137	1345.3209562364325	2.7748179719410406	1.2	0.0	1.748131310961482	0.42052602767944336	15.138936996459961	4.5011348759752035e-05
L_material	137	1345.3209562364325	2.7748179719410406	1.2	0.0	1.748131310961482	0.5160354375839233	18.57727575302124	5.523427689281326e-05
Electrolyte_w_sep	138	1348.0957742083735	2.7748179719410406	1.2	0.0	1.7501399837387253	1.2221526503562927	43.99749541282654	6.37644861055457e-05
R_material	138	1348.0957742083735	2.7748179719410406	1.2	0.0	1.7501399837387253	0.5365373293558756	19.315343856811523	5.742871371726941e-05
L_material	138	1348.0957742083735	2.7748179719410406	1.2	0.0	1.7501399837387253	0.5167025129000345	18.601290464401245	5.530567784715655e-05
Electrolyte_w_sep	139	1350.8705921803146	2.7748179719410406	1.2	0.0	1.7521371734811764	1.1914567550023396	42.89244318008423	6.216296113055685e-05
R_material	139	1350.8705921803146	2.7748179719410406	1.2	0.0	1.7521371734811764	0.5963729818662008	21.469427347183228	6.383327192802206e-05
L_material	139	1350.8705921803146	2.7748179719410406	1.2	0.0	1.7521371734811764	0.4657209316889445	16.765953540802002	4.9848822429956956e-05
Electrolyte_w_sep	140	1353.6454101522556	2.7748179719410406	1.2	0.0	1.7541232878291868	1.2158693075180054	43.77129507064819	6.343665952267854e-05
R_material	140	1353.6454101522556	2.7748179719410406	1.2	0.0	1.7541232878291868	0.506924053033193	18.249265909194946	5.425903236404948e-05
L_material	140	1353.6454101522556	2.7748179719410406	1.2	0.0	1.7541232878291868	0.461860994497935	16.62699580192566	4.9435670882467706e-05
Electrolyte_w_sep	141	1356.4202281241967	2.7748179719410406	1.2	0.0	1.7560987445012828	1.1778926452000935	42.40413522720337	6.145526844522227e-05
R_material	141	1356.4202281241967	2.7748179719410406	1.2	0.0	1.7560987445012828	0.6050285895665487	21.781029224395752	6.47597320072658e-05
L_material	141	1356.4202281241967	2.7748179719410406	1.2	0.0	1.7560987445012828	0.462233563264211	16.640408277511597	4.947554908636481e-05
Electrolyte_w_sep	142	1359.1950460961377	2.7748179719410406	1.2	0.0	1.7580639868214751	1.2072431047757466	43.46075177192688	6.298659677090852e-05
R_material	142	1359.1950460961377	2.7748179719410406	1.2	0.0	1.7580639868214751	0.5683700839678446	20.461323022842407	6.083595875208841e-05
L_material	142	1359.1950460961377	2.7748179719410406	1.2	0.0	1.7580639868214751	0.3924773335456848	14.129184007644653	4.2009133746148654e-05
Electrolyte_w_sep	143	1361.9698640680788	2.7748179719410406	1.2	0.0	1.7600194724617013	1.1897407968839009	42.830668687820435	6.207343288089918e-05
R_material	143	1361.9698640680788	2.7748179719410406	1.2	0.0	1.7600194724617013	0.5893460313479105	21.21645712852478	6.308113650791108e-05
L_material	143	1361.9698640680788	2.7748179719410406	1.2	0.0	1.7600194724617013	0.5046876470247904	18.168755292892456	5.40196568101317e-05
Electrolyte_w_sep	144	1364.7446820400198	2.7748179719410406	1.2	0.0	1.761965677322217	1.2027984062830608	43.300742626190186	6.275469945824664e-05
R_material	144	1364.7446820400198	2.7748179719410406	1.2	0.0	1.761965677322217	0.5116582711537679	18.419697761535645	5.476576328890052e-05
L_material	144	1364.7446820400198	2.7748179719410406	1.2	0.0	1.761965677322217	0.46645238002141315	16.792285680770874	4.9927113602977006e-05
Electrolyte_w_sep	145	1367.5195000119609	2.7748179719410406	1.2	0.0	1.7639030995731992	1.2157767017682393	43.767961263656616	6.343182791834293e-05
R_material	145	1367.5195000119609	2.7748179719410406	1.2	0.0	1.7639030995731992	0.4155714511871338	14.960572242736816	4.448103159559731e-05
L_material	145	1367.5195000119609	2.7748179719410406	1.2	0.0	1.7639030995731992	0.46047693490982056	16.57716965675354	4.928752692769593e-05
Electrolyte_w_sep	146	1370.294317983902	2.7748179719410406	1.2	0.0	1.7658322565547442	1.2092926502227783	43.53453540802002	6.30935295768406e-05
R_material	146	1370.294317983902	2.7748179719410406	1.2	0.0	1.7658322565547442	0.3978366057078044	14.322117805480957	4.258276784370676e-05
L_material	146	1370.294317983902	2.7748179719410406	1.2	0.0	1.7658322565547442	0.4513821204503377	16.249756336212158	4.831405599225821e-05
Electrolyte_w_sep	147	1373.069135955843	2.7748179719410406	1.2	0.0	1.7677537025657812	1.1997225681940715	43.19001245498657	6.25942209492559e-05
R_material	147	1373.069135955843	2.7748179719410406	1.2	0.0	1.7677537025657812	0.42956950267155963	15.464502096176147	4.597932453313397e-05
L_material	147	1373.069135955843	2.7748179719410406	1.2	0.0	1.7677537025657812	0.5141147176424662	18.508129835128784	5.502869105635074e-05
Electrolyte_w_sep	148	1375.843953927784	2.7748179719410406	1.2	0.0	1.769668018095122	1.216106613477071	43.77983808517456	6.344904070315154e-05
R_material	148	1375.843953927784	2.7748179719410406	1.2	0.0	1.769668018095122	0.39435919125874835	14.196930885314941	4.2210559932076675e-05
L_material	148	1375.843953927784	2.7748179719410406	1.2	0.0	1.769668018095122	0.5112101833025614	18.403566598892212	5.471780183772243e-05
Electrolyte_w_sep	149	1378.618771899725	2.7748179719410406	1.2	0.0	1.7715758179161518	1.1860759456952412	42.69873404502869	6.188222325366477e-05
R_material	149	1378.618771899725	2.7748179719410406	1.2	0.0	1.7715758179161518	0.3951714833577474	14.226173400878906	4.229750428404603e-05
L_material	149	1378.618771899725	2.7748179719410406	1.2	0.0	1.7715758179161518	0.5419294238090515	19.509459257125854	5.800586097570838e-05
Electrolyte_w_sep	150	1381.393589871666	2.7748179719410406	1.2	0.0	1.7734777563321749	1.226153294245402	44.14151859283447	6.397321535193402e-05
R_material	150	1381.393589871666	2.7748179719410406	1.2	0.0	1.7734777563321749	0.39391181866327923	14.180825471878052	4.216267503888389e-05
L_material	150	1381.393589871666	2.7748179719410406	1.2	0.0	1.7734777563321749	0.5020444393157959	18.073599815368652	5.3736738902076056e-05
Electrolyte_w_sep	151	1384.1684078436072	2.7748179719410406	1.2	0.0	1.775374529964202	1.199228286743164	43.172218322753906	6.256843235181726e-05
R_material	151	1384.1684078436072	2.7748179719410406	1.2	0.0	1.775374529964202	0.3928237557411194	14.141655206680298	4.2046213330361e-05
L_material	151	1384.1684078436072	2.7748179719410406	1.2	0.0	1.775374529964202	0.5278329054514567	19.00198459625244	5.649702855552912e-05
Electrolyte_w_sep	152	1386.9432258155482	2.7748179719410406	1.2	0.0	1.7772668925975854	1.248763104279836	44.9554717540741	6.515285761460013e-05
R_material	152	1386.9432258155482	2.7748179719410406	1.2	0.0	1.7772668925975854	0.41961973905563354	15.106310606002808	4.491434341254819e-05
L_material	152	1386.9432258155482	2.7748179719410406	1.2	0.0	1.7772668925975854	0.5147765676180521	18.531956434249878	5.5099532712079224e-05
Electrolyte_w_sep	153	1389.7180437874893	2.7748179719410406	1.2	0.0	1.779155653446282	1.219986339410146	43.91950821876526	6.365146118661631e-05
R_material	153	1389.7180437874893	2.7748179719410406	1.2	0.0	1.779155653446282	0.39359750350316364	14.169510126113892	4.212903205756711e-05
L_material	153	1389.7180437874893	2.7748179719410406	1.2	0.0	1.779155653446282	0.4922972321510315	17.722700357437134	5.269343857760434e-05
Electrolyte_w_sep	154	1392.4928617594303	2.7748179719410406	1.2	0.0	1.7810416883309983	1.2187567949295044	43.87524461746216	6.358731103980023e-05
R_material	154	1392.4928617594303	2.7748179719410406	1.2	0.0	1.7810416883309983	0.3965332905451457	14.275198459625244	4.2443266434830775e-05
L_material	154	1392.4928617594303	2.7748179719410406	1.2	0.0	1.7810416883309983	0.38946735858917236	14.020824909210205	4.1686958604521086e-05
Electrolyte_w_sep	155	1395.2676797313713	2.7748179719410406	1.2	0.0	1.7829259502476378	1.207026978333791	43.45297122001648	6.297532060871953e-05
R_material	155	1395.2676797313713	2.7748179719410406	1.2	0.0	1.7829259502476378	0.39969076712926227	14.388867616653442	4.2781229534315216e-05
L_material	155	1395.2676797313713	2.7748179719410406	1.2	0.0	1.7829259502476378	0.4080984791119893	14.691545248031616	4.368115589182132e-05
Electrolyte_w_sep	156	1398.0424977033124	2.7748179719410406	1.2	0.0	1.7848094805624013	1.207069754600525	43.4545111656189	6.297755241394043e-05
R_material	156	1398.0424977033124	2.7748179719410406	1.2	0.0	1.7848094805624013	0.4036453564961751	14.531232833862305	4.3204512255192144e-05
L_material	156	1398.0424977033124	2.7748179719410406	1.2	0.0	1.7848094805624013	0.5105937321980795	18.38137435913086	5.465181948744963e-05
Electrolyte_w_sep	157	1400.8173156752534	2.7748179719410406	1.2	0.0	1.7866934234362102	1.2244696219762166	44.0809063911438	6.388537158136782e-05
R_material	157	1400.8173156752534	2.7748179719410406	1.2	0.0	1.7866934234362102	0.3991031050682068	14.367711782455444	4.2718328642950635e-05
L_material	157	1400.8173156752534	2.7748179719410406	1.2	0.0	1.7866934234362102	0.5078648924827576	18.283136129379272	5.435973588726533e-05
Electrolyte_w_sep	158	1403.5921336471945	2.7748179719410406	1.2	0.0	1.7885790385125937	1.2210371096928914	43.95733594894409	6.370628398397695e-05
R_material	158	1403.5921336471945	2.7748179719410406	1.2	0.0	1.7885790385125937	0.39834123849868774	14.340284585952759	4.2636781628944745e-05
L_material	158	1403.5921336471945	2.7748179719410406	1.2	0.0	1.7885790385125937	0.5198216636975607	18.713579893112183	5.563953871459547e-05
Electrolyte_w_sep	159	1406.3669516191355	2.7748179719410406	1.2	0.0	1.7904677203167936	1.2469022274017334	44.8884801864624	6.505576838617739e-05
R_material	159	1406.3669516191355	2.7748179719410406	1.2	0.0	1.7904677203167936	0.3978845278422038	14.323843002319336	4.258789722872168e-05
L_material	159	1406.3669516191355	2.7748179719410406	1.2	0.0	1.7904677203167936	0.5098999341328939	18.35639762878418	5.45775582417112e-05
Electrolyte_w_sep	160	1409.1417695910766	2.7748179719410406	1.2	0.0	1.7923610186439978	1.2307967742284138	44.3086838722229	6.421548387278682e-05
R_material	160	1409.1417695910766	2.7748179719410406	1.2	0.0	1.7923610186439978	0.39825048049290973	14.337017297744751	4.262706727125479e-05
L_material	160	1409.1417695910766	2.7748179719410406	1.2	0.0	1.7923610186439978	0.4322105050086975	15.55957818031311	4.626200638740162e-05
Electrolyte_w_sep	161	1411.9165875630176	2.7748179719410406	1.2	0.0	1.7942606656678646	1.2454913854599	44.8376898765564	6.498215924138608e-05
R_material	161	1411.9165875630176	2.7748179719410406	1.2	0.0	1.7942606656678646	0.3976372877756755	14.314942359924316	4.2561433685137235e-05
L_material	161	1411.9165875630176	2.7748179719410406	1.2	0.0	1.7942606656678646	0.4428022503852844	15.94088101387024	4.739570255301318e-05
Electrolyte_w_sep	162	1414.6914055349587	2.7748179719410406	1.2	0.0	1.796168593321158	1.211177408695221	43.602386713027954	6.319186480148979e-05
R_material	162	1414.6914055349587	2.7748179719410406	1.2	0.0	1.796168593321158	0.3978906075159709	14.324061870574951	4.258854797159671e-05
L_material	162	1414.6914055349587	2.7748179719410406	1.2	0.0	1.796168593321158	0.422246793905894	15.200884580612183	4.519553238610254e-05
Electrolyte_w_sep	163	1417.4662235068997	2.7748179719410406	1.2	0.0	1.7980869736876774	1.2127682367960613	43.6596565246582	6.327486452849016e-05
R_material	163	1417.4662235068997	2.7748179719410406	1.2	0.0	1.7980869736876774	0.3948257565498352	14.213727235794067	4.226049913120828e-05
L_material	163	1417.4662235068997	2.7748179719410406	1.2	0.0	1.7980869736876774	0.5137890179951986	18.49640464782715	5.499382952710132e-05
Electrolyte_w_sep	164	1420.2410414788408	2.7748179719410406	1.2	0.0	1.8000182526063517	1.194253424803416	42.993123292922974	6.230887433756952e-05
R_material	164	1420.2410414788408	2.7748179719410406	1.2	0.0	1.8000182526063517	0.3952285051345825	14.22822618484497	4.230360765676279e-05
L_material	164	1420.2410414788408	2.7748179719410406	1.2	0.0	1.8000182526063517	0.41589367389678955	14.972172260284424	4.451552096797376e-05
Electrolyte_w_sep	165	1423.0158594507818	2.7748179719410406	1.2	0.0	1.8019651948407622	1.2047762274742126	43.371944189071655	6.285789012908936e-05
R_material	165	1423.0158594507818	2.7748179719410406	1.2	0.0	1.8019651948407622	0.3902973532676697	14.050704717636108	4.1775797766626555e-05
L_material	165	1423.0158594507818	2.7748179719410406	1.2	0.0	1.8019651948407622	0.5070955157279968	18.255438566207886	5.427738501441382e-05
Electrolyte_w_sep	166	1425.7906774227229	2.7748179719410406	1.2	0.0	1.8039309347145605	1.2167848547299702	43.80425477027893	6.34844272033028e-05
R_material	166	1425.7906774227229	2.7748179719410406	1.2	0.0	1.8039309347145605	0.39569759368896484	14.245113372802734	4.235381693545364e-05
L_material	166	1425.7906774227229	2.7748179719410406	1.2	0.0	1.8039309347145605	0.4917578299840291	17.70328187942505	5.263570322363663e-05
Electrolyte_w_sep	167	1428.565495394664	2.7748179719410406	1.2	0.0	1.805919011757274	1.2625601490338643	45.452165365219116	6.587270342785379e-05
R_material	167	1428.565495394664	2.7748179719410406	1.2	0.0	1.805919011757274	0.3940453330675761	14.18563199043274	4.217696586280606e-05
L_material	167	1428.565495394664	2.7748179719410406	1.2	0.0	1.805919011757274	0.6117992003758749	22.024771213531494	6.54844298960905e-05
Electrolyte_w_sep	168	1431.340313366605	2.7748179719410406	1.2	0.0	1.8079334568945036	1.2224685351053874	44.008867263793945	6.378096704897673e-05
R_material	168	1431.340313366605	2.7748179719410406	1.2	0.0	1.8079334568945036	0.4130375385284424	14.869351387023926	4.420981217301724e-05
L_material	168	1431.340313366605	2.7748179719410406	1.2	0.0	1.8079334568945036	0.5022756656010946	18.081923961639404	5.3761488397434124e-05
Electrolyte_w_sep	169	1434.115131338546	2.7748179719410406	1.2	0.0	1.8099788591710622	1.2352808912595112	44.47011208534241	6.444943780484407e-05
R_material	169	1434.115131338546	2.7748179719410406	1.2	0.0	1.8099788591710622	0.4034591317176819	14.524528741836548	4.3184579533075695e-05
L_material	169	1434.115131338546	2.7748179719410406	1.2	0.0	1.8099788591710622	0.5004112124443054	18.014803647994995	5.356192512248167e-05
Electrolyte_w_sep	170	1436.889949310487	2.7748179719410406	1.2	0.0	1.8120604586540117	1.2023316423098247	43.28393912315369	6.27303465552952e-05
R_material	170	1436.889949310487	2.7748179719410406	1.2	0.0	1.8120604586540117	0.4026627739270528	14.495859861373901	4.309934072288991e-05
L_material	170	1436.889949310487	2.7748179719410406	1.2	0.0	1.8120604586540117	0.4676518241564433	16.835465669631958	5.0055497091099255e-05
