Iteration	Time[s]	Self-consistency iteration	Left active material domain potential relative norm[%]	Left active material domain concentration relative norm[%]	Electrolyte domain potential relative norm[%]	Electrolyte domain concentration relative norm[%]	Right active material domain potential relative norm[%]	Right active material domain concentration relative norm[%]
1.0	1.1099271887764162	1.0	1.0	1.0	1.0	1.0	1.0	1.0
1.0	1.1099271887764162	2.0	1.0	1.0	1.0	1.0	1.0	1.0
1.0	1.1099271887764162	3.0	0.029080599757845965	0.0052739421087049255	0.01824155695317438	0.04526757231100035	0.07323411780697077	0.047084502104855167
1.0	1.1099271887764162	4.0	0.007088832114007929	0.0012856910707504442	0.0044696356203712505	0.011092714178660616	0.01790795489477488	0.01159817223266948
1.0	1.1099271887764162	5.0	0.0017362300908542298	0.0003149697796680155	0.001096100687167735	0.0027204135200177334	0.004389460429131157	0.002844284964783484
1.0	1.1099271887764162	6.0	0.0004257364686621045	7.723947358512257e-05	0.00026885452406934376	0.0006672788635002191	0.0010765301553851594	0.0006975603768317663
1.0	1.1099271887764162	7.0	0.00010442311571407551	1.894547676021388e-05	6.594862978977931e-05	0.0001636806190698293	0.00026405960872488265	0.00017109979316408177
2.0	2.4973361747469363	1.0	1.0	1.0	1.0	1.0	1.0	1.0
2.0	2.4973361747469363	2.0	1.0	1.0	1.0	1.0	1.0	1.0
2.0	2.4973361747469363	3.0	1.681880128159991e-05	8.153300848668116e-06	1.0159956007603612e-05	3.3924788268944675e-05	4.237078489015864e-05	0.00013861737569091927
3.0	4.231597407210087	1.0	1.0	1.0	1.0	1.0	1.0	1.0
3.0	4.231597407210087	2.0	1.0	1.0	1.0	1.0	1.0	1.0
3.0	4.231597407210087	3.0	3.379921204159459e-05	1.5423917917469686e-05	2.1398997597960488e-05	8.36063098106331e-05	8.59757373393648e-05	0.00014779880165063873
4.0	6.399423947789025	1.0	1.0	1.0	1.0	1.0	1.0	1.0
4.0	6.399423947789025	2.0	1.0	1.0	1.0	1.0	1.0	1.0
4.0	6.399423947789025	3.0	3.5302836680702296e-05	2.1330437254348574e-05	2.2783140425821733e-05	0.00010876755919501009	9.091758138877183e-05	0.0002038469726835944
5.0	9.109207123512697	1.0	1.0	1.0	1.0	1.0	1.0	1.0
5.0	9.109207123512697	2.0	1.0	1.0	1.0	1.0	1.0	1.0
5.0	9.109207123512697	3.0	2.916272891314141e-05	2.62959748450556e-05	1.9089836808687464e-05	0.00011223378450585032	7.619327055923568e-05	0.0002837195091815763
6.0	12.496436093167286	1.0	1.0	1.0	1.0	1.0	1.0	1.0
6.0	12.496436093167286	2.0	1.0	1.0	1.0	1.0	1.0	1.0
6.0	12.496436093167286	3.0	1.8798356461018375e-05	3.0019640260063295e-05	1.2486025207907509e-05	9.560713880075004e-05	4.995657273421196e-05	0.0003786766561607623
7.0	16.730472305235523	1.0	1.0	1.0	1.0	1.0	1.0	1.0
7.0	16.730472305235523	2.0	1.0	1.0	1.0	1.0	1.0	1.0
7.0	16.730472305235523	3.0	3.0798769228123896e-06	3.0294538376878555e-05	4.2115237288698155e-06	6.952801258481203e-05	8.489747291402603e-06	0.0004889197408135721
8.0	22.02301757032082	1.0	1.0	1.0	1.0	1.0	1.0	1.0
8.0	22.02301757032082	2.0	1.0	1.0	1.0	1.0	1.0	1.0
8.0	22.02301757032082	3.0	1.2222300713971034e-05	3.722015593447852e-05	8.988124981044984e-06	9.48890213451336e-05	3.6895169888023576e-05	0.00048662671606557547
9.0	28.638699151677443	1.0	1.0	1.0	1.0	1.0	1.0	1.0
9.0	28.638699151677443	2.0	1.0	1.0	1.0	1.0	1.0	1.0
9.0	28.638699151677443	3.0	7.285545195565563e-05	6.865858896129448e-05	5.540119712518455e-05	0.0006168219559695332	0.00020054769291159738	0.00022355948287952125
9.0	28.638699151677443	4.0	2.1377228895956506e-05	1.3602570026499977e-05	1.6189829532770908e-05	0.00018021996391296425	5.8026620398682165e-05	0.00013891568442479538
10.0	36.908301128373225	1.0	1.0	1.0	1.0	1.0	1.0	1.0
10.0	36.908301128373225	2.0	1.0	1.0	1.0	1.0	1.0	1.0
10.0	36.908301128373225	3.0	6.455494294054129e-05	6.98602469150562e-05	5.028959603833131e-05	0.0006555509651315174	0.00017950776021356094	0.00034290574477884603
10.0	36.908301128373225	4.0	1.940476900499161e-05	1.4071129660483306e-05	1.499554786387527e-05	0.00019569270340809037	5.377327701477353e-05	0.00015354771067250018
11.0	47.245303599242945	1.0	1.0	1.0	1.0	1.0	1.0	1.0
11.0	47.245303599242945	2.0	1.0	1.0	1.0	1.0	1.0	1.0
11.0	47.245303599242945	3.0	0.00010821547110788815	3.998953604239283e-05	8.518349096051301e-05	0.001283953562980645	0.0003116320022752707	0.001600047851058912
11.0	47.245303599242945	4.0	3.291787841410292e-05	2.449098087829582e-05	2.6011714747622567e-05	0.00039300688399251737	9.354500154738821e-05	0.00026936077319724083
12.0	58.344575487007106	1.0	1.0	1.0	1.0	1.0	1.0	1.0
12.0	58.344575487007106	2.0	1.0	1.0	1.0	1.0	1.0	1.0
12.0	58.344575487007106	3.0	0.00015300698388892643	7.893936261944976e-05	0.00012310440270578803	0.0019325807785902894	0.0004381693400931122	0.001857357780051338
12.0	58.344575487007106	4.0	4.7815565342605014e-05	3.7772154225206245e-05	3.845256146134822e-05	0.0006061009677017392	0.0001353945577220465	0.0003355939535486299
12.0	58.344575487007106	5.0	1.4933933426514618e-05	1.2239974781567936e-05	1.200966684281477e-05	0.0001893822825234499	4.2237518763909694e-05	9.685047511027341e-05
13.0	69.44384737477127	1.0	1.0	1.0	1.0	1.0	1.0	1.0
13.0	69.44384737477127	2.0	1.0	1.0	1.0	1.0	1.0	1.0
13.0	69.44384737477127	3.0	0.00010300895103155689	5.4396049452621474e-05	8.399209219527064e-05	0.001314204834942972	0.0002919859252951574	0.001124448582409298
13.0	69.44384737477127	4.0	3.2773434774900414e-05	2.6442820815311257e-05	2.666710214884556e-05	0.00041939452467596453	9.204172887413511e-05	0.0002048660976197367
14.0	80.54311926253543	1.0	1.0	1.0	1.0	1.0	1.0	1.0
14.0	80.54311926253543	2.0	1.0	1.0	1.0	1.0	1.0	1.0
14.0	80.54311926253543	3.0	6.437998289499124e-05	3.392202268720869e-05	5.304506502990366e-05	0.0008278854258062007	0.00018028474739159768	0.0006600115936069704
14.0	80.54311926253543	4.0	2.0773839500656788e-05	1.7147148814905386e-05	1.7062130491823944e-05	0.00026791567474019685	5.778641339238269e-05	0.0001195365316398373
15.0	91.64239115029959	1.0	1.0	1.0	1.0	1.0	1.0	1.0
15.0	91.64239115029959	2.0	1.0	1.0	1.0	1.0	1.0	1.0
15.0	91.64239115029959	3.0	3.2837515262512864e-05	1.526693316167007e-05	2.7272924651540687e-05	0.00042462853389714153	9.11187659503709e-05	0.0003370820677970994
16.0	102.74166303806375	1.0	1.0	1.0	1.0	1.0	1.0	1.0
16.0	102.74166303806375	2.0	1.0	1.0	1.0	1.0	1.0	1.0
16.0	102.74166303806375	3.0	1.722919385273333e-05	6.059999962211748e-06	1.4403215885415866e-05	0.00022364134354427772	4.745043757346455e-05	0.0001866856734793964
17.0	113.84093492582791	1.0	1.0	1.0	1.0	1.0	1.0	1.0
17.0	113.84093492582791	2.0	1.0	1.0	1.0	1.0	1.0	1.0
17.0	113.84093492582791	3.0	7.907090198708471e-06	1.491688442890113e-06	6.660189058077615e-06	0.00010290283567263097	2.1618871543312053e-05	0.00010318248930719391
18.0	124.94020681359207	1.0	1.0	1.0	1.0	1.0	1.0	1.0
18.0	124.94020681359207	2.0	1.0	1.0	1.0	1.0	1.0	1.0
18.0	124.94020681359207	3.0	7.367650841079318e-07	4.366818370462571e-06	7.372540412658919e-07	1.1209343162711159e-05	2.030067008349088e-06	4.3878865277475805e-05
19.0	136.03947870135624	1.0	1.0	1.0	1.0	1.0	1.0	1.0
19.0	136.03947870135624	2.0	1.0	1.0	1.0	1.0	1.0	1.0
19.0	136.03947870135624	3.0	1.4378694016090062e-06	4.7681742650218506e-06	1.2120123299728668e-06	1.9755095655354903e-05	3.830043499415156e-06	1.8255192351043463e-05
20.0	147.1387505891204	1.0	1.0	1.0	1.0	1.0	1.0	1.0
20.0	147.1387505891204	2.0	1.0	1.0	1.0	1.0	1.0	1.0
20.0	147.1387505891204	3.0	2.5210914946205153e-06	5.251404453626065e-07	2.153424409283386e-06	3.317580244029435e-05	6.7599865129873514e-06	3.098123786384043e-05
21.0	158.23802247688457	1.0	1.0	1.0	1.0	1.0	1.0	1.0
21.0	158.23802247688457	2.0	1.0	1.0	1.0	1.0	1.0	1.0
21.0	158.23802247688457	3.0	2.783488617790167e-06	1.816264343469518e-06	2.3645790471221024e-06	3.678314628998586e-05	7.371885817708849e-06	1.9649406696093518e-05
22.0	169.33729436464873	1.0	1.0	1.0	1.0	1.0	1.0	1.0
22.0	169.33729436464873	2.0	1.0	1.0	1.0	1.0	1.0	1.0
22.0	169.33729436464873	3.0	4.1264042363434944e-06	2.071134904070343e-06	3.535291329391284e-06	5.4713445105063656e-05	1.0810428964258345e-05	3.852552353836359e-05
23.0	180.4365662524129	1.0	1.0	1.0	1.0	1.0	1.0	1.0
23.0	180.4365662524129	2.0	1.0	1.0	1.0	1.0	1.0	1.0
23.0	180.4365662524129	3.0	4.32941323209705e-06	1.115783426040211e-06	3.744845215445998e-06	5.7612326726183404e-05	1.1292950788877322e-05	5.350042578382179e-05
24.0	191.53583814017705	1.0	1.0	1.0	1.0	1.0	1.0	1.0
24.0	191.53583814017705	2.0	1.0	1.0	1.0	1.0	1.0	1.0
24.0	191.53583814017705	3.0	5.646775378460093e-06	7.51903328380235e-06	4.769251032851038e-06	7.53981912727722e-05	1.466467427079528e-05	6.019865917109247e-06
25.0	202.6351100279412	1.0	1.0	1.0	1.0	1.0	1.0	1.0
25.0	202.6351100279412	2.0	1.0	1.0	1.0	1.0	1.0	1.0
25.0	202.6351100279412	3.0	1.1460786984468038e-05	1.2501587430322295e-05	9.75207266022427e-06	0.0001531829753551413	2.965537969359784e-05	3.2564198334395086e-05
26.0	213.73438191570537	1.0	1.0	1.0	1.0	1.0	1.0	1.0
26.0	213.73438191570537	2.0	1.0	1.0	1.0	1.0	1.0	1.0
26.0	213.73438191570537	3.0	8.333324931359286e-06	1.0774794889232341e-05	7.084595006588084e-06	0.00011182396703160279	2.1438441564988167e-05	9.210121713673489e-06
27.0	224.83365380346953	1.0	1.0	1.0	1.0	1.0	1.0	1.0
27.0	224.83365380346953	2.0	1.0	1.0	1.0	1.0	1.0	1.0
27.0	224.83365380346953	3.0	9.432144725036177e-07	5.8704455142318154e-06	8.188482336191247e-07	1.4664556588816417e-05	2.5018210653096418e-06	4.089193774713239e-05
28.0	235.9329256912337	1.0	1.0	1.0	1.0	1.0	1.0	1.0
28.0	235.9329256912337	2.0	1.0	1.0	1.0	1.0	1.0	1.0
28.0	235.9329256912337	3.0	1.226704088531909e-05	3.787971861501087e-06	1.062751040770101e-05	0.000164729966192962	3.0630849433392036e-05	0.0001239880918441924
29.0	247.03219757899785	1.0	1.0	1.0	1.0	1.0	1.0	1.0
29.0	247.03219757899785	2.0	1.0	1.0	1.0	1.0	1.0	1.0
29.0	247.03219757899785	3.0	2.6801651510452182e-05	1.3633391863016487e-05	2.3145712923485403e-05	0.00036077750659822117	6.642672718740186e-05	0.00021825350125367042
30.0	258.13146946676204	1.0	1.0	1.0	1.0	1.0	1.0	1.0
30.0	258.13146946676204	2.0	1.0	1.0	1.0	1.0	1.0	1.0
30.0	258.13146946676204	3.0	2.9495769844209083e-05	1.526441685460332e-05	2.5490770633548364e-05	0.0003980117643263261	7.297072335567798e-05	0.00024094007275440215
31.0	269.23074135452623	1.0	1.0	1.0	1.0	1.0	1.0	1.0
31.0	269.23074135452623	2.0	1.0	1.0	1.0	1.0	1.0	1.0
31.0	269.23074135452623	3.0	1.7329937124362847e-05	6.829945830075413e-06	1.500813112275763e-05	0.00023425229250137493	4.293290011379764e-05	0.00016522062360044065
32.0	280.3300132422904	1.0	1.0	1.0	1.0	1.0	1.0	1.0
32.0	280.3300132422904	2.0	1.0	1.0	1.0	1.0	1.0	1.0
32.0	280.3300132422904	3.0	4.420446853622454e-06	2.6275916917984743e-06	3.8503802822567245e-06	5.968070696553613e-05	1.084750502663771e-05	7.933876529428207e-05
33.0	291.4292851300546	1.0	1.0	1.0	1.0	1.0	1.0	1.0
33.0	291.4292851300546	2.0	1.0	1.0	1.0	1.0	1.0	1.0
33.0	291.4292851300546	3.0	2.094441735565839e-07	5.367266488911899e-06	3.5004909725614535e-07	8.241560018590448e-06	6.819473404675081e-07	4.566778168569609e-05
34.0	302.5285570178188	1.0	1.0	1.0	1.0	1.0	1.0	1.0
34.0	302.5285570178188	2.0	1.0	1.0	1.0	1.0	1.0	1.0
34.0	302.5285570178188	3.0	1.2279321703820565e-06	4.315289056406129e-06	1.0839454017802998e-06	1.6693545133584108e-05	2.890579296468481e-06	5.011191657655249e-05
35.0	313.627828905583	1.0	1.0	1.0	1.0	1.0	1.0	1.0
35.0	313.627828905583	2.0	1.0	1.0	1.0	1.0	1.0	1.0
35.0	313.627828905583	3.0	5.737679986434556e-06	1.7958136070303241e-06	4.979357624855251e-06	7.79495502690279e-05	1.4049069881426152e-05	7.103022827512003e-05
36.0	324.7271007933472	1.0	1.0	1.0	1.0	1.0	1.0	1.0
36.0	324.7271007933472	2.0	1.0	1.0	1.0	1.0	1.0	1.0
36.0	324.7271007933472	3.0	1.3176458218578434e-05	4.588743114194074e-06	1.1479653637874864e-05	0.0001804686000085051	3.235583602769647e-05	0.00010714186192465808
37.0	335.82637268111137	1.0	1.0	1.0	1.0	1.0	1.0	1.0
37.0	335.82637268111137	2.0	1.0	1.0	1.0	1.0	1.0	1.0
37.0	335.82637268111137	3.0	2.221429276418242e-05	1.0519543033687104e-05	1.9422024517708937e-05	0.0003059076927977545	5.449421429341819e-05	0.00015185690806218249
38.0	346.92564456887555	1.0	1.0	1.0	1.0	1.0	1.0	1.0
38.0	346.92564456887555	2.0	1.0	1.0	1.0	1.0	1.0	1.0
38.0	346.92564456887555	3.0	2.9613576317741874e-05	1.540741434786959e-05	2.59761093122414e-05	0.0004096153183357934	7.257951554056016e-05	0.00018677239089133325
39.0	358.02491645663974	1.0	1.0	1.0	1.0	1.0	1.0	1.0
39.0	358.02491645663974	2.0	1.0	1.0	1.0	1.0	1.0	1.0
39.0	358.02491645663974	3.0	3.356774339875089e-05	1.8086524673617936e-05	2.9540564798017944e-05	0.0004662294987991851	8.229485597726083e-05	0.000202008260743674
40.0	369.12418834440393	1.0	1.0	1.0	1.0	1.0	1.0	1.0
40.0	369.12418834440393	2.0	1.0	1.0	1.0	1.0	1.0	1.0
40.0	369.12418834440393	3.0	3.396093049678836e-05	1.854271381746554e-05	2.9985023237909987e-05	0.0004735891295809697	8.33987516580335e-05	0.0001973722715689678
41.0	380.2234602321681	1.0	1.0	1.0	1.0	1.0	1.0	1.0
41.0	380.2234602321681	2.0	1.0	1.0	1.0	1.0	1.0	1.0
41.0	380.2234602321681	3.0	3.1194516991111786e-05	1.703725623710364e-05	2.763317905220801e-05	0.00043671639336268956	7.6823613412867e-05	0.00017600753219236372
42.0	391.3227321199323	1.0	1.0	1.0	1.0	1.0	1.0	1.0
42.0	391.3227321199323	2.0	1.0	1.0	1.0	1.0	1.0	1.0
42.0	391.3227321199323	3.0	2.5935297210063707e-05	1.3963507864861146e-05	2.3048760171263803e-05	0.00036445004477365423	6.409405546626134e-05	0.0001430117160114929
43.0	402.4220040076965	1.0	1.0	1.0	1.0	1.0	1.0	1.0
43.0	402.4220040076965	2.0	1.0	1.0	1.0	1.0	1.0	1.0
43.0	402.4220040076965	3.0	1.9150049883173822e-05	9.941434800902184e-06	1.707099499590727e-05	0.00027003087731511215	4.7497190252900886e-05	0.00010466432961848535
44.0	413.5212758954607	1.0	1.0	1.0	1.0	1.0	1.0	1.0
44.0	413.5212758954607	2.0	1.0	1.0	1.0	1.0	1.0	1.0
44.0	413.5212758954607	3.0	1.1865009764898309e-05	5.633846953268179e-06	1.060286487451184e-05	0.00016776157786723133	2.952584820987986e-05	6.65563622350142e-05
45.0	424.6205477832249	1.0	1.0	1.0	1.0	1.0	1.0	1.0
45.0	424.6205477832249	2.0	1.0	1.0	1.0	1.0	1.0	1.0
45.0	424.6205477832249	3.0	5.156677042147472e-06	1.7675449892167105e-06	4.60626217889524e-06	7.290059751085543e-05	1.2860676856435202e-05	3.328274321414342e-05
46.0	435.71981967098907	1.0	1.0	1.0	1.0	1.0	1.0	1.0
46.0	435.71981967098907	2.0	1.0	1.0	1.0	1.0	1.0	1.0
46.0	435.71981967098907	3.0	4.490484275899208e-07	1.6056613051979244e-06	4.452050482501158e-07	7.2565313838827726e-06	1.1538989139725324e-06	6.6472259750089315e-06
47.0	446.81909155875326	1.0	1.0	1.0	1.0	1.0	1.0	1.0
47.0	446.81909155875326	2.0	1.0	1.0	1.0	1.0	1.0	1.0
47.0	446.81909155875326	3.0	5.027848443570737e-06	4.145446800200822e-06	4.594432277475867e-06	7.27439729664794e-05	1.2676834733992699e-05	1.4994594526338376e-05
48.0	457.91836344651745	1.0	1.0	1.0	1.0	1.0	1.0	1.0
48.0	457.91836344651745	2.0	1.0	1.0	1.0	1.0	1.0	1.0
48.0	457.91836344651745	3.0	8.953017570805852e-06	6.332004707697023e-06	8.18630726624285e-06	0.00012960679014123127	2.262795436157028e-05	3.251801524024779e-05
49.0	469.01763533428164	1.0	1.0	1.0	1.0	1.0	1.0	1.0
49.0	469.01763533428164	2.0	1.0	1.0	1.0	1.0	1.0	1.0
49.0	469.01763533428164	3.0	1.2510088388875492e-05	8.306593862696967e-06	1.1471578827753624e-05	0.00018162012631797782	3.171807080620572e-05	4.772993530418699e-05
50.0	480.1169072220458	1.0	1.0	1.0	1.0	1.0	1.0	1.0
50.0	480.1169072220458	2.0	1.0	1.0	1.0	1.0	1.0	1.0
50.0	480.1169072220458	3.0	1.582773855004856e-05	1.0143944116433112e-05	1.4565398404540783e-05	0.00023059682170202582	4.026925017378686e-05	6.121308543615386e-05
51.0	491.21617910981	1.0	1.0	1.0	1.0	1.0	1.0	1.0
51.0	491.21617910981	2.0	1.0	1.0	1.0	1.0	1.0	1.0
51.0	491.21617910981	3.0	1.8961161152487978e-05	1.1875301923261344e-05	1.751700593061949e-05	0.00027730878016484964	4.842169651812497e-05	7.330912609409353e-05
52.0	502.3154509975742	1.0	1.0	1.0	1.0	1.0	1.0	1.0
52.0	502.3154509975742	2.0	1.0	1.0	1.0	1.0	1.0	1.0
52.0	502.3154509975742	3.0	2.1985934616162085e-05	1.3542363686237152e-05	2.039538025290241e-05	0.0003228399619640265	5.637272685674054e-05	8.442795999076121e-05
53.0	513.4147228853384	1.0	1.0	1.0	1.0	1.0	1.0	1.0
53.0	513.4147228853384	2.0	1.0	1.0	1.0	1.0	1.0	1.0
53.0	513.4147228853384	3.0	2.511258078473444e-05	1.5262225809192166e-05	2.3396603110428208e-05	0.00037028086000164115	6.467838300882413e-05	9.5445510414801e-05
54.0	524.5139947731026	1.0	1.0	1.0	1.0	1.0	1.0	1.0
54.0	524.5139947731026	2.0	1.0	1.0	1.0	1.0	1.0	1.0
54.0	524.5139947731026	3.0	2.8859485734163638e-05	1.7325417073215768e-05	2.7008413760731318e-05	0.00042733054502221764	7.47125544516861e-05	0.00010840341828743468
55.0	535.6132666608668	1.0	1.0	1.0	1.0	1.0	1.0	1.0
55.0	535.6132666608668	2.0	1.0	1.0	1.0	1.0	1.0	1.0
55.0	535.6132666608668	3.0	3.364088338841112e-05	1.9964168788303474e-05	3.162971147140508e-05	0.0005002800582126444	8.760917827515081e-05	0.00012490514127107578
55.0	535.6132666608668	4.0	1.2745045826183854e-05	8.678561566045508e-06	1.201992605720154e-05	0.00019016356142771506	3.3167849072473743e-05	3.9073085687611774e-05
56.0	546.712538548631	1.0	1.0	1.0	1.0	1.0	1.0	1.0
56.0	546.712538548631	2.0	1.0	1.0	1.0	1.0	1.0	1.0
56.0	546.712538548631	3.0	3.833716117976694e-05	2.2402972235342818e-05	3.6214294366296776e-05	0.0005725664575658302	0.00010051486647696968	0.00014166290401300448
56.0	546.712538548631	4.0	1.4567194135596704e-05	9.907063450718285e-06	1.3806429266342868e-05	0.00021835817339812646	3.814832410125293e-05	4.3569071009026766e-05
57.0	557.8118104363951	1.0	1.0	1.0	1.0	1.0	1.0	1.0
57.0	557.8118104363951	2.0	1.0	1.0	1.0	1.0	1.0	1.0
57.0	557.8118104363951	3.0	4.4554116884018774e-05	2.5799025576367702e-05	4.2293247338468185e-05	0.0006684045582912787	0.00011768351324243448	0.0001632682444502286
57.0	557.8118104363951	4.0	1.698216964427587e-05	1.1548475960171199e-05	1.6176461729806383e-05	0.0002557588306873767	4.477666976060799e-05	4.957973954850817e-05
58.0	568.9110823241593	1.0	1.0	1.0	1.0	1.0	1.0	1.0
58.0	568.9110823241593	2.0	1.0	1.0	1.0	1.0	1.0	1.0
58.0	568.9110823241593	3.0	5.095385390625303e-05	2.928766084199942e-05	4.8610057452000545e-05	0.0007679195642195627	0.00013567073537717008	0.00018556217769537755
58.0	568.9110823241593	4.0	1.948223901232213e-05	1.3257032462209887e-05	1.865277705823781e-05	0.00029481673439922973	5.174337543097574e-05	5.558247373043764e-05
59.0	580.0103542119235	1.0	1.0	1.0	1.0	1.0	1.0	1.0
59.0	580.0103542119235	2.0	1.0	1.0	1.0	1.0	1.0	1.0
59.0	580.0103542119235	3.0	5.729781155303108e-05	3.272886342633858e-05	5.4940632770674155e-05	0.0008675635841541033	0.00015387487299913145	0.00020790838099832783
59.0	580.0103542119235	4.0	2.197651871814555e-05	1.4973528717345972e-05	2.1149932024870666e-05	0.00033418032100887145	5.881651856731389e-05	6.132244868612716e-05
60.0	591.1096260996877	1.0	1.0	1.0	1.0	1.0	1.0	1.0
60.0	591.1096260996877	2.0	1.0	1.0	1.0	1.0	1.0	1.0
60.0	591.1096260996877	3.0	6.3362025700414e-05	3.599963856878442e-05	6.107078570051396e-05	0.0009639495265894308	0.00017169744801521648	0.00022958798881808311
60.0	591.1096260996877	4.0	2.4378764488450344e-05	1.664184090870561e-05	2.3585286721405216e-05	0.00037254346119672233	6.5764693634584e-05	6.657631573153286e-05
61.0	602.2088979874519	1.0	1.0	1.0	1.0	1.0	1.0	1.0
61.0	602.2088979874519	2.0	1.0	1.0	1.0	1.0	1.0	1.0
61.0	602.2088979874519	3.0	6.88491442306648e-05	3.894036003994917e-05	6.671086177881034e-05	0.0010525060776893711	0.00018830557116710308	0.0002495279660187513
61.0	602.2088979874519	4.0	2.6573382553946083e-05	1.818529501930866e-05	2.5845941764208844e-05	0.00040812378040378574	7.226621681545773e-05	7.106640635739694e-05
62.0	613.3081698752161	1.0	1.0	1.0	1.0	1.0	1.0	1.0
62.0	613.3081698752161	2.0	1.0	1.0	1.0	1.0	1.0	1.0
62.0	613.3081698752161	3.0	7.343375499830702e-05	4.137889203065418e-05	7.153736244490858e-05	0.0011281408281669284	0.0002027468345458015	0.0002665295481623942
62.0	613.3081698752161	4.0	2.843235894892872e-05	1.9517708010981003e-05	2.7804347296257924e-05	0.0004389108077569845	7.795262052079737e-05	7.451828187323376e-05
63.0	624.4074417629803	1.0	1.0	1.0	1.0	1.0	1.0	1.0
63.0	624.4074417629803	2.0	1.0	1.0	1.0	1.0	1.0	1.0
63.0	624.4074417629803	3.0	7.67915423935352e-05	4.314318799889297e-05	7.522017682929352e-05	0.0011856714111067829	0.0002140227215198002	0.00027939343745847343
63.0	624.4074417629803	4.0	2.9826393547375368e-05	2.0549310885878363e-05	2.932870990242097e-05	0.00046283057830977584	8.243719393842811e-05	7.668156654984707e-05
64.0	635.5067136507445	1.0	1.0	1.0	1.0	1.0	1.0	1.0
64.0	635.5067136507445	2.0	1.0	1.0	1.0	1.0	1.0	1.0
64.0	635.5067136507445	3.0	7.856522764694373e-05	4.403197982538193e-05	7.738717011770303e-05	0.001219269100993121	0.00022097614622817023	0.00028671299398975287
64.0	635.5067136507445	4.0	3.061209581520154e-05	2.116773473213258e-05	3.026927254343652e-05	0.00047752943187871115	8.527428305896925e-05	7.727801599192479e-05
65.0	646.6059855385087	1.0	1.0	1.0	1.0	1.0	1.0	1.0
65.0	646.6059855385087	2.0	1.0	1.0	1.0	1.0	1.0	1.0
65.0	646.6059855385087	3.0	7.836957692289155e-05	4.386243945524606e-05	7.762893765301457e-05	0.0012225223967417189	0.0002223074768061268	0.0002866158882509935
65.0	646.6059855385087	4.0	3.063498770279897e-05	2.1245617743140557e-05	3.0460422745366792e-05	0.0004804040595694952	8.59677356277374e-05	7.595802509162873e-05
66.0	657.7052574262729	1.0	1.0	1.0	1.0	1.0	1.0	1.0
66.0	657.7052574262729	2.0	1.0	1.0	1.0	1.0	1.0	1.0
66.0	657.7052574262729	3.0	7.592264930338953e-05	4.2534072673976154e-05	7.563466950984325e-05	0.0011905671355286103	0.0002169803410100325	0.0002774906410196471
66.0	657.7052574262729	4.0	2.977997854913166e-05	2.0681752078304863e-05	2.977384838698726e-05	0.00046943815480839047	8.412454517028013e-05	7.2459647736344e-05
67.0	668.804529314037	1.0	1.0	1.0	1.0	1.0	1.0	1.0
67.0	668.804529314037	2.0	1.0	1.0	1.0	1.0	1.0	1.0
67.0	668.804529314037	3.0	7.060090723397173e-05	3.969248256765643e-05	7.075150367523387e-05	0.0011131540212185136	0.0002030192256313979	0.00025703000195246623
67.0	668.804529314037	4.0	2.779334282345207e-05	1.9288030302984262e-05	2.794400690191668e-05	0.0004404528144613855	7.897252130952733e-05	6.62550813496935e-05
68.0	679.9038012018012	1.0	1.0	1.0	1.0	1.0	1.0	1.0
68.0	679.9038012018012	2.0	1.0	1.0	1.0	1.0	1.0	1.0
68.0	679.9038012018012	3.0	6.1584167321454e-05	3.481116425150291e-05	6.210789070492204e-05	0.0009766355889509687	0.00017796122587155743	0.00022295900683825558
68.0	679.9038012018012	4.0	2.43359770123108e-05	1.68504928215401e-05	2.461372795191944e-05	0.0003878359870532574	6.951117977408202e-05	5.677011238749782e-05
69.0	691.0030730895654	1.0	1.0	1.0	1.0	1.0	1.0	1.0
69.0	691.0030730895654	2.0	1.0	1.0	1.0	1.0	1.0	1.0
69.0	691.0030730895654	3.0	4.914942823911455e-05	2.805013217446908e-05	4.9903931510659155e-05	0.0007842815181553044	0.00014259324780716923	0.000176445909815051
69.0	691.0030730895654	4.0	1.9499678524150854e-05	1.3465048854358542e-05	1.9846479578193343e-05	0.00031261460990761607	5.597302279451888e-05	4.4457657204069877e-05
70.0	702.1023449773296	1.0	1.0	1.0	1.0	1.0	1.0	1.0
70.0	702.1023449773296	2.0	1.0	1.0	1.0	1.0	1.0	1.0
70.0	702.1023449773296	3.0	3.554611759779825e-05	2.085939126844251e-05	3.6359135637945275e-05	0.0005710888017981474	0.00010351705986523925	0.0001248970763094263
70.0	702.1023449773296	4.0	1.4165803543434139e-05	9.77471772821286e-06	1.4512948723805697e-05	0.00022852313767593015	4.0877156365529284e-05	3.1448077228541936e-05
71.0	713.2016168650938	1.0	1.0	1.0	1.0	1.0	1.0	1.0
71.0	713.2016168650938	2.0	1.0	1.0	1.0	1.0	1.0	1.0
71.0	713.2016168650938	3.0	2.32605176200747e-05	1.4512350515852126e-05	2.3993129350893737e-05	0.0003766727024453091	6.804892805118874e-05	7.790510564971273e-05
72.0	724.300888752858	1.0	1.0	1.0	1.0	1.0	1.0	1.0
72.0	724.300888752858	2.0	1.0	1.0	1.0	1.0	1.0	1.0
72.0	724.300888752858	3.0	1.4437158528331214e-05	9.943032659317155e-06	1.503286184222087e-05	0.00023598821695447738	4.246334463271067e-05	4.298182817035598e-05
73.0	735.4001606406222	1.0	1.0	1.0	1.0	1.0	1.0	1.0
73.0	735.4001606406222	2.0	1.0	1.0	1.0	1.0	1.0	1.0
73.0	735.4001606406222	3.0	7.822014061581181e-06	6.219176040918932e-06	8.23323365603861e-06	0.00012932053728475007	2.3149750957932287e-05	1.838626856593566e-05
74.0	746.4994325283864	1.0	1.0	1.0	1.0	1.0	1.0	1.0
74.0	746.4994325283864	2.0	1.0	1.0	1.0	1.0	1.0	1.0
74.0	746.4994325283864	3.0	4.442970352799179e-06	4.216988306463716e-06	4.734254887970616e-06	7.449431979426406e-05	1.3228728392738008e-05	5.939062075770783e-06
75.0	757.5987044161506	1.0	1.0	1.0	1.0	1.0	1.0	1.0
75.0	757.5987044161506	2.0	1.0	1.0	1.0	1.0	1.0	1.0
75.0	757.5987044161506	3.0	3.7310771752443652e-06	3.5397851144101304e-06	4.005020872517977e-06	6.303601944672197e-05	1.1218217919697463e-05	4.220665088114964e-06
76.0	768.6979763039147	1.0	1.0	1.0	1.0	1.0	1.0	1.0
76.0	768.6979763039147	2.0	1.0	1.0	1.0	1.0	1.0	1.0
76.0	768.6979763039147	3.0	4.25060454751708e-06	3.3763396061735758e-06	4.575538711419278e-06	7.184752103834697e-05	1.2972703504656562e-05	8.322287358556662e-06
77.0	779.7972481916789	1.0	1.0	1.0	1.0	1.0	1.0	1.0
77.0	779.7972481916789	2.0	1.0	1.0	1.0	1.0	1.0	1.0
77.0	779.7972481916789	3.0	3.5495409325153284e-06	2.6182414027953612e-06	3.84937059636224e-06	6.028549325338872e-05	1.0997533787652232e-05	1.0121114438483617e-05
78.0	790.8965200794431	1.0	1.0	1.0	1.0	1.0	1.0	1.0
78.0	790.8965200794431	2.0	1.0	1.0	1.0	1.0	1.0	1.0
78.0	790.8965200794431	3.0	2.259574954983935e-06	7.134506306274116e-07	2.4061124324583244e-06	3.7938117175129464e-05	6.986715886679301e-06	4.402373869736432e-06
79.0	801.9957919672073	1.0	1.0	1.0	1.0	1.0	1.0	1.0
79.0	801.9957919672073	2.0	1.0	1.0	1.0	1.0	1.0	1.0
79.0	801.9957919672073	3.0	1.5672020773861067e-05	7.6378774545182e-06	1.703445747771978e-05	0.0002673291461409588	4.89743799194142e-05	4.300488490150075e-05
80.0	813.0950638549715	1.0	1.0	1.0	1.0	1.0	1.0	1.0
80.0	813.0950638549715	2.0	1.0	1.0	1.0	1.0	1.0	1.0
80.0	813.0950638549715	3.0	3.421003742074181e-05	1.7247385559127403e-05	3.7509099464698653e-05	0.0005883527594386708	0.00010722768236189654	9.909214400572093e-05
80.0	813.0950638549715	4.0	1.3965104688825674e-05	9.449737757981007e-06	1.541228946883552e-05	0.00024213823663769797	4.388357432338242e-05	2.6417749283547864e-05
81.0	824.1943357427357	1.0	1.0	1.0	1.0	1.0	1.0	1.0
81.0	824.1943357427357	2.0	1.0	1.0	1.0	1.0	1.0	1.0
81.0	824.1943357427357	3.0	4.942863496861558e-05	2.498809509787374e-05	5.4620435657633696e-05	0.0008565969228341272	0.00015551169580996303	0.0001483223387077956
81.0	824.1943357427357	4.0	2.0224332451902465e-05	1.3741331422367616e-05	2.2498662396966922e-05	0.00035343108782833594	6.399467676394906e-05	3.8388349299679214e-05
82.0	835.2936076304999	1.0	1.0	1.0	1.0	1.0	1.0	1.0
82.0	835.2936076304999	2.0	1.0	1.0	1.0	1.0	1.0	1.0
82.0	835.2936076304999	3.0	5.81459859015854e-05	2.959596763118696e-05	6.475987996200919e-05	0.0010155703494166856	0.0001841453281751345	0.0001784020092658998
82.0	835.2936076304999	4.0	2.38410956420929e-05	1.6289453238518378e-05	2.6737831364017012e-05	0.00041997451812616045	7.612862137769423e-05	4.541318576540742e-05
83.0	846.3928795182641	1.0	1.0	1.0	1.0	1.0	1.0	1.0
83.0	846.3928795182641	2.0	1.0	1.0	1.0	1.0	1.0	1.0
83.0	846.3928795182641	3.0	6.01208357055024e-05	3.0881533537605783e-05	6.748375708682711e-05	0.0010584121770275488	0.0001922787851595035	0.00018769805367956693
83.0	846.3928795182641	4.0	2.4694229282873487e-05	1.699090782666959e-05	2.792187106864795e-05	0.0004385340477860809	7.97366042286427e-05	4.7406821608541055e-05
84.0	857.4921514060283	1.0	1.0	1.0	1.0	1.0	1.0	1.0
84.0	857.4921514060283	2.0	1.0	1.0	1.0	1.0	1.0	1.0
84.0	857.4921514060283	3.0	5.710295002804405e-05	2.9768378802272204e-05	6.45962914163089e-05	0.0010134621818481157	0.0001849616661176477	0.00017944679322481484
84.0	857.4921514060283	4.0	2.348704026686557e-05	1.6307563120113234e-05	2.6776714177437392e-05	0.00042053170158678864	7.680228544478952e-05	4.5653085100947426e-05
85.0	868.5914232937924	1.0	1.0	1.0	1.0	1.0	1.0	1.0
85.0	868.5914232937924	2.0	1.0	1.0	1.0	1.0	1.0	1.0
85.0	868.5914232937924	3.0	5.268152993288975e-05	2.8035928353508113e-05	6.006250741476175e-05	0.0009428001252532415	0.0001729445020309287	0.00016370824048137945
85.0	868.5914232937924	4.0	2.1691450653122034e-05	1.5229518180933217e-05	2.4936785011286586e-05	0.0003916283906731481	7.183768883246653e-05	4.2773303629187716e-05
86.0	879.6906951815566	1.0	1.0	1.0	1.0	1.0	1.0	1.0
86.0	879.6906951815566	2.0	1.0	1.0	1.0	1.0	1.0	1.0
86.0	879.6906951815566	3.0	5.1860773644406745e-05	2.8195483200233295e-05	5.959944200269072e-05	0.0009359799392139918	0.00017232536627177327	0.00015714543458503053
86.0	879.6906951815566	4.0	2.137309826625174e-05	1.5188646039941677e-05	2.4780157757889912e-05	0.00038914259086984506	7.162279314974511e-05	4.2672362554145154e-05
87.0	890.7899670693208	1.0	1.0	1.0	1.0	1.0	1.0	1.0
87.0	890.7899670693208	2.0	1.0	1.0	1.0	1.0	1.0	1.0
87.0	890.7899670693208	3.0	5.51570172674305e-05	3.049737919597082e-05	6.39099965301654e-05	0.0010039011475188409	0.00018536888292419555	0.0001638456126586203
87.0	890.7899670693208	4.0	2.2755598583543014e-05	1.636129056342259e-05	2.661312213349761e-05	0.0004178399291471794	7.714414496063373e-05	4.580079634623179e-05
88.0	901.889238957085	1.0	1.0	1.0	1.0	1.0	1.0	1.0
88.0	901.889238957085	2.0	1.0	1.0	1.0	1.0	1.0	1.0
88.0	901.889238957085	3.0	5.831187340740363e-05	3.269061732212176e-05	6.814086980771607e-05	0.0010703107197858395	0.00019831771157349695	0.00017212476329446727
88.0	901.889238957085	4.0	2.408776592276422e-05	1.751768780705585e-05	2.8422642148742e-05	0.00044608979851609086	8.267553090775269e-05	4.873500287916576e-05
89.0	912.9885108448492	1.0	1.0	1.0	1.0	1.0	1.0	1.0
89.0	912.9885108448492	2.0	1.0	1.0	1.0	1.0	1.0	1.0
89.0	912.9885108448492	3.0	5.8446555291761794e-05	3.3222517331339545e-05	6.889588701252045e-05	0.0010819346419368124	0.00020142849938053106	0.00017244062078646124
89.0	912.9885108448492	4.0	2.4176825865599507e-05	1.779093257680866e-05	2.8787531980208133e-05	0.0004516028053791409	8.410881623488922e-05	4.908999459897503e-05
90.0	924.0877827326134	1.0	1.0	1.0	1.0	1.0	1.0	1.0
90.0	924.0877827326134	2.0	1.0	1.0	1.0	1.0	1.0	1.0
90.0	924.0877827326134	3.0	5.542659926737233e-05	3.199713661055288e-05	6.592161831436113e-05	0.0010348867494575638	0.00019388713905953974	0.0001632756296079599
90.0	924.0877827326134	4.0	2.2960177755681665e-05	1.7109619542531614e-05	2.7592195303461208e-05	0.0004326068571733654	8.105608116438254e-05	4.6754913433262175e-05
91.0	935.1870546203776	1.0	1.0	1.0	1.0	1.0	1.0	1.0
91.0	935.1870546203776	2.0	1.0	1.0	1.0	1.0	1.0	1.0
91.0	935.1870546203776	3.0	4.969951460182703e-05	2.921228352380115e-05	5.965323690826675e-05	0.0009360797190504685	0.00017673792056217442	0.0001457154943901802
91.0	935.1870546203776	4.0	2.0617540274793294e-05	1.557399610608272e-05	2.5010415660468267e-05	0.00039187342433589595	7.393830713094348e-05	4.210760930352465e-05
92.0	946.2863265081418	1.0	1.0	1.0	1.0	1.0	1.0	1.0
92.0	946.2863265081418	2.0	1.0	1.0	1.0	1.0	1.0	1.0
92.0	946.2863265081418	3.0	4.181389769849099e-05	2.5117751136098897e-05	5.066318092223246e-05	0.0007945798475800828	0.0001513463122340938	0.00012133597875207987
92.0	946.2863265081418	4.0	1.7372336740530983e-05	1.3318115536543625e-05	2.1275801277017758e-05	0.0003331117609707311	6.33365036537177e-05	3.55727772046075e-05
93.0	957.385598395906	1.0	1.0	1.0	1.0	1.0	1.0	1.0
93.0	957.385598395906	2.0	1.0	1.0	1.0	1.0	1.0	1.0
93.0	957.385598395906	3.0	3.289767586668161e-05	2.02929560404428e-05	4.0250818081175437e-05	0.0006308472981512642	0.00012124978546511705	9.372757891715418e-05
93.0	957.385598395906	4.0	1.3690263482616558e-05	1.0665968951932753e-05	1.6930133297228682e-05	0.00026484959581847843	5.0757414737353823e-05	2.805534880241955e-05
94.0	968.4848702836701	1.0	1.0	1.0	1.0	1.0	1.0	1.0
94.0	968.4848702836701	2.0	1.0	1.0	1.0	1.0	1.0	1.0
94.0	968.4848702836701	3.0	2.4633042200915952e-05	1.5679642410224158e-05	3.0446185503397758e-05	0.0004767697670128063	9.242040050778349e-05	6.840639622511559e-05
95.0	979.5841421714343	1.0	1.0	1.0	1.0	1.0	1.0	1.0
95.0	979.5841421714343	2.0	1.0	1.0	1.0	1.0	1.0	1.0
95.0	979.5841421714343	3.0	1.9082338303739854e-05	1.2772092839702598e-05	2.3850838996008278e-05	0.00037304291783013223	7.285609134782798e-05	5.073685166074714e-05
96.0	990.6834140591985	1.0	1.0	1.0	1.0	1.0	1.0	1.0
96.0	990.6834140591985	2.0	1.0	1.0	1.0	1.0	1.0	1.0
96.0	990.6834140591985	3.0	1.412981948379083e-05	9.863239250135625e-06	1.7856859553500835e-05	0.0002789334408988035	5.4861420485083346e-05	3.644610384734547e-05
97.0	1001.7826859469627	1.0	1.0	1.0	1.0	1.0	1.0	1.0
97.0	1001.7826859469627	2.0	1.0	1.0	1.0	1.0	1.0	1.0
97.0	1001.7826859469627	3.0	1.051160039712928e-05	7.698486815316484e-06	1.3438172780512712e-05	0.000209597212526622	4.149831183581579e-05	2.6319995585029375e-05
98.0	1012.8819578347269	1.0	1.0	1.0	1.0	1.0	1.0	1.0
98.0	1012.8819578347269	2.0	1.0	1.0	1.0	1.0	1.0	1.0
98.0	1012.8819578347269	3.0	7.827303270127445e-06	6.082024628458769e-06	1.0130258224387973e-05	0.00015772313371914258	3.14224454643657e-05	1.8934524874946825e-05
99.0	1023.9812297224911	1.0	1.0	1.0	1.0	1.0	1.0	1.0
99.0	1023.9812297224911	2.0	1.0	1.0	1.0	1.0	1.0	1.0
99.0	1023.9812297224911	3.0	5.691857770643867e-06	4.680043500994361e-06	7.457953015100825e-06	0.00011589576806988177	2.3232724138004965e-05	1.3319610948405743e-05
100.0	1035.0805016102552	1.0	1.0	1.0	1.0	1.0	1.0	1.0
100.0	1035.0805016102552	2.0	1.0	1.0	1.0	1.0	1.0	1.0
100.0	1035.0805016102552	3.0	3.6396413765255225e-06	2.960584710225128e-06	4.811192842969332e-06	7.468400187711391e-05	1.5093152463820866e-05	8.55735704727904e-06
101.0	1046.1797734980194	1.0	1.0	1.0	1.0	1.0	1.0	1.0
101.0	1046.1797734980194	2.0	1.0	1.0	1.0	1.0	1.0	1.0
101.0	1046.1797734980194	3.0	1.8190912407014192e-06	1.3227325408977058e-06	2.4138865895493142e-06	3.7482901626838665e-05	7.658016627561404e-06	4.545291781219334e-06
102.0	1057.2790453857835	1.0	1.0	1.0	1.0	1.0	1.0	1.0
102.0	1057.2790453857835	2.0	1.0	1.0	1.0	1.0	1.0	1.0
102.0	1057.2790453857835	3.0	9.619650781276286e-09	3.972815504042177e-07	4.973804143029135e-08	1.1660871846268146e-06	1.997826564903115e-08	7.31884137902924e-07
103.0	1068.3783172735477	1.0	1.0	1.0	1.0	1.0	1.0	1.0
103.0	1068.3783172735477	2.0	1.0	1.0	1.0	1.0	1.0	1.0
103.0	1068.3783172735477	3.0	1.65873048166911e-06	1.9340348767812375e-06	2.3131483652779775e-06	3.5522836583160375e-05	7.259906139755227e-06	2.8336340411176956e-06
104.0	1079.477589161312	1.0	1.0	1.0	1.0	1.0	1.0	1.0
104.0	1079.477589161312	2.0	1.0	1.0	1.0	1.0	1.0	1.0
104.0	1079.477589161312	3.0	2.8357694299244365e-06	2.7061655353901697e-06	3.940119930765216e-06	6.0629137375142456e-05	1.2595575546021309e-05	5.704006231739843e-06
105.0	1090.5768610490761	1.0	1.0	1.0	1.0	1.0	1.0	1.0
105.0	1090.5768610490761	2.0	1.0	1.0	1.0	1.0	1.0	1.0
105.0	1090.5768610490761	3.0	3.964425583543304e-06	3.3793852821131225e-06	5.52845332096642e-06	8.509703244633249e-05	1.789928056685217e-05	8.499696156650285e-06
106.0	1101.6761329368403	1.0	1.0	1.0	1.0	1.0	1.0	1.0
106.0	1101.6761329368403	2.0	1.0	1.0	1.0	1.0	1.0	1.0
106.0	1101.6761329368403	3.0	5.169479037500897e-06	4.114525645879704e-06	7.257519881904507e-06	0.00011165427487144601	2.3745021386326565e-05	1.1414238078709378e-05
107.0	1112.7754048246045	1.0	1.0	1.0	1.0	1.0	1.0	1.0
107.0	1112.7754048246045	2.0	1.0	1.0	1.0	1.0	1.0	1.0
107.0	1112.7754048246045	3.0	6.536305132229208e-06	5.023367178416323e-06	9.257117519166556e-06	0.00014225299478257128	3.0563432929381674e-05	1.4585144405354152e-05
108.0	1123.8746767123687	1.0	1.0	1.0	1.0	1.0	1.0	1.0
108.0	1123.8746767123687	2.0	1.0	1.0	1.0	1.0	1.0	1.0
108.0	1123.8746767123687	3.0	8.079692388717426e-06	6.121931656656868e-06	1.1557602023914882e-05	0.0001773232096838471	3.847876919483889e-05	1.8045639598865665e-05
109.0	1134.9739486001329	1.0	1.0	1.0	1.0	1.0	1.0	1.0
109.0	1134.9739486001329	2.0	1.0	1.0	1.0	1.0	1.0	1.0
109.0	1134.9739486001329	3.0	9.766973717158923e-06	7.372805153788492e-06	1.4120075579813252e-05	0.00021623976952027583	4.7392917519140454e-05	2.174465265378749e-05
110.0	1146.073220487897	1.0	1.0	1.0	1.0	1.0	1.0	1.0
110.0	1146.073220487897	2.0	1.0	1.0	1.0	1.0	1.0	1.0
110.0	1146.073220487897	3.0	1.1533525016933499e-05	8.724424989366452e-06	1.685809560186187e-05	0.0002576494217498888	5.704161800035013e-05	2.5552796583860162e-05
111.0	1157.1724923756612	1.0	1.0	1.0	1.0	1.0	1.0	1.0
111.0	1157.1724923756612	2.0	1.0	1.0	1.0	1.0	1.0	1.0
111.0	1157.1724923756612	3.0	1.3303141129872104e-05	1.0118442051377847e-05	1.9664410412618915e-05	0.00029988944587090754	6.70812213591582e-05	2.9312088731281135e-05
112.0	1168.2717642634254	1.0	1.0	1.0	1.0	1.0	1.0	1.0
112.0	1168.2717642634254	2.0	1.0	1.0	1.0	1.0	1.0	1.0
112.0	1168.2717642634254	3.0	1.5033610189752958e-05	1.1520596139572756e-05	2.2477597252563864e-05	0.00034200762201286593	7.731554983973662e-05	3.293617745491628e-05
113.0	1179.3710361511896	1.0	1.0	1.0	1.0	1.0	1.0	1.0
113.0	1179.3710361511896	2.0	1.0	1.0	1.0	1.0	1.0	1.0
113.0	1179.3710361511896	3.0	1.6731875703487876e-05	1.2933749428288244e-05	2.5307776678002586e-05	0.0003841450374218921	8.779088579819566e-05	3.643718750595768e-05
114.0	1190.4703080389538	1.0	1.0	1.0	1.0	1.0	1.0	1.0
114.0	1190.4703080389538	2.0	1.0	1.0	1.0	1.0	1.0	1.0
114.0	1190.4703080389538	3.0	1.842247739870245e-05	1.4376740034567247e-05	2.8192758744574274e-05	0.00042685812820493946	9.865105277759288e-05	3.985585443942423e-05
115.0	1201.569579926718	1.0	1.0	1.0	1.0	1.0	1.0	1.0
115.0	1201.569579926718	2.0	1.0	1.0	1.0	1.0	1.0	1.0
115.0	1201.569579926718	3.0	2.008910858460288e-05	1.58396005978127e-05	3.110927605121666e-05	0.00046977170628494845	0.00010982781786803053	4.314067858012323e-05
116.0	1212.6688518144822	1.0	1.0	1.0	1.0	1.0	1.0	1.0
116.0	1212.6688518144822	2.0	1.0	1.0	1.0	1.0	1.0	1.0
116.0	1212.6688518144822	3.0	2.169171200792295e-05	1.72923150344261e-05	3.399574538630952e-05	0.0005119352551380577	0.0001211150480578097	4.619942581480132e-05
116.0	1212.6688518144822	4.0	9.062214990075065e-06	9.685146555867295e-06	1.4509482445573818e-05	0.00021678296355771596	5.0729669518647007e-05	1.5483062610303607e-05
117.0	1223.7681237022464	1.0	1.0	1.0	1.0	1.0	1.0	1.0
117.0	1223.7681237022464	2.0	1.0	1.0	1.0	1.0	1.0	1.0
117.0	1223.7681237022464	3.0	2.2297111804826116e-05	1.7678708560209088e-05	3.533239719595433e-05	0.0005307381696655364	0.00012717832097133036	4.7492658804576944e-05
117.0	1223.7681237022464	4.0	9.289621147136386e-06	1.0049076489509887e-05	1.5063805926580585e-05	0.0002243184387545864	5.3128286693697344e-05	1.569238049323829e-05
118.0	1234.8673955900106	1.0	1.0	1.0	1.0	1.0	1.0	1.0
118.0	1234.8673955900106	2.0	1.0	1.0	1.0	1.0	1.0	1.0
118.0	1234.8673955900106	3.0	2.3573914337240313e-05	1.8891195305935357e-05	3.781274132741006e-05	0.0005662855409917264	0.00013742990109544306	4.9768182790255075e-05
118.0	1234.8673955900106	4.0	9.799018263316637e-06	1.076120000046937e-05	1.6099810508396675e-05	0.0002388840075118422	5.7279258811074736e-05	1.6335873542870074e-05
119.0	1245.9666674777748	1.0	1.0	1.0	1.0	1.0	1.0	1.0
119.0	1245.9666674777748	2.0	1.0	1.0	1.0	1.0	1.0	1.0
119.0	1245.9666674777748	3.0	2.4742985587960388e-05	2.006834102863158e-05	4.018266148419179e-05	0.0005998523527086452	0.00014749464583339284	5.172472190927906e-05
119.0	1245.9666674777748	4.0	1.0258830745977378e-05	1.144367415686929e-05	1.708214165314112e-05	0.00025249232025264444	6.131824420362664e-05	1.6865853427681215e-05
120.0	1257.065939365539	1.0	1.0	1.0	1.0	1.0	1.0	1.0
120.0	1257.065939365539	2.0	1.0	1.0	1.0	1.0	1.0	1.0
120.0	1257.065939365539	3.0	2.5769372450387003e-05	2.1165947963626326e-05	4.237940422791882e-05	0.0006305047565521534	0.00015714729261952386	5.331118585885624e-05
120.0	1257.065939365539	4.0	1.065399113021704e-05	1.2076957608187919e-05	1.7983380532133097e-05	0.00026473748197332765	6.51460250374442e-05	1.7260529249335693e-05
121.0	1268.1652112533031	1.0	1.0	1.0	1.0	1.0	1.0	1.0
121.0	1268.1652112533031	2.0	1.0	1.0	1.0	1.0	1.0	1.0
121.0	1268.1652112533031	3.0	2.6673858741268538e-05	2.2196989053054577e-05	4.443169806966444e-05	0.0006586677856847214	0.0001664925721519491	5.4576269938987986e-05
121.0	1268.1652112533031	4.0	1.099291739268834e-05	1.266856723450802e-05	1.8814885997089924e-05	0.0002757896690642661	6.880201861874088e-05	1.7535885392265744e-05
122.0	1279.2644831410673	1.0	1.0	1.0	1.0	1.0	1.0	1.0
122.0	1279.2644831410673	2.0	1.0	1.0	1.0	1.0	1.0	1.0
122.0	1279.2644831410673	3.0	2.748249540121052e-05	2.318171398656871e-05	4.637911484518508e-05	0.0006849188712484626	0.0001756805003996553	5.558033088452129e-05
122.0	1279.2644831410673	4.0	1.128616660849868e-05	1.3229295126530097e-05	1.959231880928196e-05	0.000285881424359996	7.234368321108266e-05	1.771213467283413e-05
123.0	1290.3637550288315	1.0	1.0	1.0	1.0	1.0	1.0	1.0
123.0	1290.3637550288315	2.0	1.0	1.0	1.0	1.0	1.0	1.0
123.0	1290.3637550288315	3.0	2.822282732989857e-05	2.4142922705597204e-05	4.826602741529897e-05	0.0007098976906571241	0.0001848904418476936	5.6381097967938735e-05
123.0	1290.3637550288315	4.0	1.1544809928739092e-05	1.3771321304492987e-05	2.0333070742128965e-05	0.00029526880951176617	7.583915179896312e-05	1.7807864885868816e-05
124.0	1299.243172539043	1.0	1.0	1.0	1.0	1.0	1.0	1.0
124.0	1299.243172539043	2.0	1.0	1.0	1.0	1.0	1.0	1.0
124.0	1299.243172539043	3.0	2.3470304700482995e-05	1.976828041090567e-05	4.049423410818933e-05	0.0005099949500029184	0.00015608506675442377	3.993441893573039e-05
124.0	1299.243172539043	4.0	9.53311678285011e-06	1.1114704943176894e-05	1.6926348453859673e-05	0.00021014787936602443	6.356506473725414e-05	1.2690820640756039e-05
125.0	1306.346706547212	1.0	1.0	1.0	1.0	1.0	1.0	1.0
125.0	1306.346706547212	2.0	1.0	1.0	1.0	1.0	1.0	1.0
125.0	1306.346706547212	3.0	1.9414200649799894e-05	1.600110134323359e-05	3.372046863479525e-05	0.00036033578585169983	0.00013065473859107498	2.8258087842023958e-05
126.0	1312.0295337537473	1.0	1.0	1.0	1.0	1.0	1.0	1.0
126.0	1312.0295337537473	2.0	1.0	1.0	1.0	1.0	1.0	1.0
126.0	1312.0295337537473	3.0	1.6866494563970022e-05	1.3821231318062944e-05	2.9482826989420944e-05	0.000264897918497136	0.00011459435269867251	2.084479685112369e-05
127.0	1316.5757955189754	1.0	1.0	1.0	1.0	1.0	1.0	1.0
127.0	1316.5757955189754	2.0	1.0	1.0	1.0	1.0	1.0	1.0
127.0	1316.5757955189754	3.0	1.408736880220537e-05	1.1234262485331078e-05	2.4711671344466677e-05	0.00018551563647313556	9.641921343352183e-05	1.4955563080789682e-05
128.0	1320.212804931158	1.0	1.0	1.0	1.0	1.0	1.0	1.0
128.0	1320.212804931158	2.0	1.0	1.0	1.0	1.0	1.0	1.0
128.0	1320.212804931158	3.0	1.1698570085613902e-05	9.027918613994644e-06	2.0563511207340642e-05	0.00012822407483444273	8.052728510703187e-05	1.0697907759673702e-05
129.0	1323.1224124609041	1.0	1.0	1.0	1.0	1.0	1.0	1.0
129.0	1323.1224124609041	2.0	1.0	1.0	1.0	1.0	1.0	1.0
129.0	1323.1224124609041	3.0	9.668740471215132e-06	7.186776991143492e-06	1.7010255372916923e-05	8.765568820837931e-05	6.684718695134182e-05	7.627330515842038e-06
130.0	1325.8972304328452	1.0	1.0	1.0	1.0	1.0	1.0	1.0
130.0	1325.8972304328452	2.0	1.0	1.0	1.0	1.0	1.0	1.0
130.0	1325.8972304328452	3.0	9.360423782678266e-06	6.892537264208652e-06	1.6513019550892903e-05	8.15909203195459e-05	6.512695393644431e-05	7.14388771394853e-06
131.0	1328.6720484047862	1.0	1.0	1.0	1.0	1.0	1.0	1.0
131.0	1328.6720484047862	2.0	1.0	1.0	1.0	1.0	1.0	1.0
131.0	1328.6720484047862	3.0	9.579187150955833e-06	7.074080903097853e-06	1.6960105008782567e-05	8.368309061224037e-05	6.711575568749236e-05	7.280460756281574e-06
132.0	1331.4468663767273	1.0	1.0	1.0	1.0	1.0	1.0	1.0
132.0	1331.4468663767273	2.0	1.0	1.0	1.0	1.0	1.0	1.0
132.0	1331.4468663767273	3.0	9.843061655614623e-06	7.300512470505189e-06	1.7492346459128745e-05	8.618020541423538e-05	6.945328927216848e-05	7.444672680110537e-06
133.0	1334.2216843486683	1.0	1.0	1.0	1.0	1.0	1.0	1.0
133.0	1334.2216843486683	2.0	1.0	1.0	1.0	1.0	1.0	1.0
133.0	1334.2216843486683	3.0	1.0120689810798236e-05	7.540834618504869e-06	1.8053484778219972e-05	8.880915642121357e-05	7.192379860173159e-05	7.616583029515083e-06
134.0	1336.9965023206094	1.0	1.0	1.0	1.0	1.0	1.0	1.0
134.0	1336.9965023206094	2.0	1.0	1.0	1.0	1.0	1.0	1.0
134.0	1336.9965023206094	3.0	1.0402829914552484e-05	7.787446451926833e-06	1.8627169298140255e-05	9.14895444076045e-05	7.446407301879947e-05	7.78976710628394e-06
135.0	1339.7713202925504	1.0	1.0	1.0	1.0	1.0	1.0	1.0
135.0	1339.7713202925504	2.0	1.0	1.0	1.0	1.0	1.0	1.0
135.0	1339.7713202925504	3.0	1.0689348513728687e-05	8.039728453511637e-06	1.921322171538844e-05	9.422059191418431e-05	7.707488750476299e-05	7.964389982352257e-06
136.0	1342.5461382644914	1.0	1.0	1.0	1.0	1.0	1.0	1.0
136.0	1342.5461382644914	2.0	1.0	1.0	1.0	1.0	1.0	1.0
136.0	1342.5461382644914	3.0	1.0973492766650045e-05	8.292053279306275e-06	1.9799521057315856e-05	9.69432360790891e-05	7.970895767606687e-05	8.136003352929528e-06
137.0	1345.3209562364325	1.0	1.0	1.0	1.0	1.0	1.0	1.0
137.0	1345.3209562364325	2.0	1.0	1.0	1.0	1.0	1.0	1.0
137.0	1345.3209562364325	3.0	1.1251625395784848e-05	8.540136133175085e-06	2.0379279524622767e-05	9.962531989904196e-05	8.234055297165088e-05	8.302533704411424e-06
138.0	1348.0957742083735	1.0	1.0	1.0	1.0	1.0	1.0	1.0
138.0	1348.0957742083735	2.0	1.0	1.0	1.0	1.0	1.0	1.0
138.0	1348.0957742083735	3.0	1.1523071636022173e-05	8.783260385398942e-06	2.095118960859627e-05	0.00010226060859302126	8.496477500027642e-05	8.463550626167652e-06
139.0	1350.8705921803146	1.0	1.0	1.0	1.0	1.0	1.0	1.0
139.0	1350.8705921803146	2.0	1.0	1.0	1.0	1.0	1.0	1.0
139.0	1350.8705921803146	3.0	1.1788452893831461e-05	9.022218584782012e-06	2.1516330145583203e-05	0.00010485429821348678	8.758652900813626e-05	8.619412124894602e-06
140.0	1353.6454101522556	1.0	1.0	1.0	1.0	1.0	1.0	1.0
140.0	1353.6454101522556	2.0	1.0	1.0	1.0	1.0	1.0	1.0
140.0	1353.6454101522556	3.0	1.2055423671339574e-05	9.265060698456727e-06	2.208890017075027e-05	0.00010747400066572864	9.026300761931094e-05	8.775153637143065e-06
141.0	1356.4202281241967	1.0	1.0	1.0	1.0	1.0	1.0	1.0
141.0	1356.4202281241967	2.0	1.0	1.0	1.0	1.0	1.0	1.0
141.0	1356.4202281241967	3.0	1.231924554608724e-05	9.51308376232414e-06	2.2660955720858932e-05	0.00011007748762641327	9.29592451769493e-05	8.92622487256731e-06
142.0	1359.1950460961377	1.0	1.0	1.0	1.0	1.0	1.0	1.0
142.0	1359.1950460961377	2.0	1.0	1.0	1.0	1.0	1.0	1.0
142.0	1359.1950460961377	3.0	1.257392121277633e-05	9.76016318090251e-06	2.322130523316688e-05	0.0001126110716989588	9.563037011456565e-05	9.069079114377393e-06
143.0	1361.9698640680788	1.0	1.0	1.0	1.0	1.0	1.0	1.0
143.0	1361.9698640680788	2.0	1.0	1.0	1.0	1.0	1.0	1.0
143.0	1361.9698640680788	3.0	1.281842172320839e-05	1.0000243060089382e-05	2.3767063912599098e-05	0.00011506463819972689	9.826801636890561e-05	9.20454010444137e-06
144.0	1364.7446820400198	1.0	1.0	1.0	1.0	1.0	1.0	1.0
144.0	1364.7446820400198	2.0	1.0	1.0	1.0	1.0	1.0	1.0
144.0	1364.7446820400198	3.0	1.3053094055173779e-05	1.0238572378282018e-05	2.4299567556183073e-05	0.00011744117170523768	0.00010087388174993112	9.331497227582764e-06
145.0	1367.5195000119609	1.0	1.0	1.0	1.0	1.0	1.0	1.0
145.0	1367.5195000119609	2.0	1.0	1.0	1.0	1.0	1.0	1.0
145.0	1367.5195000119609	3.0	1.326928179008812e-05	1.0463450027352483e-05	2.4801809815371084e-05	0.00011966218623338977	0.00010338018046707732	9.44498415901698e-06
146.0	1370.294317983902	1.0	1.0	1.0	1.0	1.0	1.0	1.0
146.0	1370.294317983902	2.0	1.0	1.0	1.0	1.0	1.0	1.0
146.0	1370.294317983902	3.0	1.3468430253872766e-05	1.0673713763196812e-05	2.527580681356636e-05	0.00012173953293522336	0.000105795976258716	9.546659683306108e-06
147.0	1373.069135955843	1.0	1.0	1.0	1.0	1.0	1.0	1.0
147.0	1373.069135955843	2.0	1.0	1.0	1.0	1.0	1.0	1.0
147.0	1373.069135955843	3.0	1.3653063286263565e-05	1.0874976312134558e-05	2.572656609436563e-05	0.0001236951182242961	0.00010813911707359976	9.636895371641893e-06
148.0	1375.843953927784	1.0	1.0	1.0	1.0	1.0	1.0	1.0
148.0	1375.843953927784	2.0	1.0	1.0	1.0	1.0	1.0	1.0
148.0	1375.843953927784	3.0	1.383034362134221e-05	1.1076435468991782e-05	2.616796883851731e-05	0.00012559334342685544	0.00011046567539166522	9.71948083490297e-06
149.0	1378.618771899725	1.0	1.0	1.0	1.0	1.0	1.0	1.0
149.0	1378.618771899725	2.0	1.0	1.0	1.0	1.0	1.0	1.0
149.0	1378.618771899725	3.0	1.4001626803172608e-05	1.1280701847375313e-05	2.6602750864631407e-05	0.0001274462721300861	0.00011278615809522741	9.794691497169536e-06
150.0	1381.393589871666	1.0	1.0	1.0	1.0	1.0	1.0	1.0
150.0	1381.393589871666	2.0	1.0	1.0	1.0	1.0	1.0	1.0
150.0	1381.393589871666	3.0	1.4168456668044326e-05	1.1490697537507554e-05	2.7034085223125116e-05	0.00012926777787114425	0.00011511400158057935	9.863093297639873e-06
151.0	1384.1684078436072	1.0	1.0	1.0	1.0	1.0	1.0	1.0
151.0	1384.1684078436072	2.0	1.0	1.0	1.0	1.0	1.0	1.0
151.0	1384.1684078436072	3.0	1.4330437744279969e-05	1.1701663048952765e-05	2.746056692129919e-05	0.0001310542485184134	0.00011744676995492725	9.925682038351402e-06
152.0	1386.9432258155482	1.0	1.0	1.0	1.0	1.0	1.0	1.0
152.0	1386.9432258155482	2.0	1.0	1.0	1.0	1.0	1.0	1.0
152.0	1386.9432258155482	3.0	1.448644793820693e-05	1.1909389707705595e-05	2.787946148465753e-05	0.00013279495932202375	0.00011977594375202696	9.982506633582638e-06
153.0	1389.7180437874893	1.0	1.0	1.0	1.0	1.0	1.0	1.0
153.0	1389.7180437874893	2.0	1.0	1.0	1.0	1.0	1.0	1.0
153.0	1389.7180437874893	3.0	1.4637496965492281e-05	1.211517718029918e-05	2.8292750809817855e-05	0.00013449903051051648	0.00012211028123308132	1.0034116453049746e-05
154.0	1392.4928617594303	1.0	1.0	1.0	1.0	1.0	1.0	1.0
154.0	1392.4928617594303	2.0	1.0	1.0	1.0	1.0	1.0	1.0
154.0	1392.4928617594303	3.0	1.4783562419960632e-05	1.2319515828238188e-05	2.870047090882708e-05	0.0001361662429040522	0.0001244504307922295	1.0080832879553338e-05
155.0	1395.2676797313713	1.0	1.0	1.0	1.0	1.0	1.0	1.0
155.0	1395.2676797313713	2.0	1.0	1.0	1.0	1.0	1.0	1.0
155.0	1395.2676797313713	3.0	1.4923579453913059e-05	1.2520384272223581e-05	2.910033700797305e-05	0.00013778656921730083	0.00012678783989372779	1.0122426431362802e-05
156.0	1398.0424977033124	1.0	1.0	1.0	1.0	1.0	1.0	1.0
156.0	1398.0424977033124	2.0	1.0	1.0	1.0	1.0	1.0	1.0
156.0	1398.0424977033124	3.0	1.5057628767748611e-05	1.2717361385519253e-05	2.9492374672382893e-05	0.00013936051636158825	0.00012912376299171048	1.0159262705941167e-05
157.0	1400.8173156752534	1.0	1.0	1.0	1.0	1.0	1.0	1.0
157.0	1400.8173156752534	2.0	1.0	1.0	1.0	1.0	1.0	1.0
157.0	1400.8173156752534	3.0	1.5187300898049971e-05	1.2912082657982842e-05	2.987972283276166e-05	0.0001409027355365062	0.00013147254849250902	1.0192534836776971e-05
158.0	1403.5921336471945	1.0	1.0	1.0	1.0	1.0	1.0	1.0
158.0	1403.5921336471945	2.0	1.0	1.0	1.0	1.0	1.0	1.0
158.0	1403.5921336471945	3.0	1.5315922062713442e-05	1.3107548451558415e-05	3.026895793607202e-05	0.00014244400826275724	0.00013386483619969863	1.0224503054949455e-05
159.0	1406.3669516191355	1.0	1.0	1.0	1.0	1.0	1.0	1.0
159.0	1406.3669516191355	2.0	1.0	1.0	1.0	1.0	1.0	1.0
159.0	1406.3669516191355	3.0	1.5445230157371814e-05	1.3305113737298343e-05	3.0663570934819686e-05	0.00014400063542686337	0.0001363180179767585	1.0256501559915292e-05
160.0	1409.1417695910766	1.0	1.0	1.0	1.0	1.0	1.0	1.0
160.0	1409.1417695910766	2.0	1.0	1.0	1.0	1.0	1.0	1.0
160.0	1409.1417695910766	3.0	1.557597111111486e-05	1.3505287130088811e-05	3.106513990702975e-05	0.00014557983101908204	0.0001388418050090556	1.0288532399724252e-05
161.0	1411.9165875630176	1.0	1.0	1.0	1.0	1.0	1.0	1.0
161.0	1411.9165875630176	2.0	1.0	1.0	1.0	1.0	1.0	1.0
161.0	1411.9165875630176	3.0	1.5706973891312875e-05	1.3707284917738785e-05	3.1471487971611236e-05	0.00014717096333805222	0.0001414272523840602	1.0320023914859628e-05
162.0	1414.6914055349587	1.0	1.0	1.0	1.0	1.0	1.0	1.0
162.0	1414.6914055349587	2.0	1.0	1.0	1.0	1.0	1.0	1.0
162.0	1414.6914055349587	3.0	1.5825465019365288e-05	1.3900753222738002e-05	3.185715492829208e-05	0.000148654392034837	0.00014395945349485615	1.0342144724242258e-05
163.0	1417.4662235068997	1.0	1.0	1.0	1.0	1.0	1.0	1.0
163.0	1417.4662235068997	2.0	1.0	1.0	1.0	1.0	1.0	1.0
163.0	1417.4662235068997	3.0	1.592202048933087e-05	1.407751692628112e-05	3.220289173243252e-05	0.00014994074605033833	0.00014634941831551465	1.0347681336216158e-05
164.0	1420.2410414788408	1.0	1.0	1.0	1.0	1.0	1.0	1.0
164.0	1420.2410414788408	2.0	1.0	1.0	1.0	1.0	1.0	1.0
164.0	1420.2410414788408	3.0	1.5985222402495228e-05	1.4227443029349537e-05	3.2485029917631054e-05	0.0001509208957897409	0.0001484857826607409	1.0328557864074614e-05
165.0	1423.0158594507818	1.0	1.0	1.0	1.0	1.0	1.0	1.0
165.0	1423.0158594507818	2.0	1.0	1.0	1.0	1.0	1.0	1.0
165.0	1423.0158594507818	3.0	1.6003832247741638e-05	1.4339964579014673e-05	3.267974103098957e-05	0.00015148618235176934	0.00015025448251703967	1.0277597286215424e-05
166.0	1425.7906774227229	1.0	1.0	1.0	1.0	1.0	1.0	1.0
166.0	1425.7906774227229	2.0	1.0	1.0	1.0	1.0	1.0	1.0
166.0	1425.7906774227229	3.0	1.597044529455055e-05	1.440732963461239e-05	3.277052207823637e-05	0.00015156305787154573	0.0001515731939763111	1.0189605686234833e-05
167.0	1428.565495394664	1.0	1.0	1.0	1.0	1.0	1.0	1.0
167.0	1428.565495394664	2.0	1.0	1.0	1.0	1.0	1.0	1.0
167.0	1428.565495394664	3.0	1.5876342035565125e-05	1.4420720511899978e-05	3.273787133674192e-05	0.00015106473892042405	0.00015234099071777954	1.0058816451921916e-05
168.0	1431.340313366605	1.0	1.0	1.0	1.0	1.0	1.0	1.0
168.0	1431.340313366605	2.0	1.0	1.0	1.0	1.0	1.0	1.0
168.0	1431.340313366605	3.0	1.5700783192307864e-05	1.4360667970027079e-05	3.253707711437574e-05	0.0001497888815360213	0.00015233604413495233	9.87188833313449e-06
169.0	1434.115131338546	1.0	1.0	1.0	1.0	1.0	1.0	1.0
169.0	1434.115131338546	2.0	1.0	1.0	1.0	1.0	1.0	1.0
169.0	1434.115131338546	3.0	1.5421563443437442e-05	1.420572306862413e-05	3.211942614958192e-05	0.00014751688191109137	0.00015130975955895487	9.615453244259505e-06
170.0	1436.889949310487	1.0	1.0	1.0	1.0	1.0	1.0	1.0
170.0	1436.889949310487	2.0	1.0	1.0	1.0	1.0	1.0	1.0
170.0	1436.889949310487	3.0	1.501947970132558e-05	1.3936192492412484e-05	3.144140948567783e-05	0.00014405648452142845	0.0001490367567016184	9.280330169466365e-06
